{
    "name": "dmcas_lift",
    "revision": 0,
    "order": 0,
    "parameterMap": {
        "_NObs_": {
            "parameter": "_NObs_",
            "type": "num",
            "label": "Sum of Frequencies",
            "length": 8,
            "order": 9,
            "values": [
                "_NObs_"
            ],
            "preformatted": false
        },
        "_Depth_": {
            "parameter": "_Depth_",
            "type": "num",
            "label": "Depth",
            "length": 8,
            "order": 7,
            "values": [
                "_Depth_"
            ],
            "preformatted": false
        },
        "_CumRespBest_": {
            "parameter": "_CumRespBest_",
            "type": "num",
            "label": "Best Cumulative Captured Response Percentage",
            "length": 8,
            "order": 17,
            "values": [
                "_CumRespBest_"
            ],
            "preformatted": false
        },
        "_formattedPartition_": {
            "parameter": "_formattedPartition_",
            "type": "char",
            "label": "Formatted Partition",
            "length": 12,
            "order": 4,
            "values": [
                "_formattedPartition_"
            ],
            "preformatted": false
        },
        "_Column_": {
            "parameter": "_Column_",
            "type": "char",
            "label": "Analysis Variable",
            "length": 8,
            "order": 5,
            "values": [
                "_Column_"
            ],
            "preformatted": false
        },
        "_RespBest_": {
            "parameter": "_RespBest_",
            "type": "num",
            "label": "Best Captured Response Percentage",
            "length": 8,
            "order": 13,
            "values": [
                "_RespBest_"
            ],
            "preformatted": false
        },
        "_DataRole_": {
            "parameter": "_DataRole_",
            "type": "char",
            "label": "Data Role",
            "length": 10,
            "order": 2,
            "values": [
                "_DataRole_"
            ],
            "preformatted": false
        },
        "_CumResp_": {
            "parameter": "_CumResp_",
            "type": "num",
            "label": "Cumulative Captured Response Percentage",
            "length": 8,
            "order": 16,
            "values": [
                "_CumResp_"
            ],
            "preformatted": false
        },
        "_PctRespBest_": {
            "parameter": "_PctRespBest_",
            "type": "num",
            "label": "Best Response Percentage",
            "length": 8,
            "order": 21,
            "values": [
                "_PctRespBest_"
            ],
            "preformatted": false
        },
        "_Gain_": {
            "parameter": "_Gain_",
            "type": "num",
            "label": "Gain",
            "length": 8,
            "order": 24,
            "values": [
                "_Gain_"
            ],
            "preformatted": false
        },
        "_CumLift_": {
            "parameter": "_CumLift_",
            "type": "num",
            "label": "Cumulative Lift",
            "length": 8,
            "order": 18,
            "values": [
                "_CumLift_"
            ],
            "preformatted": false
        },
        "_Event_": {
            "parameter": "_Event_",
            "type": "char",
            "label": "Event",
            "length": 12,
            "order": 6,
            "values": [
                "_Event_"
            ],
            "preformatted": false
        },
        "_TargetName_": {
            "parameter": "_TargetName_",
            "type": "char",
            "label": "Target Name",
            "length": 6,
            "order": 1,
            "values": [
                "_TargetName_"
            ],
            "preformatted": false
        },
        "_PctResp_": {
            "parameter": "_PctResp_",
            "type": "num",
            "label": "Response Percentage",
            "length": 8,
            "order": 20,
            "values": [
                "_PctResp_"
            ],
            "preformatted": false
        },
        "_GainBest_": {
            "parameter": "_GainBest_",
            "type": "num",
            "label": "Best Gain",
            "length": 8,
            "order": 25,
            "values": [
                "_GainBest_"
            ],
            "preformatted": false
        },
        "_CumLiftBest_": {
            "parameter": "_CumLiftBest_",
            "type": "num",
            "label": "Best Cumulative Lift",
            "length": 8,
            "order": 19,
            "values": [
                "_CumLiftBest_"
            ],
            "preformatted": false
        },
        "_Lift_": {
            "parameter": "_Lift_",
            "type": "num",
            "label": "Lift",
            "length": 8,
            "order": 14,
            "values": [
                "_Lift_"
            ],
            "preformatted": false
        },
        "_CumPctResp_": {
            "parameter": "_CumPctResp_",
            "type": "num",
            "label": "Cumulative Response Percentage",
            "length": 8,
            "order": 22,
            "values": [
                "_CumPctResp_"
            ],
            "preformatted": false
        },
        "_NEventsBest_": {
            "parameter": "_NEventsBest_",
            "type": "num",
            "label": "Best Number of Events",
            "length": 8,
            "order": 11,
            "values": [
                "_NEventsBest_"
            ],
            "preformatted": false
        },
        "_CumPctRespBest_": {
            "parameter": "_CumPctRespBest_",
            "type": "num",
            "label": "Best Cumulative Response Percentage",
            "length": 8,
            "order": 23,
            "values": [
                "_CumPctRespBest_"
            ],
            "preformatted": false
        },
        "_Value_": {
            "parameter": "_Value_",
            "type": "num",
            "label": "Value",
            "length": 8,
            "order": 8,
            "values": [
                "_Value_"
            ],
            "preformatted": false
        },
        "_NEvents_": {
            "parameter": "_NEvents_",
            "type": "num",
            "label": "Number of Events",
            "length": 8,
            "order": 10,
            "values": [
                "_NEvents_"
            ],
            "preformatted": false
        },
        "_LiftBest_": {
            "parameter": "_LiftBest_",
            "type": "num",
            "label": "Best Lift",
            "length": 8,
            "order": 15,
            "values": [
                "_LiftBest_"
            ],
            "preformatted": false
        },
        "_PartInd_": {
            "parameter": "_PartInd_",
            "type": "num",
            "label": "Partition Indicator",
            "length": 8,
            "order": 3,
            "values": [
                "_PartInd_"
            ],
            "preformatted": false
        },
        "_Resp_": {
            "parameter": "_Resp_",
            "type": "num",
            "label": "Captured Response Percentage",
            "length": 8,
            "order": 12,
            "values": [
                "_Resp_"
            ],
            "preformatted": false
        }
    },
    "data": [
        {
            "dataMap": {
                "_NObs_": "0",
                "_Depth_": "0",
                "_CumRespBest_": "0",
                "_formattedPartition_": "           0",
                "_Column_": "predict",
                "_RespBest_": "0",
                "_DataRole_": "VALIDATE",
                "_CumResp_": "0",
                "_Event_": "1",
                "_TargetName_": "BAD",
                "_NEventsBest_": "0",
                "_Value_": "0",
                "_NEvents_": "0",
                "_PartInd_": "0",
                "_Resp_": "0"
            },
            "rowNumber": 1
        },
        {
            "dataMap": {
                "_NObs_": "26.0",
                "_Depth_": "5.0",
                "_CumRespBest_": "55.3191489361702",
                "_formattedPartition_": "           0",
                "_column_": "predict",
                "_RespBest_": "55.3191489361702",
                "_DataRole_": "VALIDATE",
                "_CumResp_": "53.1914893617021",
                "_PctRespBest_": "100.0",
                "_Gain_": "9.63829787234042",
                "_CumLift_": "10.6382978723404",
                "_Event_": "1",
                "_TargetName_": "BAD",
                "_PctResp_": "96.1538461538461",
                "_GainBest_": "10.063829787234",
                "_CumLiftBest_": "11.063829787234",
                "_Lift_": "10.6382978723404",
                "_CumPctResp_": "96.1538461538461",
                "_NEventsBest_": "26.0",
                "_CumPctRespBest_": "100.0",
                "_Value_": "0.28800000250339",
                "_NEvents_": "25.0",
                "_LiftBest_": "11.063829787234",
                "_PartInd_": "0",
                "_Resp_": "53.1914893617021"
            },
            "rowNumber": 2
        },
        {
            "dataMap": {
                "_NObs_": "26.0",
                "_Depth_": "10.0",
                "_CumRespBest_": "100.0",
                "_formattedPartition_": "           0",
                "_column_": "predict",
                "_RespBest_": "44.6808510638297",
                "_DataRole_": "VALIDATE",
                "_CumResp_": "68.0851063829787",
                "_PctRespBest_": "80.7692307692307",
                "_Gain_": "5.80851063829787",
                "_CumLift_": "6.80851063829787",
                "_Event_": "1",
                "_TargetName_": "BAD",
                "_PctResp_": "26.9230769230769",
                "_GainBest_": "9.0",
                "_CumLiftBest_": "10.0",
                "_Lift_": "2.97872340425531",
                "_CumPctResp_": "61.5384615384615",
                "_NEventsBest_": "21.0",
                "_CumPctRespBest_": "90.3846153846154",
                "_Value_": "0.0460000000894",
                "_NEvents_": "7.0",
                "_LiftBest_": "8.93617021276595",
                "_PartInd_": "0",
                "_Resp_": "14.8936170212765"
            },
            "rowNumber": 3
        },
        {
            "dataMap": {
                "_NObs_": "26.0",
                "_Depth_": "15.0",
                "_CumRespBest_": "100.0",
                "_formattedPartition_": "           0",
                "_column_": "predict",
                "_RespBest_": "0.0",
                "_DataRole_": "VALIDATE",
                "_CumResp_": "78.7234042553191",
                "_PctRespBest_": "0.0",
                "_Gain_": "4.2482269503546",
                "_CumLift_": "5.2482269503546",
                "_Event_": "1",
                "_TargetName_": "BAD",
                "_PctResp_": "19.2307692307692",
                "_GainBest_": "5.66666666666666",
                "_CumLiftBest_": "6.66666666666666",
                "_Lift_": "2.12765957446808",
                "_CumPctResp_": "47.4358974358974",
                "_NEventsBest_": "0.0",
                "_CumPctRespBest_": "60.2564102564102",
                "_Value_": "0.02550000045448",
                "_NEvents_": "5.0",
                "_LiftBest_": "0.0",
                "_PartInd_": "0",
                "_Resp_": "10.6382978723404"
            },
            "rowNumber": 4
        },
        {
            "dataMap": {
                "_NObs_": "26.0",
                "_Depth_": "20.0",
                "_CumRespBest_": "100.0",
                "_formattedPartition_": "           0",
                "_column_": "predict",
                "_RespBest_": "0.0",
                "_DataRole_": "VALIDATE",
                "_CumResp_": "78.7234042553191",
                "_PctRespBest_": "0.0",
                "_Gain_": "2.93617021276595",
                "_CumLift_": "3.93617021276595",
                "_Event_": "1",
                "_TargetName_": "BAD",
                "_PctResp_": "0.0",
                "_GainBest_": "4.0",
                "_CumLiftBest_": "5.0",
                "_Lift_": "0.0",
                "_CumPctResp_": "35.576923076923",
                "_NEventsBest_": "0.0",
                "_CumPctRespBest_": "45.1923076923077",
                "_Value_": "0.01550000021234",
                "_NEvents_": "0.0",
                "_LiftBest_": "0.0",
                "_PartInd_": "0",
                "_Resp_": "0.0"
            },
            "rowNumber": 5
        },
        {
            "dataMap": {
                "_NObs_": "26.0",
                "_Depth_": "25.0",
                "_CumRespBest_": "100.0",
                "_formattedPartition_": "           0",
                "_column_": "predict",
                "_RespBest_": "0.0",
                "_DataRole_": "VALIDATE",
                "_CumResp_": "80.8510638297872",
                "_PctRespBest_": "0.0",
                "_Gain_": "2.23404255319149",
                "_CumLift_": "3.23404255319149",
                "_Event_": "1",
                "_TargetName_": "BAD",
                "_PctResp_": "3.84615384615384",
                "_GainBest_": "3.0",
                "_CumLiftBest_": "4.0",
                "_Lift_": "0.42553191489361",
                "_CumPctResp_": "29.2307692307692",
                "_NEventsBest_": "0.0",
                "_CumPctRespBest_": "36.1538461538461",
                "_Value_": "0.00999999977648",
                "_NEvents_": "1.0",
                "_LiftBest_": "0.0",
                "_PartInd_": "0",
                "_Resp_": "2.12765957446808"
            },
            "rowNumber": 6
        },
        {
            "dataMap": {
                "_NObs_": "26.0",
                "_Depth_": "30.0",
                "_CumRespBest_": "100.0",
                "_formattedPartition_": "           0",
                "_column_": "predict",
                "_RespBest_": "0.0",
                "_DataRole_": "VALIDATE",
                "_CumResp_": "82.9787234042553",
                "_PctRespBest_": "0.0",
                "_Gain_": "1.76595744680851",
                "_CumLift_": "2.76595744680851",
                "_Event_": "1",
                "_TargetName_": "BAD",
                "_PctResp_": "3.84615384615384",
                "_GainBest_": "2.33333333333333",
                "_CumLiftBest_": "3.33333333333333",
                "_Lift_": "0.42553191489361",
                "_CumPctResp_": "25.0",
                "_NEventsBest_": "0.0",
                "_CumPctRespBest_": "30.1282051282051",
                "_Value_": "0.00700000021606",
                "_NEvents_": "1.0",
                "_LiftBest_": "0.0",
                "_PartInd_": "0",
                "_Resp_": "2.12765957446808"
            },
            "rowNumber": 7
        },
        {
            "dataMap": {
                "_NObs_": "26.0",
                "_Depth_": "35.0",
                "_CumRespBest_": "100.0",
                "_formattedPartition_": "           0",
                "_column_": "predict",
                "_RespBest_": "0.0",
                "_DataRole_": "VALIDATE",
                "_CumResp_": "85.1063829787234",
                "_PctRespBest_": "0.0",
                "_Gain_": "1.43161094224924",
                "_CumLift_": "2.43161094224924",
                "_Event_": "1",
                "_TargetName_": "BAD",
                "_PctResp_": "3.84615384615384",
                "_GainBest_": "1.85714285714285",
                "_CumLiftBest_": "2.85714285714285",
                "_Lift_": "0.42553191489361",
                "_CumPctResp_": "21.9780219780219",
                "_NEventsBest_": "0.0",
                "_CumPctRespBest_": "25.8241758241758",
                "_Value_": "0.00400000018998",
                "_NEvents_": "1.0",
                "_LiftBest_": "0.0",
                "_PartInd_": "0",
                "_Resp_": "2.12765957446808"
            },
            "rowNumber": 8
        },
        {
            "dataMap": {
                "_NObs_": "26.0",
                "_Depth_": "40.0",
                "_CumRespBest_": "100.0",
                "_formattedPartition_": "           0",
                "_column_": "predict",
                "_RespBest_": "0.0",
                "_DataRole_": "VALIDATE",
                "_CumResp_": "85.4514088556641",
                "_PctRespBest_": "0.0",
                "_Gain_": "1.1362852213916",
                "_CumLift_": "2.1362852213916",
                "_Event_": "1",
                "_TargetName_": "BAD",
                "_PctResp_": "0.62370062370062",
                "_GainBest_": "1.5",
                "_CumLiftBest_": "2.5",
                "_Lift_": "0.06900517538815",
                "_CumPctResp_": "19.3087318087318",
                "_NEventsBest_": "0.0",
                "_CumPctRespBest_": "22.5961538461538",
                "_Value_": "0.00300000002607",
                "_NEvents_": "0.16216216216216",
                "_LiftBest_": "0.0",
                "_PartInd_": "0",
                "_Resp_": "0.34502587694077"
            },
            "rowNumber": 9
        },
        {
            "dataMap": {
                "_NObs_": "26.0",
                "_Depth_": "45.0",
                "_CumRespBest_": "100.0",
                "_formattedPartition_": "           0",
                "_column_": "predict",
                "_RespBest_": "0.0",
                "_DataRole_": "VALIDATE",
                "_CumResp_": "88.4416331224841",
                "_PctRespBest_": "0.0",
                "_Gain_": "0.96536962494409",
                "_CumLift_": "1.96536962494409",
                "_Event_": "1",
                "_TargetName_": "BAD",
                "_PctResp_": "5.4054054054054",
                "_GainBest_": "1.22222222222222",
                "_CumLiftBest_": "2.22222222222222",
                "_Lift_": "0.598044853364",
                "_CumPctResp_": "17.7639177639177",
                "_NEventsBest_": "0.0",
                "_CumPctRespBest_": "20.08547008547",
                "_Value_": "0.00300000002607",
                "_NEvents_": "1.4054054054054",
                "_LiftBest_": "0.0",
                "_PartInd_": "0",
                "_Resp_": "2.99022426682001"
            },
            "rowNumber": 10
        },
        {
            "dataMap": {
                "_NObs_": "26.0",
                "_Depth_": "50.0",
                "_CumRespBest_": "100.0",
                "_formattedPartition_": "           0",
                "_column_": "predict",
                "_RespBest_": "0.0",
                "_DataRole_": "VALIDATE",
                "_CumResp_": "90.295796574987",
                "_PctRespBest_": "0.0",
                "_Gain_": "0.80591593149974",
                "_CumLift_": "1.80591593149974",
                "_Event_": "1",
                "_TargetName_": "BAD",
                "_PctResp_": "3.35175701029359",
                "_GainBest_": "0.99999999999999",
                "_CumLiftBest_": "2.0",
                "_Lift_": "0.37083269050056",
                "_CumPctResp_": "16.3227016885553",
                "_NEventsBest_": "0.0",
                "_CumPctRespBest_": "18.076923076923",
                "_Value_": "0.00200000009499",
                "_NEvents_": "0.87145682267633",
                "_LiftBest_": "0.0",
                "_PartInd_": "0",
                "_Resp_": "1.85416345250284"
            },
            "rowNumber": 11
        },
        {
            "dataMap": {
                "_NObs_": "26.0",
                "_Depth_": "55.0",
                "_CumRespBest_": "100.0",
                "_formattedPartition_": "           0",
                "_column_": "predict",
                "_RespBest_": "0.0",
                "_DataRole_": "VALIDATE",
                "_CumResp_": "91.6064805777864",
                "_PctRespBest_": "0.0",
                "_Gain_": "0.66557237414157",
                "_CumLift_": "1.66557237414157",
                "_Event_": "1",
                "_TargetName_": "BAD",
                "_PctResp_": "2.36931338967588",
                "_GainBest_": "0.81818181818181",
                "_CumLiftBest_": "1.81818181818181",
                "_Lift_": "0.26213680055988",
                "_CumPctResp_": "15.0542118432026",
                "_NEventsBest_": "0.0",
                "_CumPctRespBest_": "16.4335664335664",
                "_Value_": "0.00100000004749",
                "_NEvents_": "0.61602148131573",
                "_LiftBest_": "0.0",
                "_PartInd_": "0",
                "_Resp_": "1.31068400279942"
            },
            "rowNumber": 12
        },
        {
            "dataMap": {
                "_NObs_": "26.0",
                "_Depth_": "60.0",
                "_CumRespBest_": "100.0",
                "_formattedPartition_": "           0",
                "_column_": "predict",
                "_RespBest_": "0.0",
                "_DataRole_": "VALIDATE",
                "_CumResp_": "92.621510833496",
                "_PctRespBest_": "0.0",
                "_Gain_": "0.54369184722493",
                "_CumLift_": "1.54369184722493",
                "_Event_": "1",
                "_TargetName_": "BAD",
                "_PctResp_": "1.8348623853211",
                "_GainBest_": "0.66666666666666",
                "_CumLiftBest_": "1.66666666666666",
                "_Lift_": "0.2030060511419",
                "_CumPctResp_": "13.9525993883792",
                "_NEventsBest_": "0.0",
                "_CumPctRespBest_": "15.0641025641025",
                "_Value_": "0.00100000004749",
                "_NEvents_": "0.47706422018348",
                "_LiftBest_": "0.0",
                "_PartInd_": "0",
                "_Resp_": "1.01503025570954"
            },
            "rowNumber": 13
        },
        {
            "dataMap": {
                "_NObs_": "26.0",
                "_Depth_": "65.0",
                "_CumRespBest_": "100.0",
                "_formattedPartition_": "           0",
                "_column_": "predict",
                "_RespBest_": "0.0",
                "_DataRole_": "VALIDATE",
                "_CumResp_": "93.6365410892055",
                "_PctRespBest_": "0.0",
                "_Gain_": "0.44056217060316",
                "_CumLift_": "1.44056217060316",
                "_Event_": "1",
                "_TargetName_": "BAD",
                "_PctResp_": "1.8348623853211",
                "_GainBest_": "0.53846153846153",
                "_CumLiftBest_": "1.53846153846153",
                "_Lift_": "0.2030060511419",
                "_CumPctResp_": "13.0204657727593",
                "_NEventsBest_": "0.0",
                "_CumPctRespBest_": "13.9053254437869",
                "_Value_": "0.00100000004749",
                "_NEvents_": "0.47706422018348",
                "_LiftBest_": "0.0",
                "_PartInd_": "0",
                "_Resp_": "1.01503025570954"
            },
            "rowNumber": 14
        },
        {
            "dataMap": {
                "_NObs_": "26.0",
                "_Depth_": "70.0",
                "_CumRespBest_": "100.0",
                "_formattedPartition_": "           0",
                "_column_": "predict",
                "_RespBest_": "0.0",
                "_DataRole_": "VALIDATE",
                "_CumResp_": "94.6515713449151",
                "_PctRespBest_": "0.0",
                "_Gain_": "0.35216530492735",
                "_CumLift_": "1.35216530492735",
                "_Event_": "1",
                "_TargetName_": "BAD",
                "_PctResp_": "1.8348623853211",
                "_GainBest_": "0.42857142857142",
                "_CumLiftBest_": "1.42857142857142",
                "_Lift_": "0.2030060511419",
                "_CumPctResp_": "12.221494102228",
                "_NEventsBest_": "0.0",
                "_CumPctRespBest_": "12.9120879120879",
                "_Value_": "0.00100000004749",
                "_NEvents_": "0.47706422018348",
                "_LiftBest_": "0.0",
                "_PartInd_": "0",
                "_Resp_": "1.01503025570954"
            },
            "rowNumber": 15
        },
        {
            "dataMap": {
                "_NObs_": "26.0",
                "_Depth_": "75.0",
                "_CumRespBest_": "100.0",
                "_formattedPartition_": "           0",
                "_column_": "predict",
                "_RespBest_": "0.0",
                "_DataRole_": "VALIDATE",
                "_CumResp_": "95.6666016006246",
                "_PctRespBest_": "0.0",
                "_Gain_": "0.27555468800832",
                "_CumLift_": "1.27555468800832",
                "_Event_": "1",
                "_TargetName_": "BAD",
                "_PctResp_": "1.8348623853211",
                "_GainBest_": "0.33333333333333",
                "_CumLiftBest_": "1.33333333333333",
                "_Lift_": "0.2030060511419",
                "_CumPctResp_": "11.5290519877675",
                "_NEventsBest_": "0.0",
                "_CumPctRespBest_": "12.051282051282",
                "_Value_": "0.00100000004749",
                "_NEvents_": "0.47706422018348",
                "_LiftBest_": "0.0",
                "_PartInd_": "0",
                "_Resp_": "1.01503025570954"
            },
            "rowNumber": 16
        },
        {
            "dataMap": {
                "_NObs_": "26.0",
                "_Depth_": "80.0",
                "_CumRespBest_": "100.0",
                "_formattedPartition_": "           0",
                "_column_": "predict",
                "_RespBest_": "0.0",
                "_DataRole_": "VALIDATE",
                "_CumResp_": "96.5617021276596",
                "_PctRespBest_": "0.0",
                "_Gain_": "0.20702127659574",
                "_CumLift_": "1.20702127659574",
                "_Event_": "1",
                "_TargetName_": "BAD",
                "_PctResp_": "1.61806633733239",
                "_GainBest_": "0.24999999999999",
                "_CumLiftBest_": "1.25",
                "_Lift_": "0.17902010540698",
                "_CumPctResp_": "10.9096153846153",
                "_NEventsBest_": "0.0",
                "_CumPctRespBest_": "11.2980769230769",
                "_Value_": "0.0",
                "_NEvents_": "0.42069724770642",
                "_LiftBest_": "0.0",
                "_PartInd_": "0",
                "_Resp_": "0.89510052703494"
            },
            "rowNumber": 17
        },
        {
            "dataMap": {
                "_NObs_": "26.0",
                "_Depth_": "85.0",
                "_CumRespBest_": "100.0",
                "_formattedPartition_": "           0",
                "_column_": "predict",
                "_RespBest_": "0.0",
                "_DataRole_": "VALIDATE",
                "_CumResp_": "97.4468085106383",
                "_PctRespBest_": "0.0",
                "_Gain_": "0.14643304130162",
                "_CumLift_": "1.14643304130162",
                "_Event_": "1",
                "_TargetName_": "BAD",
                "_PctResp_": "1.6",
                "_GainBest_": "0.17647058823529",
                "_CumLiftBest_": "1.17647058823529",
                "_Lift_": "0.17702127659574",
                "_CumPctResp_": "10.3619909502262",
                "_NEventsBest_": "0.0",
                "_CumPctRespBest_": "10.6334841628959",
                "_Value_": "0.0",
                "_NEvents_": "0.416",
                "_LiftBest_": "0.0",
                "_PartInd_": "0",
                "_Resp_": "0.88510638297872"
            },
            "rowNumber": 18
        },
        {
            "dataMap": {
                "_NObs_": "26.0",
                "_Depth_": "90.0",
                "_CumRespBest_": "100.0",
                "_formattedPartition_": "           0",
                "_column_": "predict",
                "_RespBest_": "0.0",
                "_DataRole_": "VALIDATE",
                "_CumResp_": "98.331914893617",
                "_PctRespBest_": "0.0",
                "_Gain_": "0.09257683215129",
                "_CumLift_": "1.0925768321513",
                "_Event_": "1",
                "_TargetName_": "BAD",
                "_PctResp_": "1.6",
                "_GainBest_": "0.11111111111111",
                "_CumLiftBest_": "1.11111111111111",
                "_Lift_": "0.17702127659574",
                "_CumPctResp_": "9.87521367521367",
                "_NEventsBest_": "0.0",
                "_CumPctRespBest_": "10.042735042735",
                "_Value_": "0.0",
                "_NEvents_": "0.416",
                "_LiftBest_": "0.0",
                "_PartInd_": "0",
                "_Resp_": "0.88510638297872"
            },
            "rowNumber": 19
        },
        {
            "dataMap": {
                "_NObs_": "26.0",
                "_Depth_": "95.0",
                "_CumRespBest_": "100.0",
                "_formattedPartition_": "           0",
                "_column_": "predict",
                "_RespBest_": "0.0",
                "_DataRole_": "VALIDATE",
                "_CumResp_": "99.2170212765957",
                "_PctRespBest_": "0.0",
                "_Gain_": "0.04438969764837",
                "_CumLift_": "1.04438969764837",
                "_Event_": "1",
                "_TargetName_": "BAD",
                "_PctResp_": "1.6",
                "_GainBest_": "0.05263157894736",
                "_CumLiftBest_": "1.05263157894736",
                "_Lift_": "0.17702127659574",
                "_CumPctResp_": "9.43967611336032",
                "_NEventsBest_": "0.0",
                "_CumPctRespBest_": "9.51417004048583",
                "_Value_": "0.0",
                "_NEvents_": "0.416",
                "_LiftBest_": "0.0",
                "_PartInd_": "0",
                "_Resp_": "0.88510638297872"
            },
            "rowNumber": 20
        },
        {
            "dataMap": {
                "_NObs_": "23.0",
                "_Depth_": "100.0",
                "_CumRespBest_": "100.0",
                "_formattedPartition_": "           0",
                "_column_": "predict",
                "_RespBest_": "0.0",
                "_DataRole_": "VALIDATE",
                "_CumResp_": "100.0",
                "_PctRespBest_": "0.0",
                "_Gain_": "-2.2204460492503e-16",
                "_CumLift_": "1.0",
                "_Event_": "1",
                "_TargetName_": "BAD",
                "_PctResp_": "1.6",
                "_GainBest_": "0.0",
                "_CumLiftBest_": "1.0",
                "_Lift_": "0.15659574468085",
                "_CumPctResp_": "9.09090909090909",
                "_NEventsBest_": "0.0",
                "_CumPctRespBest_": "9.09090909090909",
                "_Value_": "0.0",
                "_NEvents_": "0.368",
                "_LiftBest_": "0.0",
                "_PartInd_": "0",
                "_Resp_": "0.78297872340425"
            },
            "rowNumber": 21
        },
        {
            "dataMap": {
                "_NObs_": "0",
                "_Depth_": "0",
                "_CumRespBest_": "0",
                "_formattedPartition_": "           1",
                "_column_": "predict",
                "_RespBest_": "0",
                "_DataRole_": "TRAIN",
                "_CumResp_": "0",
                "_Event_": "1",
                "_TargetName_": "BAD",
                "_NEventsBest_": "0",
                "_Value_": "0",
                "_NEvents_": "0",
                "_PartInd_": "1",
                "_Resp_": "0"
            },
            "rowNumber": 22
        },
        {
            "dataMap": {
                "_NObs_": "121.0",
                "_Depth_": "5.0",
                "_CumRespBest_": "57.8947368421052",
                "_formattedPartition_": "           1",
                "_column_": "predict",
                "_RespBest_": "57.8947368421052",
                "_DataRole_": "TRAIN",
                "_CumResp_": "57.8947368421052",
                "_PctRespBest_": "100.0",
                "_Gain_": "10.578947368421",
                "_CumLift_": "11.578947368421",
                "_Event_": "1",
                "_TargetName_": "BAD",
                "_PctResp_": "100.0",
                "_GainBest_": "10.578947368421",
                "_CumLiftBest_": "11.578947368421",
                "_Lift_": "11.578947368421",
                "_CumPctResp_": "100.0",
                "_NEventsBest_": "121.0",
                "_CumPctRespBest_": "100.0",
                "_Value_": "0.95849999785423",
                "_NEvents_": "121.0",
                "_LiftBest_": "11.578947368421",
                "_PartInd_": "1",
                "_Resp_": "57.8947368421052"
            },
            "rowNumber": 23
        },
        {
            "dataMap": {
                "_NObs_": "121.0",
                "_Depth_": "10.0",
                "_CumRespBest_": "100.0",
                "_formattedPartition_": "           1",
                "_column_": "predict",
                "_RespBest_": "42.1052631578947",
                "_DataRole_": "TRAIN",
                "_CumResp_": "100.0",
                "_PctRespBest_": "72.7272727272727",
                "_Gain_": "9.0",
                "_CumLift_": "10.0",
                "_Event_": "1",
                "_TargetName_": "BAD",
                "_PctResp_": "72.7272727272727",
                "_GainBest_": "9.0",
                "_CumLiftBest_": "10.0",
                "_Lift_": "8.42105263157895",
                "_CumPctResp_": "86.3636363636363",
                "_NEventsBest_": "88.0",
                "_CumPctRespBest_": "86.3636363636363",
                "_Value_": "0.02800000086426",
                "_NEvents_": "88.0",
                "_LiftBest_": "8.42105263157895",
                "_PartInd_": "1",
                "_Resp_": "42.1052631578947"
            },
            "rowNumber": 24
        },
        {
            "dataMap": {
                "_NObs_": "121.0",
                "_Depth_": "15.0",
                "_CumRespBest_": "100.0",
                "_formattedPartition_": "           1",
                "_column_": "predict",
                "_RespBest_": "0.0",
                "_DataRole_": "TRAIN",
                "_CumResp_": "100.0",
                "_PctRespBest_": "0.0",
                "_Gain_": "5.66666666666666",
                "_CumLift_": "6.66666666666666",
                "_Event_": "1",
                "_TargetName_": "BAD",
                "_PctResp_": "0.0",
                "_GainBest_": "5.66666666666666",
                "_CumLiftBest_": "6.66666666666666",
                "_Lift_": "0.0",
                "_CumPctResp_": "57.5757575757575",
                "_NEventsBest_": "0.0",
                "_CumPctRespBest_": "57.5757575757575",
                "_Value_": "0.01400000043213",
                "_NEvents_": "0.0",
                "_LiftBest_": "0.0",
                "_PartInd_": "1",
                "_Resp_": "0.0"
            },
            "rowNumber": 25
        },
        {
            "dataMap": {
                "_NObs_": "121.0",
                "_Depth_": "20.0",
                "_CumRespBest_": "100.0",
                "_formattedPartition_": "           1",
                "_column_": "predict",
                "_RespBest_": "0.0",
                "_DataRole_": "TRAIN",
                "_CumResp_": "100.0",
                "_PctRespBest_": "0.0",
                "_Gain_": "4.0",
                "_CumLift_": "5.0",
                "_Event_": "1",
                "_TargetName_": "BAD",
                "_PctResp_": "0.0",
                "_GainBest_": "4.0",
                "_CumLiftBest_": "5.0",
                "_Lift_": "0.0",
                "_CumPctResp_": "43.1818181818181",
                "_NEventsBest_": "0.0",
                "_CumPctRespBest_": "43.1818181818181",
                "_Value_": "0.00899999961256",
                "_NEvents_": "0.0",
                "_LiftBest_": "0.0",
                "_PartInd_": "1",
                "_Resp_": "0.0"
            },
            "rowNumber": 26
        },
        {
            "dataMap": {
                "_NObs_": "121.0",
                "_Depth_": "25.0",
                "_CumRespBest_": "100.0",
                "_formattedPartition_": "           1",
                "_column_": "predict",
                "_RespBest_": "0.0",
                "_DataRole_": "TRAIN",
                "_CumResp_": "100.0",
                "_PctRespBest_": "0.0",
                "_Gain_": "3.0",
                "_CumLift_": "4.0",
                "_Event_": "1",
                "_TargetName_": "BAD",
                "_PctResp_": "0.0",
                "_GainBest_": "3.0",
                "_CumLiftBest_": "4.0",
                "_Lift_": "0.0",
                "_CumPctResp_": "34.5454545454545",
                "_NEventsBest_": "0.0",
                "_CumPctRespBest_": "34.5454545454545",
                "_Value_": "0.00700000021606",
                "_NEvents_": "0.0",
                "_LiftBest_": "0.0",
                "_PartInd_": "1",
                "_Resp_": "0.0"
            },
            "rowNumber": 27
        },
        {
            "dataMap": {
                "_NObs_": "121.0",
                "_Depth_": "30.0",
                "_CumRespBest_": "100.0",
                "_formattedPartition_": "           1",
                "_column_": "predict",
                "_RespBest_": "0.0",
                "_DataRole_": "TRAIN",
                "_CumResp_": "100.0",
                "_PctRespBest_": "0.0",
                "_Gain_": "2.33333333333333",
                "_CumLift_": "3.33333333333333",
                "_Event_": "1",
                "_TargetName_": "BAD",
                "_PctResp_": "0.0",
                "_GainBest_": "2.33333333333333",
                "_CumLiftBest_": "3.33333333333333",
                "_Lift_": "0.0",
                "_CumPctResp_": "28.7878787878787",
                "_NEventsBest_": "0.0",
                "_CumPctRespBest_": "28.7878787878787",
                "_Value_": "0.00499999988824",
                "_NEvents_": "0.0",
                "_LiftBest_": "0.0",
                "_PartInd_": "1",
                "_Resp_": "0.0"
            },
            "rowNumber": 28
        },
        {
            "dataMap": {
                "_NObs_": "121.0",
                "_Depth_": "35.0",
                "_CumRespBest_": "100.0",
                "_formattedPartition_": "           1",
                "_column_": "predict",
                "_RespBest_": "0.0",
                "_DataRole_": "TRAIN",
                "_CumResp_": "100.0",
                "_PctRespBest_": "0.0",
                "_Gain_": "1.85714285714285",
                "_CumLift_": "2.85714285714285",
                "_Event_": "1",
                "_TargetName_": "BAD",
                "_PctResp_": "0.0",
                "_GainBest_": "1.85714285714285",
                "_CumLiftBest_": "2.85714285714285",
                "_Lift_": "0.0",
                "_CumPctResp_": "24.6753246753246",
                "_NEventsBest_": "0.0",
                "_CumPctRespBest_": "24.6753246753246",
                "_Value_": "0.00400000018998",
                "_NEvents_": "0.0",
                "_LiftBest_": "0.0",
                "_PartInd_": "1",
                "_Resp_": "0.0"
            },
            "rowNumber": 29
        },
        {
            "dataMap": {
                "_NObs_": "121.0",
                "_Depth_": "40.0",
                "_CumRespBest_": "100.0",
                "_formattedPartition_": "           1",
                "_column_": "predict",
                "_RespBest_": "0.0",
                "_DataRole_": "TRAIN",
                "_CumResp_": "100.0",
                "_PctRespBest_": "0.0",
                "_Gain_": "1.49999999999999",
                "_CumLift_": "2.5",
                "_Event_": "1",
                "_TargetName_": "BAD",
                "_PctResp_": "0.0",
                "_GainBest_": "1.49999999999999",
                "_CumLiftBest_": "2.5",
                "_Lift_": "0.0",
                "_CumPctResp_": "21.590909090909",
                "_NEventsBest_": "0.0",
                "_CumPctRespBest_": "21.590909090909",
                "_Value_": "0.00300000002607",
                "_NEvents_": "0.0",
                "_LiftBest_": "0.0",
                "_PartInd_": "1",
                "_Resp_": "0.0"
            },
            "rowNumber": 30
        },
        {
            "dataMap": {
                "_NObs_": "121.0",
                "_Depth_": "45.0",
                "_CumRespBest_": "100.0",
                "_formattedPartition_": "           1",
                "_column_": "predict",
                "_RespBest_": "0.0",
                "_DataRole_": "TRAIN",
                "_CumResp_": "100.0",
                "_PctRespBest_": "0.0",
                "_Gain_": "1.22222222222222",
                "_CumLift_": "2.22222222222222",
                "_Event_": "1",
                "_TargetName_": "BAD",
                "_PctResp_": "0.0",
                "_GainBest_": "1.22222222222222",
                "_CumLiftBest_": "2.22222222222222",
                "_Lift_": "0.0",
                "_CumPctResp_": "19.1919191919191",
                "_NEventsBest_": "0.0",
                "_CumPctRespBest_": "19.1919191919191",
                "_Value_": "0.00200000009499",
                "_NEvents_": "0.0",
                "_LiftBest_": "0.0",
                "_PartInd_": "1",
                "_Resp_": "0.0"
            },
            "rowNumber": 31
        },
        {
            "dataMap": {
                "_NObs_": "121.0",
                "_Depth_": "50.0",
                "_CumRespBest_": "100.0",
                "_formattedPartition_": "           1",
                "_column_": "predict",
                "_RespBest_": "0.0",
                "_DataRole_": "TRAIN",
                "_CumResp_": "100.0",
                "_PctRespBest_": "0.0",
                "_Gain_": "0.99999999999999",
                "_CumLift_": "2.0",
                "_Event_": "1",
                "_TargetName_": "BAD",
                "_PctResp_": "0.0",
                "_GainBest_": "0.99999999999999",
                "_CumLiftBest_": "2.0",
                "_Lift_": "0.0",
                "_CumPctResp_": "17.2727272727272",
                "_NEventsBest_": "0.0",
                "_CumPctRespBest_": "17.2727272727272",
                "_Value_": "0.00200000009499",
                "_NEvents_": "0.0",
                "_LiftBest_": "0.0",
                "_PartInd_": "1",
                "_Resp_": "0.0"
            },
            "rowNumber": 32
        },
        {
            "dataMap": {
                "_NObs_": "121.0",
                "_Depth_": "55.0",
                "_CumRespBest_": "100.0",
                "_formattedPartition_": "           1",
                "_column_": "predict",
                "_RespBest_": "0.0",
                "_DataRole_": "TRAIN",
                "_CumResp_": "100.0",
                "_PctRespBest_": "0.0",
                "_Gain_": "0.81818181818181",
                "_CumLift_": "1.81818181818181",
                "_Event_": "1",
                "_TargetName_": "BAD",
                "_PctResp_": "0.0",
                "_GainBest_": "0.81818181818181",
                "_CumLiftBest_": "1.81818181818181",
                "_Lift_": "0.0",
                "_CumPctResp_": "15.7024793388429",
                "_NEventsBest_": "0.0",
                "_CumPctRespBest_": "15.7024793388429",
                "_Value_": "0.00100000004749",
                "_NEvents_": "0.0",
                "_LiftBest_": "0.0",
                "_PartInd_": "1",
                "_Resp_": "0.0"
            },
            "rowNumber": 33
        },
        {
            "dataMap": {
                "_NObs_": "121.0",
                "_Depth_": "60.0",
                "_CumRespBest_": "100.0",
                "_formattedPartition_": "           1",
                "_column_": "predict",
                "_RespBest_": "0.0",
                "_DataRole_": "TRAIN",
                "_CumResp_": "100.0",
                "_PctRespBest_": "0.0",
                "_Gain_": "0.66666666666666",
                "_CumLift_": "1.66666666666666",
                "_Event_": "1",
                "_TargetName_": "BAD",
                "_PctResp_": "0.0",
                "_GainBest_": "0.66666666666666",
                "_CumLiftBest_": "1.66666666666666",
                "_Lift_": "0.0",
                "_CumPctResp_": "14.3939393939393",
                "_NEventsBest_": "0.0",
                "_CumPctRespBest_": "14.3939393939393",
                "_Value_": "0.00100000004749",
                "_NEvents_": "0.0",
                "_LiftBest_": "0.0",
                "_PartInd_": "1",
                "_Resp_": "0.0"
            },
            "rowNumber": 34
        },
        {
            "dataMap": {
                "_NObs_": "121.0",
                "_Depth_": "65.0",
                "_CumRespBest_": "100.0",
                "_formattedPartition_": "           1",
                "_column_": "predict",
                "_RespBest_": "0.0",
                "_DataRole_": "TRAIN",
                "_CumResp_": "100.0",
                "_PctRespBest_": "0.0",
                "_Gain_": "0.53846153846153",
                "_CumLift_": "1.53846153846153",
                "_Event_": "1",
                "_TargetName_": "BAD",
                "_PctResp_": "0.0",
                "_GainBest_": "0.53846153846153",
                "_CumLiftBest_": "1.53846153846153",
                "_Lift_": "0.0",
                "_CumPctResp_": "13.2867132867132",
                "_NEventsBest_": "0.0",
                "_CumPctRespBest_": "13.2867132867132",
                "_Value_": "0.00100000004749",
                "_NEvents_": "0.0",
                "_LiftBest_": "0.0",
                "_PartInd_": "1",
                "_Resp_": "0.0"
            },
            "rowNumber": 35
        },
        {
            "dataMap": {
                "_NObs_": "121.0",
                "_Depth_": "70.0",
                "_CumRespBest_": "100.0",
                "_formattedPartition_": "           1",
                "_column_": "predict",
                "_RespBest_": "0.0",
                "_DataRole_": "TRAIN",
                "_CumResp_": "100.0",
                "_PctRespBest_": "0.0",
                "_Gain_": "0.42857142857142",
                "_CumLift_": "1.42857142857142",
                "_Event_": "1",
                "_TargetName_": "BAD",
                "_PctResp_": "0.0",
                "_GainBest_": "0.42857142857142",
                "_CumLiftBest_": "1.42857142857142",
                "_Lift_": "0.0",
                "_CumPctResp_": "12.3376623376623",
                "_NEventsBest_": "0.0",
                "_CumPctRespBest_": "12.3376623376623",
                "_Value_": "0.00100000004749",
                "_NEvents_": "0.0",
                "_LiftBest_": "0.0",
                "_PartInd_": "1",
                "_Resp_": "0.0"
            },
            "rowNumber": 36
        },
        {
            "dataMap": {
                "_NObs_": "121.0",
                "_Depth_": "75.0",
                "_CumRespBest_": "100.0",
                "_formattedPartition_": "           1",
                "_column_": "predict",
                "_RespBest_": "0.0",
                "_DataRole_": "TRAIN",
                "_CumResp_": "100.0",
                "_PctRespBest_": "0.0",
                "_Gain_": "0.33333333333333",
                "_CumLift_": "1.33333333333333",
                "_Event_": "1",
                "_TargetName_": "BAD",
                "_PctResp_": "0.0",
                "_GainBest_": "0.33333333333333",
                "_CumLiftBest_": "1.33333333333333",
                "_Lift_": "0.0",
                "_CumPctResp_": "11.5151515151515",
                "_NEventsBest_": "0.0",
                "_CumPctRespBest_": "11.5151515151515",
                "_Value_": "0.0",
                "_NEvents_": "0.0",
                "_LiftBest_": "0.0",
                "_PartInd_": "1",
                "_Resp_": "0.0"
            },
            "rowNumber": 37
        },
        {
            "dataMap": {
                "_NObs_": "121.0",
                "_Depth_": "80.0",
                "_CumRespBest_": "100.0",
                "_formattedPartition_": "           1",
                "_column_": "predict",
                "_RespBest_": "0.0",
                "_DataRole_": "TRAIN",
                "_CumResp_": "100.0",
                "_PctRespBest_": "0.0",
                "_Gain_": "0.25",
                "_CumLift_": "1.25",
                "_Event_": "1",
                "_TargetName_": "BAD",
                "_PctResp_": "0.0",
                "_GainBest_": "0.25",
                "_CumLiftBest_": "1.25",
                "_Lift_": "0.0",
                "_CumPctResp_": "10.7954545454545",
                "_NEventsBest_": "0.0",
                "_CumPctRespBest_": "10.7954545454545",
                "_Value_": "0.0",
                "_NEvents_": "0.0",
                "_LiftBest_": "0.0",
                "_PartInd_": "1",
                "_Resp_": "0.0"
            },
            "rowNumber": 38
        },
        {
            "dataMap": {
                "_NObs_": "121.0",
                "_Depth_": "85.0",
                "_CumRespBest_": "100.0",
                "_formattedPartition_": "           1",
                "_column_": "predict",
                "_RespBest_": "0.0",
                "_DataRole_": "TRAIN",
                "_CumResp_": "100.0",
                "_PctRespBest_": "0.0",
                "_Gain_": "0.17647058823529",
                "_CumLift_": "1.17647058823529",
                "_Event_": "1",
                "_TargetName_": "BAD",
                "_PctResp_": "0.0",
                "_GainBest_": "0.17647058823529",
                "_CumLiftBest_": "1.17647058823529",
                "_Lift_": "0.0",
                "_CumPctResp_": "10.1604278074866",
                "_NEventsBest_": "0.0",
                "_CumPctRespBest_": "10.1604278074866",
                "_Value_": "0.0",
                "_NEvents_": "0.0",
                "_LiftBest_": "0.0",
                "_PartInd_": "1",
                "_Resp_": "0.0"
            },
            "rowNumber": 39
        },
        {
            "dataMap": {
                "_NObs_": "121.0",
                "_Depth_": "90.0",
                "_CumRespBest_": "100.0",
                "_formattedPartition_": "           1",
                "_column_": "predict",
                "_RespBest_": "0.0",
                "_DataRole_": "TRAIN",
                "_CumResp_": "100.0",
                "_PctRespBest_": "0.0",
                "_Gain_": "0.11111111111111",
                "_CumLift_": "1.11111111111111",
                "_Event_": "1",
                "_TargetName_": "BAD",
                "_PctResp_": "0.0",
                "_GainBest_": "0.11111111111111",
                "_CumLiftBest_": "1.11111111111111",
                "_Lift_": "0.0",
                "_CumPctResp_": "9.59595959595959",
                "_NEventsBest_": "0.0",
                "_CumPctRespBest_": "9.59595959595959",
                "_Value_": "0.0",
                "_NEvents_": "0.0",
                "_LiftBest_": "0.0",
                "_PartInd_": "1",
                "_Resp_": "0.0"
            },
            "rowNumber": 40
        },
        {
            "dataMap": {
                "_NObs_": "121.0",
                "_Depth_": "95.0",
                "_CumRespBest_": "100.0",
                "_formattedPartition_": "           1",
                "_column_": "predict",
                "_RespBest_": "0.0",
                "_DataRole_": "TRAIN",
                "_CumResp_": "100.0",
                "_PctRespBest_": "0.0",
                "_Gain_": "0.05263157894736",
                "_CumLift_": "1.05263157894736",
                "_Event_": "1",
                "_TargetName_": "BAD",
                "_PctResp_": "0.0",
                "_GainBest_": "0.05263157894736",
                "_CumLiftBest_": "1.05263157894736",
                "_Lift_": "0.0",
                "_CumPctResp_": "9.09090909090909",
                "_NEventsBest_": "0.0",
                "_CumPctRespBest_": "9.09090909090909",
                "_Value_": "0.0",
                "_NEvents_": "0.0",
                "_LiftBest_": "0.0",
                "_PartInd_": "1",
                "_Resp_": "0.0"
            },
            "rowNumber": 41
        },
        {
            "dataMap": {
                "_NObs_": "112.0",
                "_Depth_": "100.0",
                "_CumRespBest_": "100.0",
                "_formattedPartition_": "           1",
                "_column_": "predict",
                "_RespBest_": "0.0",
                "_DataRole_": "TRAIN",
                "_CumResp_": "100.0",
                "_PctRespBest_": "0.0",
                "_Gain_": "0.0",
                "_CumLift_": "1.0",
                "_Event_": "1",
                "_TargetName_": "BAD",
                "_PctResp_": "0.0",
                "_GainBest_": "0.0",
                "_CumLiftBest_": "1.0",
                "_Lift_": "0.0",
                "_CumPctResp_": "8.66860223973455",
                "_NEventsBest_": "0.0",
                "_CumPctRespBest_": "8.66860223973455",
                "_Value_": "0.0",
                "_NEvents_": "0.0",
                "_LiftBest_": "0.0",
                "_PartInd_": "1",
                "_Resp_": "0.0"
            },
            "rowNumber": 42
        },
        {
            "dataMap": {
                "_NObs_": "0",
                "_Depth_": "0",
                "_CumRespBest_": "0",
                "_formattedPartition_": "           2",
                "_column_": "predict",
                "_RespBest_": "0",
                "_DataRole_": "TEST",
                "_CumResp_": "0",
                "_Event_": "1",
                "_TargetName_": "BAD",
                "_NEventsBest_": "0",
                "_Value_": "0",
                "_NEvents_": "0",
                "_PartInd_": "2",
                "_Resp_": "0"
            },
            "rowNumber": 43
        },
        {
            "dataMap": {
                "_NObs_": "26.0",
                "_Depth_": "5.0",
                "_CumRespBest_": "57.7777777777777",
                "_formattedPartition_": "           2",
                "_column_": "predict",
                "_RespBest_": "57.7777777777777",
                "_DataRole_": "TEST",
                "_CumResp_": "53.3333333333333",
                "_PctRespBest_": "100.0",
                "_Gain_": "9.66666666666666",
                "_CumLift_": "10.6666666666666",
                "_Event_": "1",
                "_TargetName_": "BAD",
                "_PctResp_": "92.3076923076923",
                "_GainBest_": "10.5555555555555",
                "_CumLiftBest_": "11.5555555555555",
                "_Lift_": "10.6666666666666",
                "_CumPctResp_": "92.3076923076923",
                "_NEventsBest_": "26.0",
                "_CumPctRespBest_": "100.0",
                "_Value_": "0.2660000026226",
                "_NEvents_": "24.0",
                "_LiftBest_": "11.5555555555555",
                "_PartInd_": "2",
                "_Resp_": "53.3333333333333"
            },
            "rowNumber": 44
        },
        {
            "dataMap": {
                "_NObs_": "26.0",
                "_Depth_": "10.0",
                "_CumRespBest_": "100.0",
                "_formattedPartition_": "           2",
                "_column_": "predict",
                "_RespBest_": "42.2222222222222",
                "_DataRole_": "TEST",
                "_CumResp_": "77.7777777777777",
                "_PctRespBest_": "73.076923076923",
                "_Gain_": "6.77777777777778",
                "_CumLift_": "7.77777777777777",
                "_Event_": "1",
                "_TargetName_": "BAD",
                "_PctResp_": "42.3076923076923",
                "_GainBest_": "9.0",
                "_CumLiftBest_": "10.0",
                "_Lift_": "4.88888888888889",
                "_CumPctResp_": "67.3076923076923",
                "_NEventsBest_": "19.0",
                "_CumPctRespBest_": "86.5384615384615",
                "_Value_": "0.0460000000894",
                "_NEvents_": "11.0",
                "_LiftBest_": "8.44444444444444",
                "_PartInd_": "2",
                "_Resp_": "24.4444444444444"
            },
            "rowNumber": 45
        },
        {
            "dataMap": {
                "_NObs_": "26.0",
                "_Depth_": "15.0",
                "_CumRespBest_": "100.0",
                "_formattedPartition_": "           2",
                "_column_": "predict",
                "_RespBest_": "0.0",
                "_DataRole_": "TEST",
                "_CumResp_": "82.2222222222222",
                "_PctRespBest_": "0.0",
                "_Gain_": "4.48148148148148",
                "_CumLift_": "5.48148148148148",
                "_Event_": "1",
                "_TargetName_": "BAD",
                "_PctResp_": "7.69230769230769",
                "_GainBest_": "5.66666666666666",
                "_CumLiftBest_": "6.66666666666666",
                "_Lift_": "0.88888888888888",
                "_CumPctResp_": "47.4358974358974",
                "_NEventsBest_": "0.0",
                "_CumPctRespBest_": "57.6923076923077",
                "_Value_": "0.02800000086426",
                "_NEvents_": "2.0",
                "_LiftBest_": "0.0",
                "_PartInd_": "2",
                "_Resp_": "4.44444444444444"
            },
            "rowNumber": 46
        },
        {
            "dataMap": {
                "_NObs_": "26.0",
                "_Depth_": "20.0",
                "_CumRespBest_": "100.0",
                "_formattedPartition_": "           2",
                "_column_": "predict",
                "_RespBest_": "0.0",
                "_DataRole_": "TEST",
                "_CumResp_": "82.2222222222222",
                "_PctRespBest_": "0.0",
                "_Gain_": "3.11111111111111",
                "_CumLift_": "4.11111111111111",
                "_Event_": "1",
                "_TargetName_": "BAD",
                "_PctResp_": "0.0",
                "_GainBest_": "4.0",
                "_CumLiftBest_": "5.0",
                "_Lift_": "0.0",
                "_CumPctResp_": "35.576923076923",
                "_NEventsBest_": "0.0",
                "_CumPctRespBest_": "43.2692307692307",
                "_Value_": "0.01499999966472",
                "_NEvents_": "0.0",
                "_LiftBest_": "0.0",
                "_PartInd_": "2",
                "_Resp_": "0.0"
            },
            "rowNumber": 47
        },
        {
            "dataMap": {
                "_NObs_": "26.0",
                "_Depth_": "25.0",
                "_CumRespBest_": "100.0",
                "_formattedPartition_": "           2",
                "_column_": "predict",
                "_RespBest_": "0.0",
                "_DataRole_": "TEST",
                "_CumResp_": "84.4444444444444",
                "_PctRespBest_": "0.0",
                "_Gain_": "2.37777777777777",
                "_CumLift_": "3.37777777777777",
                "_Event_": "1",
                "_TargetName_": "BAD",
                "_PctResp_": "3.84615384615384",
                "_GainBest_": "3.0",
                "_CumLiftBest_": "4.0",
                "_Lift_": "0.44444444444444",
                "_CumPctResp_": "29.2307692307692",
                "_NEventsBest_": "0.0",
                "_CumPctRespBest_": "34.6153846153846",
                "_Value_": "0.00849999999627",
                "_NEvents_": "1.0",
                "_LiftBest_": "0.0",
                "_PartInd_": "2",
                "_Resp_": "2.22222222222222"
            },
            "rowNumber": 48
        },
        {
            "dataMap": {
                "_NObs_": "26.0",
                "_Depth_": "30.0",
                "_CumRespBest_": "100.0",
                "_formattedPartition_": "           2",
                "_column_": "predict",
                "_RespBest_": "0.0",
                "_DataRole_": "TEST",
                "_CumResp_": "84.4444444444444",
                "_PctRespBest_": "0.0",
                "_Gain_": "1.81481481481481",
                "_CumLift_": "2.81481481481481",
                "_Event_": "1",
                "_TargetName_": "BAD",
                "_PctResp_": "0.0",
                "_GainBest_": "2.33333333333333",
                "_CumLiftBest_": "3.33333333333333",
                "_Lift_": "0.0",
                "_CumPctResp_": "24.3589743589743",
                "_NEventsBest_": "0.0",
                "_CumPctRespBest_": "28.8461538461538",
                "_Value_": "0.00600000005215",
                "_NEvents_": "0.0",
                "_LiftBest_": "0.0",
                "_PartInd_": "2",
                "_Resp_": "0.0"
            },
            "rowNumber": 49
        },
        {
            "dataMap": {
                "_NObs_": "26.0",
                "_Depth_": "35.0",
                "_CumRespBest_": "100.0",
                "_formattedPartition_": "           2",
                "_column_": "predict",
                "_RespBest_": "0.0",
                "_DataRole_": "TEST",
                "_CumResp_": "85.7004830917874",
                "_PctRespBest_": "0.0",
                "_Gain_": "1.44858523119392",
                "_CumLift_": "2.44858523119392",
                "_Event_": "1",
                "_TargetName_": "BAD",
                "_PctResp_": "2.17391304347826",
                "_GainBest_": "1.85714285714285",
                "_CumLiftBest_": "2.85714285714285",
                "_Lift_": "0.25120772946859",
                "_CumPctResp_": "21.189679885332",
                "_NEventsBest_": "0.0",
                "_CumPctRespBest_": "24.7252747252747",
                "_Value_": "0.00400000018998",
                "_NEvents_": "0.56521739130434",
                "_LiftBest_": "0.0",
                "_PartInd_": "2",
                "_Resp_": "1.25603864734299"
            },
            "rowNumber": 50
        },
        {
            "dataMap": {
                "_NObs_": "26.0",
                "_Depth_": "40.0",
                "_CumRespBest_": "100.0",
                "_formattedPartition_": "           2",
                "_column_": "predict",
                "_RespBest_": "0.0",
                "_DataRole_": "TEST",
                "_CumResp_": "87.43961352657",
                "_PctRespBest_": "0.0",
                "_Gain_": "1.18599033816425",
                "_CumLift_": "2.18599033816425",
                "_Event_": "1",
                "_TargetName_": "BAD",
                "_PctResp_": "3.01003344481605",
                "_GainBest_": "1.5",
                "_CumLiftBest_": "2.5",
                "_Lift_": "0.34782608695652",
                "_CumPctResp_": "18.9172240802675",
                "_NEventsBest_": "0.0",
                "_CumPctRespBest_": "21.6346153846153",
                "_Value_": "0.00300000002607",
                "_NEvents_": "0.78260869565217",
                "_LiftBest_": "0.0",
                "_PartInd_": "2",
                "_Resp_": "1.7391304347826"
            },
            "rowNumber": 51
        },
        {
            "dataMap": {
                "_NObs_": "26.0",
                "_Depth_": "45.0",
                "_CumRespBest_": "100.0",
                "_formattedPartition_": "           2",
                "_column_": "predict",
                "_RespBest_": "0.0",
                "_DataRole_": "TEST",
                "_CumResp_": "88.695652173913",
                "_PctRespBest_": "0.0",
                "_Gain_": "0.97101449275362",
                "_CumLift_": "1.97101449275362",
                "_Event_": "1",
                "_TargetName_": "BAD",
                "_PctResp_": "2.17391304347826",
                "_GainBest_": "1.22222222222222",
                "_CumLiftBest_": "2.22222222222222",
                "_Lift_": "0.25120772946859",
                "_CumPctResp_": "17.0568561872909",
                "_NEventsBest_": "0.0",
                "_CumPctRespBest_": "19.2307692307692",
                "_Value_": "0.00300000002607",
                "_NEvents_": "0.56521739130434",
                "_LiftBest_": "0.0",
                "_PartInd_": "2",
                "_Resp_": "1.25603864734299"
            },
            "rowNumber": 52
        },
        {
            "dataMap": {
                "_NObs_": "26.0",
                "_Depth_": "50.0",
                "_CumRespBest_": "100.0",
                "_formattedPartition_": "           2",
                "_column_": "predict",
                "_RespBest_": "0.0",
                "_DataRole_": "TEST",
                "_CumResp_": "88.8888888888888",
                "_PctRespBest_": "0.0",
                "_Gain_": "0.77777777777777",
                "_CumLift_": "1.77777777777777",
                "_Event_": "1",
                "_TargetName_": "BAD",
                "_PctResp_": "0.33444816053511",
                "_GainBest_": "1.0",
                "_CumLiftBest_": "2.0",
                "_Lift_": "0.03864734299516",
                "_CumPctResp_": "15.3846153846153",
                "_NEventsBest_": "0.0",
                "_CumPctRespBest_": "17.3076923076923",
                "_Value_": "0.00200000009499",
                "_NEvents_": "0.08695652173913",
                "_LiftBest_": "0.0",
                "_PartInd_": "2",
                "_Resp_": "0.19323671497584"
            },
            "rowNumber": 53
        },
        {
            "dataMap": {
                "_NObs_": "26.0",
                "_Depth_": "55.0",
                "_CumRespBest_": "100.0",
                "_formattedPartition_": "           2",
                "_column_": "predict",
                "_RespBest_": "0.0",
                "_DataRole_": "TEST",
                "_CumResp_": "89.1477885652642",
                "_PctRespBest_": "0.0",
                "_Gain_": "0.6208688830048",
                "_CumLift_": "1.6208688830048",
                "_Event_": "1",
                "_TargetName_": "BAD",
                "_PctResp_": "0.44809559372666",
                "_GainBest_": "0.81818181818181",
                "_CumLiftBest_": "1.81818181818181",
                "_Lift_": "0.05177993527508",
                "_CumPctResp_": "14.02674994908",
                "_NEventsBest_": "0.0",
                "_CumPctRespBest_": "15.7342657342657",
                "_Value_": "0.00100000004749",
                "_NEvents_": "0.11650485436893",
                "_LiftBest_": "0.0",
                "_PartInd_": "2",
                "_Resp_": "0.2588996763754"
            },
            "rowNumber": 54
        },
        {
            "dataMap": {
                "_NObs_": "26.0",
                "_Depth_": "60.0",
                "_CumRespBest_": "100.0",
                "_formattedPartition_": "           2",
                "_column_": "predict",
                "_RespBest_": "0.0",
                "_DataRole_": "TEST",
                "_CumResp_": "90.8306364617044",
                "_PctRespBest_": "0.0",
                "_Gain_": "0.5138439410284",
                "_CumLift_": "1.5138439410284",
                "_Event_": "1",
                "_TargetName_": "BAD",
                "_PctResp_": "2.9126213592233",
                "_GainBest_": "0.66666666666666",
                "_CumLiftBest_": "1.66666666666666",
                "_Lift_": "0.33656957928802",
                "_CumPctResp_": "13.1005725665919",
                "_NEventsBest_": "0.0",
                "_CumPctRespBest_": "14.4230769230769",
                "_Value_": "0.00100000004749",
                "_NEvents_": "0.75728155339805",
                "_LiftBest_": "0.0",
                "_PartInd_": "2",
                "_Resp_": "1.68284789644013"
            },
            "rowNumber": 55
        },
        {
            "dataMap": {
                "_NObs_": "26.0",
                "_Depth_": "65.0",
                "_CumRespBest_": "100.0",
                "_formattedPartition_": "           2",
                "_column_": "predict",
                "_RespBest_": "0.0",
                "_DataRole_": "TEST",
                "_CumResp_": "92.5134843581445",
                "_PctRespBest_": "0.0",
                "_Gain_": "0.42328437474068",
                "_CumLift_": "1.42328437474068",
                "_Event_": "1",
                "_TargetName_": "BAD",
                "_PctResp_": "2.9126213592233",
                "_GainBest_": "0.53846153846153",
                "_CumLiftBest_": "1.53846153846153",
                "_Lift_": "0.33656957928802",
                "_CumPctResp_": "12.316884012179",
                "_NEventsBest_": "0.0",
                "_CumPctRespBest_": "13.3136094674556",
                "_Value_": "0.00100000004749",
                "_NEvents_": "0.75728155339805",
                "_LiftBest_": "0.0",
                "_PartInd_": "2",
                "_Resp_": "1.68284789644013"
            },
            "rowNumber": 56
        },
        {
            "dataMap": {
                "_NObs_": "26.0",
                "_Depth_": "70.0",
                "_CumRespBest_": "100.0",
                "_formattedPartition_": "           2",
                "_column_": "predict",
                "_RespBest_": "0.0",
                "_DataRole_": "TEST",
                "_CumResp_": "94.1963322545846",
                "_PctRespBest_": "0.0",
                "_Gain_": "0.34566188935121",
                "_CumLift_": "1.34566188935121",
                "_Event_": "1",
                "_TargetName_": "BAD",
                "_PctResp_": "2.9126213592233",
                "_GainBest_": "0.42857142857142",
                "_CumLiftBest_": "1.42857142857142",
                "_Lift_": "0.33656957928802",
                "_CumPctResp_": "11.6451509655393",
                "_NEventsBest_": "0.0",
                "_CumPctRespBest_": "12.3626373626373",
                "_Value_": "0.00100000004749",
                "_NEvents_": "0.75728155339805",
                "_LiftBest_": "0.0",
                "_PartInd_": "2",
                "_Resp_": "1.68284789644013"
            },
            "rowNumber": 57
        },
        {
            "dataMap": {
                "_NObs_": "26.0",
                "_Depth_": "75.0",
                "_CumRespBest_": "100.0",
                "_formattedPartition_": "           2",
                "_column_": "predict",
                "_RespBest_": "0.0",
                "_DataRole_": "TEST",
                "_CumResp_": "95.7239057239057",
                "_PctRespBest_": "0.0",
                "_Gain_": "0.2763187429854",
                "_CumLift_": "1.27631874298541",
                "_Event_": "1",
                "_TargetName_": "BAD",
                "_PctResp_": "2.64387715844026",
                "_GainBest_": "0.33333333333333",
                "_CumLiftBest_": "1.33333333333333",
                "_Lift_": "0.3055146938642",
                "_CumPctResp_": "11.045066045066",
                "_NEventsBest_": "0.0",
                "_CumPctRespBest_": "11.5384615384615",
                "_Value_": "0.0",
                "_NEvents_": "0.68740806119446",
                "_LiftBest_": "0.0",
                "_PartInd_": "2",
                "_Resp_": "1.52757346932104"
            },
            "rowNumber": 58
        },
        {
            "dataMap": {
                "_NObs_": "26.0",
                "_Depth_": "80.0",
                "_CumRespBest_": "100.0",
                "_formattedPartition_": "           2",
                "_column_": "predict",
                "_RespBest_": "0.0",
                "_DataRole_": "TEST",
                "_CumResp_": "96.5993265993265",
                "_PctRespBest_": "0.0",
                "_Gain_": "0.20749158249158",
                "_CumLift_": "1.20749158249158",
                "_Event_": "1",
                "_TargetName_": "BAD",
                "_PctResp_": "1.51515151515151",
                "_GainBest_": "0.25",
                "_CumLiftBest_": "1.25",
                "_Lift_": "0.17508417508417",
                "_CumPctResp_": "10.4494463869463",
                "_NEventsBest_": "0.0",
                "_CumPctRespBest_": "10.8173076923076",
                "_Value_": "0.0",
                "_NEvents_": "0.39393939393939",
                "_LiftBest_": "0.0",
                "_PartInd_": "2",
                "_Resp_": "0.87542087542087"
            },
            "rowNumber": 59
        },
        {
            "dataMap": {
                "_NObs_": "26.0",
                "_Depth_": "85.0",
                "_CumRespBest_": "100.0",
                "_formattedPartition_": "           2",
                "_column_": "predict",
                "_RespBest_": "0.0",
                "_DataRole_": "TEST",
                "_CumResp_": "97.4747474747474",
                "_PctRespBest_": "0.0",
                "_Gain_": "0.14676173499702",
                "_CumLift_": "1.14676173499702",
                "_Event_": "1",
                "_TargetName_": "BAD",
                "_PctResp_": "1.51515151515151",
                "_GainBest_": "0.17647058823529",
                "_CumLiftBest_": "1.17647058823529",
                "_Lift_": "0.17508417508417",
                "_CumPctResp_": "9.92389962978198",
                "_NEventsBest_": "0.0",
                "_CumPctRespBest_": "10.1809954751131",
                "_Value_": "0.0",
                "_NEvents_": "0.39393939393939",
                "_LiftBest_": "0.0",
                "_PartInd_": "2",
                "_Resp_": "0.87542087542087"
            },
            "rowNumber": 60
        },
        {
            "dataMap": {
                "_NObs_": "26.0",
                "_Depth_": "90.0",
                "_CumRespBest_": "100.0",
                "_formattedPartition_": "           2",
                "_column_": "predict",
                "_RespBest_": "0.0",
                "_DataRole_": "TEST",
                "_CumResp_": "98.3501683501683",
                "_PctRespBest_": "0.0",
                "_Gain_": "0.0927796483352",
                "_CumLift_": "1.0927796483352",
                "_Event_": "1",
                "_TargetName_": "BAD",
                "_PctResp_": "1.51515151515151",
                "_GainBest_": "0.11111111111111",
                "_CumLiftBest_": "1.11111111111111",
                "_Lift_": "0.17508417508417",
                "_CumPctResp_": "9.45674695674695",
                "_NEventsBest_": "0.0",
                "_CumPctRespBest_": "9.61538461538461",
                "_Value_": "0.0",
                "_NEvents_": "0.39393939393939",
                "_LiftBest_": "0.0",
                "_PartInd_": "2",
                "_Resp_": "0.87542087542087"
            },
            "rowNumber": 61
        },
        {
            "dataMap": {
                "_NObs_": "26.0",
                "_Depth_": "95.0",
                "_CumRespBest_": "100.0",
                "_formattedPartition_": "           2",
                "_column_": "predict",
                "_RespBest_": "0.0",
                "_DataRole_": "TEST",
                "_CumResp_": "99.2255892255892",
                "_PctRespBest_": "0.0",
                "_Gain_": "0.04447988658514",
                "_CumLift_": "1.04447988658514",
                "_Event_": "1",
                "_TargetName_": "BAD",
                "_PctResp_": "1.51515151515151",
                "_GainBest_": "0.05263157894736",
                "_CumLiftBest_": "1.05263157894736",
                "_Lift_": "0.17508417508417",
                "_CumPctResp_": "9.03876824929456",
                "_NEventsBest_": "0.0",
                "_CumPctRespBest_": "9.10931174089068",
                "_Value_": "0.0",
                "_NEvents_": "0.39393939393939",
                "_LiftBest_": "0.0",
                "_PartInd_": "2",
                "_Resp_": "0.87542087542087"
            },
            "rowNumber": 62
        },
        {
            "dataMap": {
                "_NObs_": "23.0",
                "_Depth_": "100.0",
                "_CumRespBest_": "100.0",
                "_formattedPartition_": "           2",
                "_column_": "predict",
                "_RespBest_": "0.0",
                "_DataRole_": "TEST",
                "_CumResp_": "99.9999999999999",
                "_PctRespBest_": "0.0",
                "_Gain_": "0.0",
                "_CumLift_": "1.0",
                "_Event_": "1",
                "_TargetName_": "BAD",
                "_PctResp_": "1.51515151515151",
                "_GainBest_": "0.0",
                "_CumLiftBest_": "1.0",
                "_Lift_": "0.15488215488215",
                "_CumPctResp_": "8.70406189555125",
                "_NEventsBest_": "0.0",
                "_CumPctRespBest_": "8.70406189555125",
                "_Value_": "0.0",
                "_NEvents_": "0.34848484848484",
                "_LiftBest_": "0.0",
                "_PartInd_": "2",
                "_Resp_": "0.77441077441077"
            },
            "rowNumber": 63
        }
    ],
    "version": 1,
    "xInteger": false,
    "yInteger": false
}