{
  "creationTimeStamp": "0001-01-01T00:00:00Z",
  "modifiedTimeStamp": "0001-01-01T00:00:00Z",
  "revision": 0,
  "name": "dmcas_fitstat",
  "version": 0,
  "order": 0,
  "parameterMap": {
    "_ASE_": {
      "label": "Average Squared Error",
      "length": 8,
      "order": 6,
      "parameter": "_ASE_",
      "preformatted": false,
      "type": "num",
      "values": [
        "_ASE_"
      ]
    },
    "_DIV_": {
      "label": "Divisor for ASE",
      "length": 8,
      "order": 7,
      "parameter": "_DIV_",
      "preformatted": false,
      "type": "num",
      "values": [
        "_DIV_"
      ]
    },
    "_DataRole_": {
      "label": "Data Role",
      "length": 10,
      "order": 2,
      "parameter": "_DataRole_",
      "preformatted": false,
      "type": "char",
      "values": [
        "_DataRole_"
      ]
    },
    "_MAE_": {
      "label": "Mean Absolute Error",
      "length": 8,
      "order": 9,
      "parameter": "_MAE_",
      "preformatted": false,
      "type": "num",
      "values": [
        "_MAE_"
      ]
    },
    "_MSLE_": {
      "label": "Mean Squared Logarithmic Error",
      "length": 8,
      "order": 11,
      "parameter": "_MSLE_",
      "preformatted": false,
      "type": "num",
      "values": [
        "_MSLE_"
      ]
    },
    "_NObs_": {
      "label": "Number of Observations",
      "length": 8,
      "order": 5,
      "parameter": "_NObs_",
      "preformatted": false,
      "type": "num",
      "values": [
        "_NObs_"
      ]
    },
    "_PartInd_": {
      "label": "Partition Indicator",
      "length": 8,
      "order": 3,
      "parameter": "_PartInd_",
      "preformatted": false,
      "type": "num",
      "values": [
        "_PartInd_"
      ]
    },
    "_RASE_": {
      "label": "Root Average Squared Error",
      "length": 8,
      "order": 8,
      "parameter": "_RASE_",
      "preformatted": false,
      "type": "num",
      "values": [
        "_RASE_"
      ]
    },
    "_RMAE_": {
      "label": "Root Mean Absolute Error",
      "length": 8,
      "order": 10,
      "parameter": "_RMAE_",
      "preformatted": false,
      "type": "num",
      "values": [
        "_RMAE_"
      ]
    },
    "_RMSLE_": {
      "label": "Root Mean Squared Logarithmic Error",
      "length": 8,
      "order": 12,
      "parameter": "_RMSLE_",
      "preformatted": false,
      "type": "num",
      "values": [
        "_RMSLE_"
      ]
    },
    "_TargetName_": {
      "label": "Target Name",
      "length": 8,
      "order": 1,
      "parameter": "_TargetName_",
      "preformatted": false,
      "type": "char",
      "values": [
        "_TargetName_"
      ]
    },
    "_formattedPartition_": {
      "label": "Formatted Partition",
      "length": 12,
      "order": 4,
      "parameter": "_formattedPartition_",
      "preformatted": false,
      "type": "char",
      "values": [
        "_formattedPartition_"
      ]
    }
  },
  "data": [
    {
      "dataMap": {
        "_ASE_": "0.0822730012276",
        "_DIV_": "3259",
        "_DataRole_": "VALIDATE",
        "_MAE_": "0.192397725205",
        "_MSLE_": "0.0117777027601",
        "_NObs_": "3259",
        "_PartInd_": "0",
        "_RASE_": "0.286832705994",
        "_RMAE_": "0.438631650939",
        "_RMSLE_": "0.108525125018",
        "_TargetName_": "EOT_SGPA",
        "_formattedPartition_": "           0"
      },
      "rowNumber": 1
    },
    {
      "dataMap": {
        "_ASE_": "0.0652650587353",
        "_DIV_": "7606",
        "_DataRole_": "TRAIN",
        "_MAE_": "0.171107276696",
        "_MSLE_": "0.00889868985932",
        "_NObs_": "7606",
        "_PartInd_": "1",
        "_RASE_": "0.255470269768",
        "_RMAE_": "0.413651153384",
        "_RMSLE_": "0.0943328673333",
        "_TargetName_": "EOT_SGPA",
        "_formattedPartition_": "           1"
      },
      "rowNumber": 2
    }
  ],
  "xInteger": false,
  "yInteger": false
}