{
  "creationTimeStamp": "0001-01-01T00:00:00Z",
  "modifiedTimeStamp": "0001-01-01T00:00:00Z",
  "revision": 0,
  "name": "dmcas_properties",
  "version": 0,
  "order": 0,
  "parameterMap": {
    "propertyName": {
      "label": "Property Name",
      "length": 256,
      "parameter": "propertyName",
      "preformatted": false,
      "type": "undefined",
      "values": [
        "propertyName"
      ]
    },
    "propertyValue": {
      "label": "Property Value",
      "length": 256,
      "parameter": "propertyValue",
      "preformatted": false,
      "type": "undefined",
      "values": [
        "propertyValue"
      ]
    },
    "tunedValue": {
      "label": "Tuned Value",
      "length": 256,
      "parameter": "tunedValue",
      "preformatted": false,
      "type": "undefined",
      "values": [
        "tunedValue"
      ]
    }
  },
  "data": [
    {
      "dataMap": {
        "propertyName": "atAppendLookup",
        "propertyValue": "false",
        "tunedValue": ""
      },
      "rowNumber": 1
    },
    {
      "dataMap": {
        "propertyName": "atCreateHistory",
        "propertyValue": "false",
        "tunedValue": ""
      },
      "rowNumber": 2
    },
    {
      "dataMap": {
        "propertyName": "atHistoryLibUri",
        "propertyValue": "",
        "tunedValue": ""
      },
      "rowNumber": 3
    },
    {
      "dataMap": {
        "propertyName": "atHistoryTblName",
        "propertyValue": "",
        "tunedValue": ""
      },
      "rowNumber": 4
    },
    {
      "dataMap": {
        "propertyName": "atLeaveAutotuneOn",
        "propertyValue": "false",
        "tunedValue": ""
      },
      "rowNumber": 5
    },
    {
      "dataMap": {
        "propertyName": "atLookupTableUri",
        "propertyValue": "",
        "tunedValue": ""
      },
      "rowNumber": 6
    },
    {
      "dataMap": {
        "propertyName": "atMaxBayes",
        "propertyValue": "100",
        "tunedValue": ""
      },
      "rowNumber": 7
    },
    {
      "dataMap": {
        "propertyName": "atMaxEval",
        "propertyValue": "50",
        "tunedValue": ""
      },
      "rowNumber": 8
    },
    {
      "dataMap": {
        "propertyName": "atMaxIter",
        "propertyValue": "5",
        "tunedValue": ""
      },
      "rowNumber": 9
    },
    {
      "dataMap": {
        "propertyName": "atMaxTime",
        "propertyValue": "60",
        "tunedValue": ""
      },
      "rowNumber": 10
    },
    {
      "dataMap": {
        "propertyName": "atObjectiveInt",
        "propertyValue": "ASE",
        "tunedValue": ""
      },
      "rowNumber": 11
    },
    {
      "dataMap": {
        "propertyName": "atObjectiveNom",
        "propertyValue": "KS",
        "tunedValue": ""
      },
      "rowNumber": 12
    },
    {
      "dataMap": {
        "propertyName": "atPopSize",
        "propertyValue": "10",
        "tunedValue": ""
      },
      "rowNumber": 13
    },
    {
      "dataMap": {
        "propertyName": "atSampleSize",
        "propertyValue": "50",
        "tunedValue": ""
      },
      "rowNumber": 14
    },
    {
      "dataMap": {
        "propertyName": "atSearchMethod",
        "propertyValue": "GA",
        "tunedValue": ""
      },
      "rowNumber": 15
    },
    {
      "dataMap": {
        "propertyName": "atTrainProp",
        "propertyValue": "0.7",
        "tunedValue": ""
      },
      "rowNumber": 16
    },
    {
      "dataMap": {
        "propertyName": "atUpdateProperties",
        "propertyValue": "false",
        "tunedValue": ""
      },
      "rowNumber": 17
    },
    {
      "dataMap": {
        "propertyName": "atUseLookup",
        "propertyValue": "false",
        "tunedValue": ""
      },
      "rowNumber": 18
    },
    {
      "dataMap": {
        "propertyName": "atValidFold",
        "propertyValue": "3",
        "tunedValue": ""
      },
      "rowNumber": 19
    },
    {
      "dataMap": {
        "propertyName": "atValidMethod",
        "propertyValue": "KFOLD",
        "tunedValue": ""
      },
      "rowNumber": 20
    },
    {
      "dataMap": {
        "propertyName": "atValidProp",
        "propertyValue": "0.3",
        "tunedValue": ""
      },
      "rowNumber": 21
    },
    {
      "dataMap": {
        "propertyName": "atbagFreqInitLgbm",
        "propertyValue": "0",
        "tunedValue": ""
      },
      "rowNumber": 22
    },
    {
      "dataMap": {
        "propertyName": "atbagFreqLBLgbm",
        "propertyValue": "0",
        "tunedValue": ""
      },
      "rowNumber": 23
    },
    {
      "dataMap": {
        "propertyName": "atbagFreqLgbm",
        "propertyValue": "true",
        "tunedValue": ""
      },
      "rowNumber": 24
    },
    {
      "dataMap": {
        "propertyName": "atbagFreqUBLgbm",
        "propertyValue": "7",
        "tunedValue": ""
      },
      "rowNumber": 25
    },
    {
      "dataMap": {
        "propertyName": "atbagPctInitLgbm",
        "propertyValue": "0.5",
        "tunedValue": ""
      },
      "rowNumber": 26
    },
    {
      "dataMap": {
        "propertyName": "atbagPctLBLgbm",
        "propertyValue": "0.2",
        "tunedValue": ""
      },
      "rowNumber": 27
    },
    {
      "dataMap": {
        "propertyName": "atbagPctLgbm",
        "propertyValue": "true",
        "tunedValue": ""
      },
      "rowNumber": 28
    },
    {
      "dataMap": {
        "propertyName": "atbagPctUBLgbm",
        "propertyValue": "0.95",
        "tunedValue": ""
      },
      "rowNumber": 29
    },
    {
      "dataMap": {
        "propertyName": "atinputPctInitLgbm",
        "propertyValue": "1",
        "tunedValue": ""
      },
      "rowNumber": 30
    },
    {
      "dataMap": {
        "propertyName": "atinputPctLBLgbm",
        "propertyValue": "0.1",
        "tunedValue": ""
      },
      "rowNumber": 31
    },
    {
      "dataMap": {
        "propertyName": "atinputPctLgbm",
        "propertyValue": "true",
        "tunedValue": ""
      },
      "rowNumber": 32
    },
    {
      "dataMap": {
        "propertyName": "atinputPctUBLgbm",
        "propertyValue": "1",
        "tunedValue": ""
      },
      "rowNumber": 33
    },
    {
      "dataMap": {
        "propertyName": "atintervalBins",
        "propertyValue": "true",
        "tunedValue": ""
      },
      "rowNumber": 34
    },
    {
      "dataMap": {
        "propertyName": "atintervalBinsInit",
        "propertyValue": "50",
        "tunedValue": "50"
      },
      "rowNumber": 35
    },
    {
      "dataMap": {
        "propertyName": "atintervalBinsLB",
        "propertyValue": "20",
        "tunedValue": ""
      },
      "rowNumber": 36
    },
    {
      "dataMap": {
        "propertyName": "atintervalBinsUB",
        "propertyValue": "100",
        "tunedValue": ""
      },
      "rowNumber": 37
    },
    {
      "dataMap": {
        "propertyName": "atlasso",
        "propertyValue": "true",
        "tunedValue": ""
      },
      "rowNumber": 38
    },
    {
      "dataMap": {
        "propertyName": "atlassoInit",
        "propertyValue": "0",
        "tunedValue": "0"
      },
      "rowNumber": 39
    },
    {
      "dataMap": {
        "propertyName": "atlassoLB",
        "propertyValue": "0",
        "tunedValue": ""
      },
      "rowNumber": 40
    },
    {
      "dataMap": {
        "propertyName": "atlassoUB",
        "propertyValue": "10",
        "tunedValue": ""
      },
      "rowNumber": 41
    },
    {
      "dataMap": {
        "propertyName": "atleafSize",
        "propertyValue": "false",
        "tunedValue": ""
      },
      "rowNumber": 42
    },
    {
      "dataMap": {
        "propertyName": "atleafSizeInit",
        "propertyValue": "5",
        "tunedValue": ""
      },
      "rowNumber": 43
    },
    {
      "dataMap": {
        "propertyName": "atleafSizeLB",
        "propertyValue": "1",
        "tunedValue": ""
      },
      "rowNumber": 44
    },
    {
      "dataMap": {
        "propertyName": "atleafSizeUB",
        "propertyValue": "100",
        "tunedValue": ""
      },
      "rowNumber": 45
    },
    {
      "dataMap": {
        "propertyName": "atlearnrt",
        "propertyValue": "true",
        "tunedValue": ""
      },
      "rowNumber": 46
    },
    {
      "dataMap": {
        "propertyName": "atlearnrtInit",
        "propertyValue": "0.1",
        "tunedValue": "0.1"
      },
      "rowNumber": 47
    },
    {
      "dataMap": {
        "propertyName": "atlearnrtLB",
        "propertyValue": "0.01",
        "tunedValue": ""
      },
      "rowNumber": 48
    },
    {
      "dataMap": {
        "propertyName": "atlearnrtUB",
        "propertyValue": "1",
        "tunedValue": ""
      },
      "rowNumber": 49
    },
    {
      "dataMap": {
        "propertyName": "atmaxdepth",
        "propertyValue": "true",
        "tunedValue": ""
      },
      "rowNumber": 50
    },
    {
      "dataMap": {
        "propertyName": "atmaxdepthInit",
        "propertyValue": "4",
        "tunedValue": "4"
      },
      "rowNumber": 51
    },
    {
      "dataMap": {
        "propertyName": "atmaxdepthLB",
        "propertyValue": "1",
        "tunedValue": ""
      },
      "rowNumber": 52
    },
    {
      "dataMap": {
        "propertyName": "atmaxdepthUB",
        "propertyValue": "6",
        "tunedValue": ""
      },
      "rowNumber": 53
    },
    {
      "dataMap": {
        "propertyName": "atntrees",
        "propertyValue": "true",
        "tunedValue": ""
      },
      "rowNumber": 54
    },
    {
      "dataMap": {
        "propertyName": "atntreesInit",
        "propertyValue": "100",
        "tunedValue": ""
      },
      "rowNumber": 55
    },
    {
      "dataMap": {
        "propertyName": "atntreesLB",
        "propertyValue": "20",
        "tunedValue": ""
      },
      "rowNumber": 56
    },
    {
      "dataMap": {
        "propertyName": "atntreesUB",
        "propertyValue": "150",
        "tunedValue": ""
      },
      "rowNumber": 57
    },
    {
      "dataMap": {
        "propertyName": "atridge",
        "propertyValue": "true",
        "tunedValue": ""
      },
      "rowNumber": 58
    },
    {
      "dataMap": {
        "propertyName": "atridgeInit",
        "propertyValue": "1",
        "tunedValue": "6"
      },
      "rowNumber": 59
    },
    {
      "dataMap": {
        "propertyName": "atridgeLB",
        "propertyValue": "0",
        "tunedValue": ""
      },
      "rowNumber": 60
    },
    {
      "dataMap": {
        "propertyName": "atridgeUB",
        "propertyValue": "10",
        "tunedValue": ""
      },
      "rowNumber": 61
    },
    {
      "dataMap": {
        "propertyName": "atsamprt",
        "propertyValue": "true",
        "tunedValue": ""
      },
      "rowNumber": 62
    },
    {
      "dataMap": {
        "propertyName": "atsamprtInit",
        "propertyValue": "0.5",
        "tunedValue": "0.5"
      },
      "rowNumber": 63
    },
    {
      "dataMap": {
        "propertyName": "atsamprtLB",
        "propertyValue": "0.1",
        "tunedValue": ""
      },
      "rowNumber": 64
    },
    {
      "dataMap": {
        "propertyName": "atsamprtUB",
        "propertyValue": "1",
        "tunedValue": ""
      },
      "rowNumber": 65
    },
    {
      "dataMap": {
        "propertyName": "atvarsToTry",
        "propertyValue": "true",
        "tunedValue": ""
      },
      "rowNumber": 66
    },
    {
      "dataMap": {
        "propertyName": "atvarsToTryInit",
        "propertyValue": "100",
        "tunedValue": "31"
      },
      "rowNumber": 67
    },
    {
      "dataMap": {
        "propertyName": "atvarsToTryLB",
        "propertyValue": "1",
        "tunedValue": ""
      },
      "rowNumber": 68
    },
    {
      "dataMap": {
        "propertyName": "atvarsToTryUB",
        "propertyValue": "100",
        "tunedValue": ""
      },
      "rowNumber": 69
    },
    {
      "dataMap": {
        "propertyName": "autotune_enabled",
        "propertyValue": "true",
        "tunedValue": ""
      },
      "rowNumber": 70
    },
    {
      "dataMap": {
        "propertyName": "bagFractionLgbm",
        "propertyValue": "0.5",
        "tunedValue": ""
      },
      "rowNumber": 71
    },
    {
      "dataMap": {
        "propertyName": "bagFreqLgbm",
        "propertyValue": "0",
        "tunedValue": ""
      },
      "rowNumber": 72
    },
    {
      "dataMap": {
        "propertyName": "binaryProbCutoff",
        "propertyValue": "0.5",
        "tunedValue": ""
      },
      "rowNumber": 73
    },
    {
      "dataMap": {
        "propertyName": "boostingLgbm",
        "propertyValue": "GBDT",
        "tunedValue": ""
      },
      "rowNumber": 74
    },
    {
      "dataMap": {
        "propertyName": "classDistrLgbm",
        "propertyValue": "MULTICLASS",
        "tunedValue": ""
      },
      "rowNumber": 75
    },
    {
      "dataMap": {
        "propertyName": "codeLocation",
        "propertyValue": "mlearning",
        "tunedValue": ""
      },
      "rowNumber": 76
    },
    {
      "dataMap": {
        "propertyName": "dataMiningVersion",
        "propertyValue": "V2024.03",
        "tunedValue": ""
      },
      "rowNumber": 77
    },
    {
      "dataMap": {
        "propertyName": "defaultVarsPerTree",
        "propertyValue": "true",
        "tunedValue": "false"
      },
      "rowNumber": 78
    },
    {
      "dataMap": {
        "propertyName": "deterministicLgbm",
        "propertyValue": "false",
        "tunedValue": ""
      },
      "rowNumber": 79
    },
    {
      "dataMap": {
        "propertyName": "distribution",
        "propertyValue": "GAUSSIAN",
        "tunedValue": ""
      },
      "rowNumber": 80
    },
    {
      "dataMap": {
        "propertyName": "earlyStop",
        "propertyValue": "true",
        "tunedValue": ""
      },
      "rowNumber": 81
    },
    {
      "dataMap": {
        "propertyName": "earlyStopMethod",
        "propertyValue": "STAGNATION",
        "tunedValue": ""
      },
      "rowNumber": 82
    },
    {
      "dataMap": {
        "propertyName": "esMetric",
        "propertyValue": "MCR",
        "tunedValue": ""
      },
      "rowNumber": 83
    },
    {
      "dataMap": {
        "propertyName": "esMinimum",
        "propertyValue": "false",
        "tunedValue": ""
      },
      "rowNumber": 84
    },
    {
      "dataMap": {
        "propertyName": "esThreshold",
        "propertyValue": "0",
        "tunedValue": ""
      },
      "rowNumber": 85
    },
    {
      "dataMap": {
        "propertyName": "esThresholdIter",
        "propertyValue": "0",
        "tunedValue": ""
      },
      "rowNumber": 86
    },
    {
      "dataMap": {
        "propertyName": "exactPctlLift",
        "propertyValue": "true",
        "tunedValue": ""
      },
      "rowNumber": 87
    },
    {
      "dataMap": {
        "propertyName": "explainFidelity",
        "propertyValue": "false",
        "tunedValue": ""
      },
      "rowNumber": 88
    },
    {
      "dataMap": {
        "propertyName": "explainInfo",
        "propertyValue": "false",
        "tunedValue": ""
      },
      "rowNumber": 89
    },
    {
      "dataMap": {
        "propertyName": "fullDatasetReconstitution",
        "propertyValue": "false",
        "tunedValue": ""
      },
      "rowNumber": 90
    },
    {
      "dataMap": {
        "propertyName": "icePlots",
        "propertyValue": "false",
        "tunedValue": ""
      },
      "rowNumber": 91
    },
    {
      "dataMap": {
        "propertyName": "inputFractionLgbm",
        "propertyValue": "1",
        "tunedValue": ""
      },
      "rowNumber": 92
    },
    {
      "dataMap": {
        "propertyName": "intBinMethod",
        "propertyValue": "QUANTILE",
        "tunedValue": ""
      },
      "rowNumber": 93
    },
    {
      "dataMap": {
        "propertyName": "intervalBins",
        "propertyValue": "50",
        "tunedValue": "50"
      },
      "rowNumber": 94
    },
    {
      "dataMap": {
        "propertyName": "intervalDistrLgbm",
        "propertyValue": "REGRESSION",
        "tunedValue": ""
      },
      "rowNumber": 95
    },
    {
      "dataMap": {
        "propertyName": "lasso",
        "propertyValue": "0",
        "tunedValue": "0"
      },
      "rowNumber": 96
    },
    {
      "dataMap": {
        "propertyName": "learningRate",
        "propertyValue": "0.1",
        "tunedValue": "0.1"
      },
      "rowNumber": 97
    },
    {
      "dataMap": {
        "propertyName": "lightGBM_enabled",
        "propertyValue": "false",
        "tunedValue": ""
      },
      "rowNumber": 98
    },
    {
      "dataMap": {
        "propertyName": "maxBranch",
        "propertyValue": "2",
        "tunedValue": ""
      },
      "rowNumber": 99
    },
    {
      "dataMap": {
        "propertyName": "maxCategories",
        "propertyValue": "128",
        "tunedValue": ""
      },
      "rowNumber": 100
    },
    {
      "dataMap": {
        "propertyName": "maxDepth",
        "propertyValue": "4",
        "tunedValue": "4"
      },
      "rowNumber": 101
    },
    {
      "dataMap": {
        "propertyName": "maxNumShapVars",
        "propertyValue": "20",
        "tunedValue": ""
      },
      "rowNumber": 102
    },
    {
      "dataMap": {
        "propertyName": "minLeafSize",
        "propertyValue": "5",
        "tunedValue": ""
      },
      "rowNumber": 103
    },
    {
      "dataMap": {
        "propertyName": "minUseInSearch",
        "propertyValue": "1",
        "tunedValue": ""
      },
      "rowNumber": 104
    },
    {
      "dataMap": {
        "propertyName": "missingLgbm",
        "propertyValue": "true",
        "tunedValue": ""
      },
      "rowNumber": 105
    },
    {
      "dataMap": {
        "propertyName": "missingValue",
        "propertyValue": "USEINSEARCH",
        "tunedValue": ""
      },
      "rowNumber": 106
    },
    {
      "dataMap": {
        "propertyName": "nBins",
        "propertyValue": "50",
        "tunedValue": ""
      },
      "rowNumber": 107
    },
    {
      "dataMap": {
        "propertyName": "ntrees",
        "propertyValue": "100",
        "tunedValue": ""
      },
      "rowNumber": 108
    },
    {
      "dataMap": {
        "propertyName": "pdNumImportantInputs",
        "propertyValue": "5",
        "tunedValue": ""
      },
      "rowNumber": 109
    },
    {
      "dataMap": {
        "propertyName": "pdObsSamples",
        "propertyValue": "1000",
        "tunedValue": ""
      },
      "rowNumber": 110
    },
    {
      "dataMap": {
        "propertyName": "pdPlots",
        "propertyValue": "false",
        "tunedValue": ""
      },
      "rowNumber": 111
    },
    {
      "dataMap": {
        "propertyName": "performKernelShap",
        "propertyValue": "false",
        "tunedValue": ""
      },
      "rowNumber": 112
    },
    {
      "dataMap": {
        "propertyName": "performLime",
        "propertyValue": "false",
        "tunedValue": ""
      },
      "rowNumber": 113
    },
    {
      "dataMap": {
        "propertyName": "performVI",
        "propertyValue": "false",
        "tunedValue": ""
      },
      "rowNumber": 114
    },
    {
      "dataMap": {
        "propertyName": "power",
        "propertyValue": "1.5",
        "tunedValue": ""
      },
      "rowNumber": 115
    },
    {
      "dataMap": {
        "propertyName": "reportingOnly",
        "propertyValue": "false",
        "tunedValue": ""
      },
      "rowNumber": 116
    },
    {
      "dataMap": {
        "propertyName": "ridge",
        "propertyValue": "1",
        "tunedValue": "6"
      },
      "rowNumber": 117
    },
    {
      "dataMap": {
        "propertyName": "seed",
        "propertyValue": "12345",
        "tunedValue": ""
      },
      "rowNumber": 118
    },
    {
      "dataMap": {
        "propertyName": "seedId",
        "propertyValue": "12345",
        "tunedValue": ""
      },
      "rowNumber": 119
    },
    {
      "dataMap": {
        "propertyName": "specifyRows",
        "propertyValue": "RANDOM",
        "tunedValue": ""
      },
      "rowNumber": 120
    },
    {
      "dataMap": {
        "propertyName": "stagnation",
        "propertyValue": "5",
        "tunedValue": ""
      },
      "rowNumber": 121
    },
    {
      "dataMap": {
        "propertyName": "subsampleRate",
        "propertyValue": "0.5",
        "tunedValue": "0.5"
      },
      "rowNumber": 122
    },
    {
      "dataMap": {
        "propertyName": "templateRevision",
        "propertyValue": "5",
        "tunedValue": ""
      },
      "rowNumber": 123
    },
    {
      "dataMap": {
        "propertyName": "tolerance",
        "propertyValue": "0",
        "tunedValue": ""
      },
      "rowNumber": 124
    },
    {
      "dataMap": {
        "propertyName": "train",
        "propertyValue": "true",
        "tunedValue": ""
      },
      "rowNumber": 125
    },
    {
      "dataMap": {
        "propertyName": "truncateLl",
        "propertyValue": "5",
        "tunedValue": ""
      },
      "rowNumber": 126
    },
    {
      "dataMap": {
        "propertyName": "truncateUl",
        "propertyValue": "95",
        "tunedValue": ""
      },
      "rowNumber": 127
    },
    {
      "dataMap": {
        "propertyName": "userProbCutoff",
        "propertyValue": "false",
        "tunedValue": ""
      },
      "rowNumber": 128
    },
    {
      "dataMap": {
        "propertyName": "varsToTry",
        "propertyValue": "100",
        "tunedValue": "31"
      },
      "rowNumber": 129
    }
  ],
  "xInteger": false,
  "yInteger": false
}