{
  "creationTimeStamp": "0001-01-01T00:00:00Z",
  "modifiedTimeStamp": "0001-01-01T00:00:00Z",
  "revision": 0,
  "name": "dmcas_relativeimportance",
  "version": 0,
  "order": 0,
  "parameterMap": {
    "LABEL": {
      "label": "Variable Label",
      "length": 256,
      "order": 1,
      "parameter": "LABEL",
      "preformatted": false,
      "type": "char",
      "values": [
        "LABEL"
      ]
    },
    "LEVEL": {
      "label": "Variable Level",
      "length": 10,
      "order": 5,
      "parameter": "LEVEL",
      "preformatted": false,
      "type": "char",
      "values": [
        "LEVEL"
      ]
    },
    "ROLE": {
      "label": "Role",
      "length": 32,
      "order": 4,
      "parameter": "ROLE",
      "preformatted": false,
      "type": "char",
      "values": [
        "ROLE"
      ]
    },
    "RelativeImportance": {
      "label": "Relative Importance",
      "length": 8,
      "order": 3,
      "parameter": "RelativeImportance",
      "preformatted": false,
      "type": "num",
      "values": [
        "RelativeImportance"
      ]
    },
    "Variable": {
      "label": "Variable Name",
      "length": 255,
      "order": 2,
      "parameter": "Variable",
      "preformatted": false,
      "type": "char",
      "values": [
        "Variable"
      ]
    }
  },
  "data": [
    {
      "dataMap": {
        "LABEL": "",
        "LEVEL": "NOMINAL",
        "ROLE": "INPUT",
        "RelativeImportance": "1",
        "Variable": "Education"
      },
      "rowNumber": 1
    },
    {
      "dataMap": {
        "LABEL": "",
        "LEVEL": "NOMINAL",
        "ROLE": "INPUT",
        "RelativeImportance": "0.895355535418",
        "Variable": "Occupation"
      },
      "rowNumber": 2
    },
    {
      "dataMap": {
        "LABEL": "",
        "LEVEL": "NOMINAL",
        "ROLE": "INPUT",
        "RelativeImportance": "0.846639771195",
        "Variable": "Relationship"
      },
      "rowNumber": 3
    },
    {
      "dataMap": {
        "LABEL": "",
        "LEVEL": "NOMINAL",
        "ROLE": "INPUT",
        "RelativeImportance": "0.819089684228",
        "Variable": "MartialStatus"
      },
      "rowNumber": 4
    },
    {
      "dataMap": {
        "LABEL": "",
        "LEVEL": "INTERVAL",
        "ROLE": "INPUT",
        "RelativeImportance": "0.369432089367",
        "Variable": "Age"
      },
      "rowNumber": 5
    },
    {
      "dataMap": {
        "LABEL": "",
        "LEVEL": "NOMINAL",
        "ROLE": "INPUT",
        "RelativeImportance": "0.311956562461",
        "Variable": "WorkClass"
      },
      "rowNumber": 6
    },
    {
      "dataMap": {
        "LABEL": "",
        "LEVEL": "INTERVAL",
        "ROLE": "INPUT",
        "RelativeImportance": "0.301474367688",
        "Variable": "HoursPerWeek"
      },
      "rowNumber": 7
    },
    {
      "dataMap": {
        "LABEL": "",
        "LEVEL": "BINARY",
        "ROLE": "INPUT",
        "RelativeImportance": "0.166326457592",
        "Variable": "Sex"
      },
      "rowNumber": 8
    },
    {
      "dataMap": {
        "LABEL": "",
        "LEVEL": "NOMINAL",
        "ROLE": "INPUT",
        "RelativeImportance": "0.0408003352191",
        "Variable": "Race"
      },
      "rowNumber": 9
    }
  ],
  "xInteger": false,
  "yInteger": false
}