{
  "creationTimeStamp": "0001-01-01T00:00:00Z",
  "modifiedTimeStamp": "0001-01-01T00:00:00Z",
  "revision": 0,
  "name": "dmcas_lift",
  "version": 0,
  "order": 0,
  "parameterMap": {
    "_Column_": {
      "label": "Analysis Variable",
      "length": 8,
      "order": 5,
      "parameter": "_Column_",
      "preformatted": false,
      "type": "char",
      "values": [
        "_Column_"
      ]
    },
    "_CumLiftBest_": {
      "label": "Best Cumulative Lift",
      "length": 8,
      "order": 19,
      "parameter": "_CumLiftBest_",
      "preformatted": false,
      "type": "num",
      "values": [
        "_CumLiftBest_"
      ]
    },
    "_CumLift_": {
      "label": "Cumulative Lift",
      "length": 8,
      "order": 18,
      "parameter": "_CumLift_",
      "preformatted": false,
      "type": "num",
      "values": [
        "_CumLift_"
      ]
    },
    "_CumPctRespBest_": {
      "label": "Best Cumulative Response Percentage",
      "length": 8,
      "order": 23,
      "parameter": "_CumPctRespBest_",
      "preformatted": false,
      "type": "num",
      "values": [
        "_CumPctRespBest_"
      ]
    },
    "_CumPctResp_": {
      "label": "Cumulative Response Percentage",
      "length": 8,
      "order": 22,
      "parameter": "_CumPctResp_",
      "preformatted": false,
      "type": "num",
      "values": [
        "_CumPctResp_"
      ]
    },
    "_CumRespBest_": {
      "label": "Best Cumulative Captured Response Percentage",
      "length": 8,
      "order": 17,
      "parameter": "_CumRespBest_",
      "preformatted": false,
      "type": "num",
      "values": [
        "_CumRespBest_"
      ]
    },
    "_CumResp_": {
      "label": "Cumulative Captured Response Percentage",
      "length": 8,
      "order": 16,
      "parameter": "_CumResp_",
      "preformatted": false,
      "type": "num",
      "values": [
        "_CumResp_"
      ]
    },
    "_DataRole_": {
      "label": "Data Role",
      "length": 10,
      "order": 2,
      "parameter": "_DataRole_",
      "preformatted": false,
      "type": "char",
      "values": [
        "_DataRole_"
      ]
    },
    "_Depth_": {
      "label": "Depth",
      "length": 8,
      "order": 7,
      "parameter": "_Depth_",
      "preformatted": false,
      "type": "num",
      "values": [
        "_Depth_"
      ]
    },
    "_Event_": {
      "label": "Event",
      "length": 12,
      "order": 6,
      "parameter": "_Event_",
      "preformatted": false,
      "type": "char",
      "values": [
        "_Event_"
      ]
    },
    "_GainBest_": {
      "label": "Best Gain",
      "length": 8,
      "order": 25,
      "parameter": "_GainBest_",
      "preformatted": false,
      "type": "num",
      "values": [
        "_GainBest_"
      ]
    },
    "_Gain_": {
      "label": "Gain",
      "length": 8,
      "order": 24,
      "parameter": "_Gain_",
      "preformatted": false,
      "type": "num",
      "values": [
        "_Gain_"
      ]
    },
    "_LiftBest_": {
      "label": "Best Lift",
      "length": 8,
      "order": 15,
      "parameter": "_LiftBest_",
      "preformatted": false,
      "type": "num",
      "values": [
        "_LiftBest_"
      ]
    },
    "_Lift_": {
      "label": "Lift",
      "length": 8,
      "order": 14,
      "parameter": "_Lift_",
      "preformatted": false,
      "type": "num",
      "values": [
        "_Lift_"
      ]
    },
    "_NEventsBest_": {
      "label": "Best Number of Events",
      "length": 8,
      "order": 11,
      "parameter": "_NEventsBest_",
      "preformatted": false,
      "type": "num",
      "values": [
        "_NEventsBest_"
      ]
    },
    "_NEvents_": {
      "label": "Number of Events",
      "length": 8,
      "order": 10,
      "parameter": "_NEvents_",
      "preformatted": false,
      "type": "num",
      "values": [
        "_NEvents_"
      ]
    },
    "_NObs_": {
      "label": "Number of Observations",
      "length": 8,
      "order": 9,
      "parameter": "_NObs_",
      "preformatted": false,
      "type": "num",
      "values": [
        "_NObs_"
      ]
    },
    "_PartInd_": {
      "label": "Partition Indicator",
      "length": 8,
      "order": 3,
      "parameter": "_PartInd_",
      "preformatted": false,
      "type": "num",
      "values": [
        "_PartInd_"
      ]
    },
    "_PctRespBest_": {
      "label": "Best Response Percentage",
      "length": 8,
      "order": 21,
      "parameter": "_PctRespBest_",
      "preformatted": false,
      "type": "num",
      "values": [
        "_PctRespBest_"
      ]
    },
    "_PctResp_": {
      "label": "Response Percentage",
      "length": 8,
      "order": 20,
      "parameter": "_PctResp_",
      "preformatted": false,
      "type": "num",
      "values": [
        "_PctResp_"
      ]
    },
    "_RespBest_": {
      "label": "Best Captured Response Percentage",
      "length": 8,
      "order": 13,
      "parameter": "_RespBest_",
      "preformatted": false,
      "type": "num",
      "values": [
        "_RespBest_"
      ]
    },
    "_Resp_": {
      "label": "Captured Response Percentage",
      "length": 8,
      "order": 12,
      "parameter": "_Resp_",
      "preformatted": false,
      "type": "num",
      "values": [
        "_Resp_"
      ]
    },
    "_TargetName_": {
      "label": "Target Name",
      "length": 5,
      "order": 1,
      "parameter": "_TargetName_",
      "preformatted": false,
      "type": "char",
      "values": [
        "_TargetName_"
      ]
    },
    "_Value_": {
      "label": "Value",
      "length": 8,
      "order": 8,
      "parameter": "_Value_",
      "preformatted": false,
      "type": "num",
      "values": [
        "_Value_"
      ]
    },
    "_formattedPartition_": {
      "label": "Formatted Partition",
      "length": 12,
      "order": 4,
      "parameter": "_formattedPartition_",
      "preformatted": false,
      "type": "char",
      "values": [
        "_formattedPartition_"
      ]
    }
  },
  "data": [
    {
      "dataMap": {
        "_Column_": "P_GE50K1",
        "_CumLiftBest_": null,
        "_CumLift_": null,
        "_CumPctRespBest_": null,
        "_CumPctResp_": null,
        "_CumRespBest_": "0",
        "_CumResp_": "0",
        "_DataRole_": "VALIDATE",
        "_Depth_": "0",
        "_Event_": "           1",
        "_GainBest_": null,
        "_Gain_": null,
        "_LiftBest_": null,
        "_Lift_": null,
        "_NEventsBest_": "0",
        "_NEvents_": "0",
        "_NObs_": "0",
        "_PartInd_": "0",
        "_PctRespBest_": null,
        "_PctResp_": null,
        "_RespBest_": "0",
        "_Resp_": "0",
        "_TargetName_": "GE50K",
        "_Value_": "0",
        "_formattedPartition_": "           0"
      },
      "rowNumber": 1
    },
    {
      "dataMap": {
        "_Column_": "P_GE50K1",
        "_CumLiftBest_": "4.15816326531",
        "_CumLift_": "3.69047619048",
        "_CumPctRespBest_": "100",
        "_CumPctResp_": "88.7525562372",
        "_CumRespBest_": "20.7908163265",
        "_CumResp_": "18.4523809524",
        "_DataRole_": "VALIDATE",
        "_Depth_": "5",
        "_Event_": "           1",
        "_GainBest_": "3.15816326531",
        "_Gain_": "2.69047619048",
        "_LiftBest_": "4.15816326531",
        "_Lift_": "3.69047619048",
        "_NEventsBest_": "489",
        "_NEvents_": "434",
        "_NObs_": "489",
        "_PartInd_": "0",
        "_PctRespBest_": "100",
        "_PctResp_": "88.7525562372",
        "_RespBest_": "20.7908163265",
        "_Resp_": "18.4523809524",
        "_TargetName_": "GE50K",
        "_Value_": "0.784988298127",
        "_formattedPartition_": "           0"
      },
      "rowNumber": 2
    },
    {
      "dataMap": {
        "_Column_": "P_GE50K1",
        "_CumLiftBest_": "4.15816326531",
        "_CumLift_": "3.33758503401",
        "_CumPctRespBest_": "100",
        "_CumPctResp_": "80.2658486708",
        "_CumRespBest_": "41.5816326531",
        "_CumResp_": "33.3758503401",
        "_DataRole_": "VALIDATE",
        "_Depth_": "10",
        "_Event_": "           1",
        "_GainBest_": "3.15816326531",
        "_Gain_": "2.33758503401",
        "_LiftBest_": "4.15816326531",
        "_Lift_": "2.98469387755",
        "_NEventsBest_": "489",
        "_NEvents_": "351",
        "_NObs_": "489",
        "_PartInd_": "0",
        "_PctRespBest_": "100",
        "_PctResp_": "71.7791411043",
        "_RespBest_": "20.7908163265",
        "_Resp_": "14.9234693878",
        "_TargetName_": "GE50K",
        "_Value_": "0.676714883379",
        "_formattedPartition_": "           0"
      },
      "rowNumber": 3
    },
    {
      "dataMap": {
        "_Column_": "P_GE50K1",
        "_CumLiftBest_": "4.15816326531",
        "_CumLift_": "3.17176870748",
        "_CumPctRespBest_": "100",
        "_CumPctResp_": "76.2781186094",
        "_CumRespBest_": "62.3724489796",
        "_CumResp_": "47.5765306122",
        "_DataRole_": "VALIDATE",
        "_Depth_": "15",
        "_Event_": "           1",
        "_GainBest_": "3.15816326531",
        "_Gain_": "2.17176870748",
        "_LiftBest_": "4.15816326531",
        "_Lift_": "2.84013605442",
        "_NEventsBest_": "489",
        "_NEvents_": "334",
        "_NObs_": "489",
        "_PartInd_": "0",
        "_PctRespBest_": "100",
        "_PctResp_": "68.3026584867",
        "_RespBest_": "20.7908163265",
        "_Resp_": "14.2006802721",
        "_TargetName_": "GE50K",
        "_Value_": "0.556360385637",
        "_formattedPartition_": "           0"
      },
      "rowNumber": 4
    },
    {
      "dataMap": {
        "_Column_": "P_GE50K1",
        "_CumLiftBest_": "4.15603741497",
        "_CumLift_": "2.96130952381",
        "_CumPctRespBest_": "100",
        "_CumPctResp_": "71.2531969309",
        "_CumRespBest_": "83.1207482993",
        "_CumResp_": "59.2261904762",
        "_DataRole_": "VALIDATE",
        "_Depth_": "20",
        "_Event_": "           1",
        "_GainBest_": "3.15603741497",
        "_Gain_": "1.96130952381",
        "_LiftBest_": "4.14965986395",
        "_Lift_": "2.32993197279",
        "_NEventsBest_": "488",
        "_NEvents_": "274",
        "_NObs_": "488",
        "_PartInd_": "0",
        "_PctRespBest_": "100",
        "_PctResp_": "56.1475409836",
        "_RespBest_": "20.7482993197",
        "_Resp_": "11.6496598639",
        "_TargetName_": "GE50K",
        "_Value_": "0.468956901385",
        "_formattedPartition_": "           0"
      },
      "rowNumber": 5
    },
    {
      "dataMap": {
        "_Column_": "P_GE50K1",
        "_CumLiftBest_": "4",
        "_CumLift_": "2.71428571429",
        "_CumPctRespBest_": "96.2750716332",
        "_CumPctResp_": "65.329512894",
        "_CumRespBest_": "100",
        "_CumResp_": "67.8571428571",
        "_DataRole_": "VALIDATE",
        "_Depth_": "25",
        "_Event_": "           1",
        "_GainBest_": "3",
        "_Gain_": "1.71428571429",
        "_LiftBest_": "3.37585034014",
        "_Lift_": "1.72619047619",
        "_NEventsBest_": "397",
        "_NEvents_": "203",
        "_NObs_": "488",
        "_PartInd_": "0",
        "_PctRespBest_": "81.3524590164",
        "_PctResp_": "41.5983606557",
        "_RespBest_": "16.8792517007",
        "_Resp_": "8.63095238095",
        "_TargetName_": "GE50K",
        "_Value_": "0.402817020993",
        "_formattedPartition_": "           0"
      },
      "rowNumber": 6
    },
    {
      "dataMap": {
        "_Column_": "P_GE50K1",
        "_CumLiftBest_": "3.33333333333",
        "_CumLift_": "2.52409297052",
        "_CumPctRespBest_": "80.1909307876",
        "_CumPctResp_": "60.7228094102",
        "_CumRespBest_": "100",
        "_CumResp_": "75.7227891156",
        "_DataRole_": "VALIDATE",
        "_Depth_": "30",
        "_Event_": "           1",
        "_GainBest_": "2.33333333333",
        "_Gain_": "1.52409297052",
        "_LiftBest_": "0",
        "_Lift_": "1.5731292517",
        "_NEventsBest_": "0",
        "_NEvents_": "185",
        "_NObs_": "490",
        "_PartInd_": "0",
        "_PctRespBest_": "0",
        "_PctResp_": "37.7551020408",
        "_RespBest_": "0",
        "_Resp_": "7.8656462585",
        "_TargetName_": "GE50K",
        "_Value_": "0.360104042205",
        "_formattedPartition_": "           0"
      },
      "rowNumber": 7
    },
    {
      "dataMap": {
        "_Column_": "P_GE50K1",
        "_CumLiftBest_": "2.85714285714",
        "_CumLift_": "2.33965014577",
        "_CumPctRespBest_": "68.7719298246",
        "_CumPctResp_": "56.3157894737",
        "_CumRespBest_": "100",
        "_CumResp_": "81.887755102",
        "_DataRole_": "VALIDATE",
        "_Depth_": "35",
        "_Event_": "           1",
        "_GainBest_": "1.85714285714",
        "_Gain_": "1.33965014577",
        "_LiftBest_": "0",
        "_Lift_": "1.23299319728",
        "_NEventsBest_": "0",
        "_NEvents_": "145",
        "_NObs_": "487",
        "_PartInd_": "0",
        "_PctRespBest_": "0",
        "_PctResp_": "29.7741273101",
        "_RespBest_": "0",
        "_Resp_": "6.16496598639",
        "_TargetName_": "GE50K",
        "_Value_": "0.300414058439",
        "_formattedPartition_": "           0"
      },
      "rowNumber": 8
    },
    {
      "dataMap": {
        "_Column_": "P_GE50K1",
        "_CumLiftBest_": "2.5",
        "_CumLift_": "2.16305272109",
        "_CumPctRespBest_": "60.1380721043",
        "_CumPctResp_": "52.0327282025",
        "_CumRespBest_": "100",
        "_CumResp_": "86.5221088435",
        "_DataRole_": "VALIDATE",
        "_Depth_": "40",
        "_Event_": "           1",
        "_GainBest_": "1.5",
        "_Gain_": "1.16305272109",
        "_LiftBest_": "0",
        "_Lift_": "0.926870748299",
        "_NEventsBest_": "0",
        "_NEvents_": "109",
        "_NObs_": "491",
        "_PartInd_": "0",
        "_PctRespBest_": "0",
        "_PctResp_": "22.199592668",
        "_RespBest_": "0",
        "_Resp_": "4.6343537415",
        "_TargetName_": "GE50K",
        "_Value_": "0.233424665535",
        "_formattedPartition_": "           0"
      },
      "rowNumber": 9
    },
    {
      "dataMap": {
        "_Column_": "P_GE50K1",
        "_CumLiftBest_": "2.22222222222",
        "_CumLift_": "2.01908541194",
        "_CumPctRespBest_": "53.4910166022",
        "_CumPctResp_": "48.6013190812",
        "_CumRespBest_": "100",
        "_CumResp_": "90.8588435374",
        "_DataRole_": "VALIDATE",
        "_Depth_": "45",
        "_Event_": "           1",
        "_GainBest_": "1.22222222222",
        "_Gain_": "1.01908541194",
        "_LiftBest_": "0",
        "_Lift_": "0.867346938776",
        "_NEventsBest_": "0",
        "_NEvents_": "102",
        "_NObs_": "486",
        "_PartInd_": "0",
        "_PctRespBest_": "0",
        "_PctResp_": "20.987654321",
        "_RespBest_": "0",
        "_Resp_": "4.33673469388",
        "_TargetName_": "GE50K",
        "_Value_": "0.182734940893",
        "_formattedPartition_": "           0"
      },
      "rowNumber": 10
    },
    {
      "dataMap": {
        "_Column_": "P_GE50K1",
        "_CumLiftBest_": "2",
        "_CumLift_": "1.88010204082",
        "_CumPctRespBest_": "48.1473899693",
        "_CumPctResp_": "45.2610030706",
        "_CumRespBest_": "100",
        "_CumResp_": "94.0051020408",
        "_DataRole_": "VALIDATE",
        "_Depth_": "50",
        "_Event_": "           1",
        "_GainBest_": "1",
        "_Gain_": "0.880102040816",
        "_LiftBest_": "0",
        "_Lift_": "0.62925170068",
        "_NEventsBest_": "0",
        "_NEvents_": "74",
        "_NObs_": "488",
        "_PartInd_": "0",
        "_PctRespBest_": "0",
        "_PctResp_": "15.1639344262",
        "_RespBest_": "0",
        "_Resp_": "3.1462585034",
        "_TargetName_": "GE50K",
        "_Value_": "0.134764713778",
        "_formattedPartition_": "           0"
      },
      "rowNumber": 11
    },
    {
      "dataMap": {
        "_Column_": "P_GE50K1",
        "_CumLiftBest_": "1.81818181818",
        "_CumLift_": "1.7501546073",
        "_CumPctRespBest_": "43.766282099",
        "_CumPctResp_": "42.1287681429",
        "_CumRespBest_": "100",
        "_CumResp_": "96.2585034014",
        "_DataRole_": "VALIDATE",
        "_Depth_": "55",
        "_Event_": "           1",
        "_GainBest_": "0.818181818182",
        "_Gain_": "0.750154607297",
        "_LiftBest_": "0",
        "_Lift_": "0.450680272109",
        "_NEventsBest_": "0",
        "_NEvents_": "53",
        "_NObs_": "489",
        "_PartInd_": "0",
        "_PctRespBest_": "0",
        "_PctResp_": "10.8384458078",
        "_RespBest_": "0",
        "_Resp_": "2.25340136054",
        "_TargetName_": "GE50K",
        "_Value_": "0.0921541652172",
        "_formattedPartition_": "           0"
      },
      "rowNumber": 12
    },
    {
      "dataMap": {
        "_Column_": "P_GE50K1",
        "_CumLiftBest_": "1.66666666667",
        "_CumLift_": "1.62131519274",
        "_CumPctRespBest_": "40.1228249744",
        "_CumPctResp_": "39.0310474241",
        "_CumRespBest_": "100",
        "_CumResp_": "97.2789115646",
        "_DataRole_": "VALIDATE",
        "_Depth_": "60",
        "_Event_": "           1",
        "_GainBest_": "0.666666666667",
        "_Gain_": "0.621315192744",
        "_LiftBest_": "0",
        "_Lift_": "0.204081632653",
        "_NEventsBest_": "0",
        "_NEvents_": "24",
        "_NObs_": "488",
        "_PartInd_": "0",
        "_PctRespBest_": "0",
        "_PctResp_": "4.91803278689",
        "_RespBest_": "0",
        "_Resp_": "1.02040816327",
        "_TargetName_": "GE50K",
        "_Value_": "0.060151573043",
        "_formattedPartition_": "           0"
      },
      "rowNumber": 13
    },
    {
      "dataMap": {
        "_Column_": "P_GE50K1",
        "_CumLiftBest_": "1.53846153846",
        "_CumLift_": "1.507718472",
        "_CumPctRespBest_": "37.0335380255",
        "_CumPctResp_": "36.2934970871",
        "_CumRespBest_": "100",
        "_CumResp_": "98.0017006803",
        "_DataRole_": "VALIDATE",
        "_Depth_": "65",
        "_Event_": "           1",
        "_GainBest_": "0.538461538462",
        "_Gain_": "0.507718472004",
        "_LiftBest_": "0",
        "_Lift_": "0.144557823129",
        "_NEventsBest_": "0",
        "_NEvents_": "17",
        "_NObs_": "489",
        "_PartInd_": "0",
        "_PctRespBest_": "0",
        "_PctResp_": "3.47648261759",
        "_RespBest_": "0",
        "_Resp_": "0.722789115646",
        "_TargetName_": "GE50K",
        "_Value_": "0.0391703457361",
        "_formattedPartition_": "           0"
      },
      "rowNumber": 14
    },
    {
      "dataMap": {
        "_Column_": "P_GE50K1",
        "_CumLiftBest_": "1.42857142857",
        "_CumLift_": "1.4139941691",
        "_CumPctRespBest_": "34.3909928352",
        "_CumPctResp_": "34.0400643369",
        "_CumRespBest_": "100",
        "_CumResp_": "98.9795918367",
        "_DataRole_": "VALIDATE",
        "_Depth_": "70",
        "_Event_": "           1",
        "_GainBest_": "0.428571428571",
        "_Gain_": "0.413994169096",
        "_LiftBest_": "0",
        "_Lift_": "0.195578231293",
        "_NEventsBest_": "0",
        "_NEvents_": "23",
        "_NObs_": "488",
        "_PartInd_": "0",
        "_PctRespBest_": "0",
        "_PctResp_": "4.7131147541",
        "_RespBest_": "0",
        "_Resp_": "0.977891156463",
        "_TargetName_": "GE50K",
        "_Value_": "0.0244178809346",
        "_formattedPartition_": "           0"
      },
      "rowNumber": 15
    },
    {
      "dataMap": {
        "_Column_": "P_GE50K1",
        "_CumLiftBest_": "1.33333333333",
        "_CumLift_": "1.32482993197",
        "_CumPctRespBest_": "32.100450389",
        "_CumPctResp_": "31.8957281288",
        "_CumRespBest_": "100",
        "_CumResp_": "99.362244898",
        "_DataRole_": "VALIDATE",
        "_Depth_": "75",
        "_Event_": "           1",
        "_GainBest_": "0.333333333333",
        "_Gain_": "0.324829931973",
        "_LiftBest_": "0",
        "_Lift_": "0.0765306122449",
        "_NEventsBest_": "0",
        "_NEvents_": "9",
        "_NObs_": "488",
        "_PartInd_": "0",
        "_PctRespBest_": "0",
        "_PctResp_": "1.84426229508",
        "_RespBest_": "0",
        "_Resp_": "0.382653061224",
        "_TargetName_": "GE50K",
        "_Value_": "0.0141939923432",
        "_formattedPartition_": "           0"
      },
      "rowNumber": 16
    },
    {
      "dataMap": {
        "_Column_": "P_GE50K1",
        "_CumLiftBest_": "1.25",
        "_CumLift_": "1.24574829932",
        "_CumPctRespBest_": "30.088269157",
        "_CumPctResp_": "29.9859281054",
        "_CumRespBest_": "100",
        "_CumResp_": "99.6598639456",
        "_DataRole_": "VALIDATE",
        "_Depth_": "80",
        "_Event_": "           1",
        "_GainBest_": "0.25",
        "_Gain_": "0.24574829932",
        "_LiftBest_": "0",
        "_Lift_": "0.0595238095238",
        "_NEventsBest_": "0",
        "_NEvents_": "7",
        "_NObs_": "490",
        "_PartInd_": "0",
        "_PctRespBest_": "0",
        "_PctResp_": "1.42857142857",
        "_RespBest_": "0",
        "_Resp_": "0.297619047619",
        "_TargetName_": "GE50K",
        "_Value_": "0.00733333333333",
        "_formattedPartition_": "           0"
      },
      "rowNumber": 17
    },
    {
      "dataMap": {
        "_Column_": "P_GE50K1",
        "_CumLiftBest_": "1.17647058824",
        "_CumLift_": "1.17547018808",
        "_CumPctRespBest_": "28.323699422",
        "_CumPctResp_": "28.2996146435",
        "_CumRespBest_": "100",
        "_CumResp_": "99.9149659864",
        "_DataRole_": "VALIDATE",
        "_Depth_": "85",
        "_Event_": "           1",
        "_GainBest_": "0.176470588235",
        "_Gain_": "0.175470188075",
        "_LiftBest_": "0",
        "_Lift_": "0.0510204081633",
        "_NEventsBest_": "0",
        "_NEvents_": "6",
        "_NObs_": "487",
        "_PartInd_": "0",
        "_PctRespBest_": "0",
        "_PctResp_": "1.23203285421",
        "_RespBest_": "0",
        "_Resp_": "0.255102040816",
        "_TargetName_": "GE50K",
        "_Value_": "0.00326070916171",
        "_formattedPartition_": "           0"
      },
      "rowNumber": 18
    },
    {
      "dataMap": {
        "_Column_": "P_GE50K1",
        "_CumLiftBest_": "1.11111111111",
        "_CumLift_": "1.11111111111",
        "_CumPctRespBest_": "26.7211997273",
        "_CumPctResp_": "26.7211997273",
        "_CumRespBest_": "100",
        "_CumResp_": "100",
        "_DataRole_": "VALIDATE",
        "_Depth_": "90",
        "_Event_": "           1",
        "_GainBest_": "0.111111111111",
        "_Gain_": "0.111111111111",
        "_LiftBest_": "0",
        "_Lift_": "0.0170068027211",
        "_NEventsBest_": "0",
        "_NEvents_": "2",
        "_NObs_": "498",
        "_PartInd_": "0",
        "_PctRespBest_": "0",
        "_PctResp_": "0.401606425703",
        "_RespBest_": "0",
        "_Resp_": "0.0850340136054",
        "_TargetName_": "GE50K",
        "_Value_": "0.000645161290323",
        "_formattedPartition_": "           0"
      },
      "rowNumber": 19
    },
    {
      "dataMap": {
        "_Column_": "P_GE50K1",
        "_CumLiftBest_": "1.05263157895",
        "_CumLift_": "1.05263157895",
        "_CumPctRespBest_": "25.3148207943",
        "_CumPctResp_": "25.3148207943",
        "_CumRespBest_": "100",
        "_CumResp_": "100",
        "_DataRole_": "VALIDATE",
        "_Depth_": "95",
        "_Event_": "           1",
        "_GainBest_": "0.0526315789474",
        "_Gain_": "0.0526315789474",
        "_LiftBest_": "0",
        "_Lift_": "0",
        "_NEventsBest_": "0",
        "_NEvents_": "0",
        "_NObs_": "489",
        "_PartInd_": "0",
        "_PctRespBest_": "0",
        "_PctResp_": "0",
        "_RespBest_": "0",
        "_Resp_": "0",
        "_TargetName_": "GE50K",
        "_Value_": "0",
        "_formattedPartition_": "           0"
      },
      "rowNumber": 20
    },
    {
      "dataMap": {
        "_Column_": "P_GE50K1",
        "_CumLiftBest_": "1",
        "_CumLift_": "1",
        "_CumPctRespBest_": "24.0786240786",
        "_CumPctResp_": "24.0786240786",
        "_CumRespBest_": "100",
        "_CumResp_": "100",
        "_DataRole_": "VALIDATE",
        "_Depth_": "100",
        "_Event_": "           1",
        "_GainBest_": "0",
        "_Gain_": "0",
        "_LiftBest_": "0",
        "_Lift_": "0",
        "_NEventsBest_": "0",
        "_NEvents_": "0",
        "_NObs_": "477",
        "_PartInd_": "0",
        "_PctRespBest_": "0",
        "_PctResp_": "0",
        "_RespBest_": "0",
        "_Resp_": "0",
        "_TargetName_": "GE50K",
        "_Value_": "0",
        "_formattedPartition_": "           0"
      },
      "rowNumber": 21
    },
    {
      "dataMap": {
        "_Column_": "P_GE50K1",
        "_CumLiftBest_": null,
        "_CumLift_": null,
        "_CumPctRespBest_": null,
        "_CumPctResp_": null,
        "_CumRespBest_": "0",
        "_CumResp_": "0",
        "_DataRole_": "TRAIN",
        "_Depth_": "0",
        "_Event_": "           1",
        "_GainBest_": null,
        "_Gain_": null,
        "_LiftBest_": null,
        "_Lift_": null,
        "_NEventsBest_": "0",
        "_NEvents_": "0",
        "_NObs_": "0",
        "_PartInd_": "1",
        "_PctRespBest_": null,
        "_PctResp_": null,
        "_RespBest_": "0",
        "_Resp_": "0",
        "_TargetName_": "GE50K",
        "_Value_": "0",
        "_formattedPartition_": "           1"
      },
      "rowNumber": 22
    },
    {
      "dataMap": {
        "_Column_": "P_GE50K1",
        "_CumLiftBest_": "4.15302869288",
        "_CumLift_": "3.81721572795",
        "_CumPctRespBest_": "100",
        "_CumPctResp_": "91.9140225179",
        "_CumRespBest_": "20.7651434644",
        "_CumResp_": "19.0860786397",
        "_DataRole_": "TRAIN",
        "_Depth_": "5",
        "_Event_": "           1",
        "_GainBest_": "3.15302869288",
        "_Gain_": "2.81721572795",
        "_LiftBest_": "4.15302869288",
        "_Lift_": "3.81721572795",
        "_NEventsBest_": "977",
        "_NEvents_": "898",
        "_NObs_": "977",
        "_PartInd_": "1",
        "_PctRespBest_": "100",
        "_PctResp_": "91.9140225179",
        "_RespBest_": "20.7651434644",
        "_Resp_": "19.0860786397",
        "_TargetName_": "GE50K",
        "_Value_": "0.794749771005",
        "_formattedPartition_": "           1"
      },
      "rowNumber": 23
    },
    {
      "dataMap": {
        "_Column_": "P_GE50K1",
        "_CumLiftBest_": "4.15302869288",
        "_CumLift_": "3.59617428268",
        "_CumPctRespBest_": "100",
        "_CumPctResp_": "86.5916069601",
        "_CumRespBest_": "41.5302869288",
        "_CumResp_": "35.9617428268",
        "_DataRole_": "TRAIN",
        "_Depth_": "10",
        "_Event_": "           1",
        "_GainBest_": "3.15302869288",
        "_Gain_": "2.59617428268",
        "_LiftBest_": "4.15302869288",
        "_Lift_": "3.37513283741",
        "_NEventsBest_": "977",
        "_NEvents_": "794",
        "_NObs_": "977",
        "_PartInd_": "1",
        "_PctRespBest_": "100",
        "_PctResp_": "81.2691914023",
        "_RespBest_": "20.7651434644",
        "_Resp_": "16.875664187",
        "_TargetName_": "GE50K",
        "_Value_": "0.687755722373",
        "_formattedPartition_": "           1"
      },
      "rowNumber": 24
    },
    {
      "dataMap": {
        "_Column_": "P_GE50K1",
        "_CumLiftBest_": "4.15302869288",
        "_CumLift_": "3.35954658165",
        "_CumPctRespBest_": "100",
        "_CumPctResp_": "80.8938928693",
        "_CumRespBest_": "62.2954303932",
        "_CumResp_": "50.3931987248",
        "_DataRole_": "TRAIN",
        "_Depth_": "15",
        "_Event_": "           1",
        "_GainBest_": "3.15302869288",
        "_Gain_": "2.35954658165",
        "_LiftBest_": "4.15302869288",
        "_Lift_": "2.8862911796",
        "_NEventsBest_": "977",
        "_NEvents_": "679",
        "_NObs_": "977",
        "_PartInd_": "1",
        "_PctRespBest_": "100",
        "_PctResp_": "69.4984646878",
        "_RespBest_": "20.7651434644",
        "_Resp_": "14.431455898",
        "_TargetName_": "GE50K",
        "_Value_": "0.567194502174",
        "_formattedPartition_": "           1"
      },
      "rowNumber": 25
    },
    {
      "dataMap": {
        "_Column_": "P_GE50K1",
        "_CumLiftBest_": "4.15302869288",
        "_CumLift_": "3.12539851222",
        "_CumPctRespBest_": "100",
        "_CumPctResp_": "75.2558853634",
        "_CumRespBest_": "83.0605738576",
        "_CumResp_": "62.5079702444",
        "_DataRole_": "TRAIN",
        "_Depth_": "20",
        "_Event_": "           1",
        "_GainBest_": "3.15302869288",
        "_Gain_": "2.12539851222",
        "_LiftBest_": "4.15302869288",
        "_Lift_": "2.42295430393",
        "_NEventsBest_": "977",
        "_NEvents_": "570",
        "_NObs_": "977",
        "_PartInd_": "1",
        "_PctRespBest_": "100",
        "_PctResp_": "58.3418628454",
        "_RespBest_": "20.7651434644",
        "_Resp_": "12.1147715197",
        "_TargetName_": "GE50K",
        "_Value_": "0.476424828213",
        "_formattedPartition_": "           1"
      },
      "rowNumber": 26
    },
    {
      "dataMap": {
        "_Column_": "P_GE50K1",
        "_CumLiftBest_": "4",
        "_CumLift_": "2.90329436769",
        "_CumPctRespBest_": "96.3152507677",
        "_CumPctResp_": "69.9078812692",
        "_CumRespBest_": "100",
        "_CumResp_": "72.5823591923",
        "_DataRole_": "TRAIN",
        "_Depth_": "25",
        "_Event_": "           1",
        "_GainBest_": "3",
        "_Gain_": "1.90329436769",
        "_LiftBest_": "3.38788522848",
        "_Lift_": "2.01487778959",
        "_NEventsBest_": "797",
        "_NEvents_": "474",
        "_NObs_": "977",
        "_PartInd_": "1",
        "_PctRespBest_": "81.5762538383",
        "_PctResp_": "48.5158648925",
        "_RespBest_": "16.9394261424",
        "_Resp_": "10.0743889479",
        "_TargetName_": "GE50K",
        "_Value_": "0.411789585418",
        "_formattedPartition_": "           1"
      },
      "rowNumber": 27
    },
    {
      "dataMap": {
        "_Column_": "P_GE50K1",
        "_CumLiftBest_": "3.33333333333",
        "_CumLift_": "2.69886967443",
        "_CumPctRespBest_": "80.262708973",
        "_CumPctResp_": "64.9855773704",
        "_CumRespBest_": "100",
        "_CumResp_": "80.9660902328",
        "_DataRole_": "TRAIN",
        "_Depth_": "30",
        "_Event_": "           1",
        "_GainBest_": "2.33333333333",
        "_Gain_": "1.69886967443",
        "_LiftBest_": "0",
        "_Lift_": "1.6767462081",
        "_NEventsBest_": "0",
        "_NEvents_": "394.454545455",
        "_NObs_": "977",
        "_PartInd_": "1",
        "_PctRespBest_": "0",
        "_PctResp_": "40.3740578766",
        "_RespBest_": "0",
        "_Resp_": "8.38373104048",
        "_TargetName_": "GE50K",
        "_Value_": "0.365970093633",
        "_formattedPartition_": "           1"
      },
      "rowNumber": 28
    },
    {
      "dataMap": {
        "_Column_": "P_GE50K1",
        "_CumLiftBest_": "2.85714285714",
        "_CumLift_": "2.50250493396",
        "_CumPctRespBest_": "68.7966076912",
        "_CumPctResp_": "60.2573475654",
        "_CumRespBest_": "100",
        "_CumResp_": "87.5876726886",
        "_DataRole_": "TRAIN",
        "_Depth_": "35",
        "_Event_": "           1",
        "_GainBest_": "1.85714285714",
        "_Gain_": "1.50250493396",
        "_LiftBest_": "0",
        "_Lift_": "1.32431649116",
        "_NEventsBest_": "0",
        "_NEvents_": "311.545454545",
        "_NObs_": "977",
        "_PartInd_": "1",
        "_PctRespBest_": "0",
        "_PctResp_": "31.8879687355",
        "_RespBest_": "0",
        "_Resp_": "6.6215824558",
        "_TargetName_": "GE50K",
        "_Value_": "0.307829405672",
        "_formattedPartition_": "           1"
      },
      "rowNumber": 29
    },
    {
      "dataMap": {
        "_Column_": "P_GE50K1",
        "_CumLiftBest_": "2.5",
        "_CumLift_": "2.32784272051",
        "_CumPctRespBest_": "60.1970317298",
        "_CumPctResp_": "56.0516888434",
        "_CumRespBest_": "100",
        "_CumResp_": "93.1137088204",
        "_DataRole_": "TRAIN",
        "_Depth_": "40",
        "_Event_": "           1",
        "_GainBest_": "1.5",
        "_Gain_": "1.32784272051",
        "_LiftBest_": "0",
        "_Lift_": "1.10520722635",
        "_NEventsBest_": "0",
        "_NEvents_": "260",
        "_NObs_": "977",
        "_PartInd_": "1",
        "_PctRespBest_": "0",
        "_PctResp_": "26.6120777892",
        "_RespBest_": "0",
        "_Resp_": "5.52603613177",
        "_TargetName_": "GE50K",
        "_Value_": "0.241068397101",
        "_formattedPartition_": "           1"
      },
      "rowNumber": 30
    },
    {
      "dataMap": {
        "_Column_": "P_GE50K1",
        "_CumLiftBest_": "2.22222222222",
        "_CumLift_": "2.14192938954",
        "_CumPctRespBest_": "53.5084726487",
        "_CumPctResp_": "51.57511657",
        "_CumRespBest_": "100",
        "_CumResp_": "96.3868225292",
        "_DataRole_": "TRAIN",
        "_Depth_": "45",
        "_Event_": "           1",
        "_GainBest_": "1.22222222222",
        "_Gain_": "1.14192938954",
        "_LiftBest_": "0",
        "_Lift_": "0.654622741764",
        "_NEventsBest_": "0",
        "_NEvents_": "154",
        "_NObs_": "977",
        "_PartInd_": "1",
        "_PctRespBest_": "0",
        "_PctResp_": "15.7625383828",
        "_RespBest_": "0",
        "_Resp_": "3.27311370882",
        "_TargetName_": "GE50K",
        "_Value_": "0.18204024728",
        "_formattedPartition_": "           1"
      },
      "rowNumber": 31
    },
    {
      "dataMap": {
        "_Column_": "P_GE50K1",
        "_CumLiftBest_": "2",
        "_CumLift_": "1.96811902232",
        "_CumPctRespBest_": "48.1576253838",
        "_CumPctResp_": "47.3899692938",
        "_CumRespBest_": "100",
        "_CumResp_": "98.4059511158",
        "_DataRole_": "TRAIN",
        "_Depth_": "50",
        "_Event_": "           1",
        "_GainBest_": "1",
        "_Gain_": "0.968119022317",
        "_LiftBest_": "0",
        "_Lift_": "0.403825717322",
        "_NEventsBest_": "0",
        "_NEvents_": "95",
        "_NObs_": "977",
        "_PartInd_": "1",
        "_PctRespBest_": "0",
        "_PctResp_": "9.72364380757",
        "_RespBest_": "0",
        "_Resp_": "2.01912858661",
        "_TargetName_": "GE50K",
        "_Value_": "0.129315515215",
        "_formattedPartition_": "           1"
      },
      "rowNumber": 32
    },
    {
      "dataMap": {
        "_Column_": "P_GE50K1",
        "_CumLiftBest_": "1.81818181818",
        "_CumLift_": "1.80852091585",
        "_CumPctRespBest_": "43.7796594398",
        "_CumPctResp_": "43.5470363822",
        "_CumRespBest_": "100",
        "_CumResp_": "99.4686503719",
        "_DataRole_": "TRAIN",
        "_Depth_": "55",
        "_Event_": "           1",
        "_GainBest_": "0.818181818182",
        "_Gain_": "0.808520915854",
        "_LiftBest_": "0",
        "_Lift_": "0.212539851222",
        "_NEventsBest_": "0",
        "_NEvents_": "50",
        "_NObs_": "977",
        "_PartInd_": "1",
        "_PctRespBest_": "0",
        "_PctResp_": "5.11770726714",
        "_RespBest_": "0",
        "_Resp_": "1.06269925611",
        "_TargetName_": "GE50K",
        "_Value_": "0.0847741205155",
        "_formattedPartition_": "           1"
      },
      "rowNumber": 33
    },
    {
      "dataMap": {
        "_Column_": "P_GE50K1",
        "_CumLiftBest_": "1.66666666667",
        "_CumLift_": "1.66454126815",
        "_CumPctRespBest_": "40.1313544865",
        "_CumPctResp_": "40.0801774139",
        "_CumRespBest_": "100",
        "_CumResp_": "99.8724760893",
        "_DataRole_": "TRAIN",
        "_Depth_": "60",
        "_Event_": "           1",
        "_GainBest_": "0.666666666667",
        "_Gain_": "0.664541268154",
        "_LiftBest_": "0",
        "_Lift_": "0.0807651434644",
        "_NEventsBest_": "0",
        "_NEvents_": "19",
        "_NObs_": "977",
        "_PartInd_": "1",
        "_PctRespBest_": "0",
        "_PctResp_": "1.94472876151",
        "_RespBest_": "0",
        "_Resp_": "0.403825717322",
        "_TargetName_": "GE50K",
        "_Value_": "0.05688183533",
        "_formattedPartition_": "           1"
      },
      "rowNumber": 34
    },
    {
      "dataMap": {
        "_Column_": "P_GE50K1",
        "_CumLiftBest_": "1.53846153846",
        "_CumLift_": "1.53813455408",
        "_CumPctRespBest_": "37.0443272183",
        "_CumPctResp_": "37.0364538225",
        "_CumRespBest_": "100",
        "_CumResp_": "99.9787460149",
        "_DataRole_": "TRAIN",
        "_Depth_": "65",
        "_Event_": "           1",
        "_GainBest_": "0.538461538462",
        "_Gain_": "0.538134554075",
        "_LiftBest_": "0",
        "_Lift_": "0.0212539851222",
        "_NEventsBest_": "0",
        "_NEvents_": "5",
        "_NObs_": "977",
        "_PartInd_": "1",
        "_PctRespBest_": "0",
        "_PctResp_": "0.511770726714",
        "_RespBest_": "0",
        "_Resp_": "0.106269925611",
        "_TargetName_": "GE50K",
        "_Value_": "0.0370330967201",
        "_formattedPartition_": "           1"
      },
      "rowNumber": 35
    },
    {
      "dataMap": {
        "_Column_": "P_GE50K1",
        "_CumLiftBest_": "1.42857142857",
        "_CumLift_": "1.42857142857",
        "_CumPctRespBest_": "34.3983038456",
        "_CumPctResp_": "34.3983038456",
        "_CumRespBest_": "100",
        "_CumResp_": "100",
        "_DataRole_": "TRAIN",
        "_Depth_": "70",
        "_Event_": "           1",
        "_GainBest_": "0.428571428571",
        "_Gain_": "0.428571428571",
        "_LiftBest_": "0",
        "_Lift_": "0.00425079702444",
        "_NEventsBest_": "0",
        "_NEvents_": "1",
        "_NObs_": "977",
        "_PartInd_": "1",
        "_PctRespBest_": "0",
        "_PctResp_": "0.102354145343",
        "_RespBest_": "0",
        "_Resp_": "0.0212539851222",
        "_TargetName_": "GE50K",
        "_Value_": "0.0233347339479",
        "_formattedPartition_": "           1"
      },
      "rowNumber": 36
    },
    {
      "dataMap": {
        "_Column_": "P_GE50K1",
        "_CumLiftBest_": "1.33333333333",
        "_CumLift_": "1.33333333333",
        "_CumPctRespBest_": "32.1072744643",
        "_CumPctResp_": "32.1072744643",
        "_CumRespBest_": "100",
        "_CumResp_": "100",
        "_DataRole_": "TRAIN",
        "_Depth_": "75",
        "_Event_": "           1",
        "_GainBest_": "0.333333333333",
        "_Gain_": "0.333333333333",
        "_LiftBest_": "0",
        "_Lift_": "0",
        "_NEventsBest_": "0",
        "_NEvents_": "0",
        "_NObs_": "976",
        "_PartInd_": "1",
        "_PctRespBest_": "0",
        "_PctResp_": "0",
        "_RespBest_": "0",
        "_Resp_": "0",
        "_TargetName_": "GE50K",
        "_Value_": "0.0132444918266",
        "_formattedPartition_": "           1"
      },
      "rowNumber": 37
    },
    {
      "dataMap": {
        "_Column_": "P_GE50K1",
        "_CumLiftBest_": "1.25",
        "_CumLift_": "1.25",
        "_CumPctRespBest_": "30.1004414305",
        "_CumPctResp_": "30.1004414305",
        "_CumRespBest_": "100",
        "_CumResp_": "100",
        "_DataRole_": "TRAIN",
        "_Depth_": "80",
        "_Event_": "           1",
        "_GainBest_": "0.25",
        "_Gain_": "0.25",
        "_LiftBest_": "0",
        "_Lift_": "0",
        "_NEventsBest_": "0",
        "_NEvents_": "0",
        "_NObs_": "977",
        "_PartInd_": "1",
        "_PctRespBest_": "0",
        "_PctResp_": "0",
        "_RespBest_": "0",
        "_Resp_": "0",
        "_TargetName_": "GE50K",
        "_Value_": "0.00655067155067",
        "_formattedPartition_": "           1"
      },
      "rowNumber": 38
    },
    {
      "dataMap": {
        "_Column_": "P_GE50K1",
        "_CumLiftBest_": "1.17647058824",
        "_CumLift_": "1.17647058824",
        "_CumPctRespBest_": "28.3297206166",
        "_CumPctResp_": "28.3297206166",
        "_CumRespBest_": "100",
        "_CumResp_": "100",
        "_DataRole_": "TRAIN",
        "_Depth_": "85",
        "_Event_": "           1",
        "_GainBest_": "0.176470588235",
        "_Gain_": "0.176470588235",
        "_LiftBest_": "0",
        "_Lift_": "0",
        "_NEventsBest_": "0",
        "_NEvents_": "0",
        "_NObs_": "977",
        "_PartInd_": "1",
        "_PctRespBest_": "0",
        "_PctResp_": "0",
        "_RespBest_": "0",
        "_Resp_": "0",
        "_TargetName_": "GE50K",
        "_Value_": "0.00277263035472",
        "_formattedPartition_": "           1"
      },
      "rowNumber": 39
    },
    {
      "dataMap": {
        "_Column_": "P_GE50K1",
        "_CumLiftBest_": "1.11111111111",
        "_CumLift_": "1.11111111111",
        "_CumPctRespBest_": "26.7557577481",
        "_CumPctResp_": "26.7557577481",
        "_CumRespBest_": "100",
        "_CumResp_": "100",
        "_DataRole_": "TRAIN",
        "_Depth_": "90",
        "_Event_": "           1",
        "_GainBest_": "0.111111111111",
        "_Gain_": "0.111111111111",
        "_LiftBest_": "0",
        "_Lift_": "0",
        "_NEventsBest_": "0",
        "_NEvents_": "0",
        "_NObs_": "977",
        "_PartInd_": "1",
        "_PctRespBest_": "0",
        "_PctResp_": "0",
        "_RespBest_": "0",
        "_Resp_": "0",
        "_TargetName_": "GE50K",
        "_Value_": "0.000431856404031",
        "_formattedPartition_": "           1"
      },
      "rowNumber": 40
    },
    {
      "dataMap": {
        "_Column_": "P_GE50K1",
        "_CumLiftBest_": "1.05263157895",
        "_CumLift_": "1.05263157895",
        "_CumPctRespBest_": "25.3461186231",
        "_CumPctResp_": "25.3461186231",
        "_CumRespBest_": "100",
        "_CumResp_": "100",
        "_DataRole_": "TRAIN",
        "_Depth_": "95",
        "_Event_": "           1",
        "_GainBest_": "0.0526315789474",
        "_Gain_": "0.0526315789474",
        "_LiftBest_": "0",
        "_Lift_": "0",
        "_NEventsBest_": "0",
        "_NEvents_": "0",
        "_NObs_": "978",
        "_PartInd_": "1",
        "_PctRespBest_": "0",
        "_PctResp_": "0",
        "_RespBest_": "0",
        "_Resp_": "0",
        "_TargetName_": "GE50K",
        "_Value_": "0",
        "_formattedPartition_": "           1"
      },
      "rowNumber": 41
    },
    {
      "dataMap": {
        "_Column_": "P_GE50K1",
        "_CumLiftBest_": "1",
        "_CumLift_": "1",
        "_CumPctRespBest_": "24.082510109",
        "_CumPctResp_": "24.082510109",
        "_CumRespBest_": "100",
        "_CumResp_": "100",
        "_DataRole_": "TRAIN",
        "_Depth_": "100",
        "_Event_": "           1",
        "_GainBest_": "0",
        "_Gain_": "0",
        "_LiftBest_": "0",
        "_Lift_": "0",
        "_NEventsBest_": "0",
        "_NEvents_": "0",
        "_NObs_": "974",
        "_PartInd_": "1",
        "_PctRespBest_": "0",
        "_PctResp_": "0",
        "_RespBest_": "0",
        "_Resp_": "0",
        "_TargetName_": "GE50K",
        "_Value_": "0",
        "_formattedPartition_": "           1"
      },
      "rowNumber": 42
    },
    {
      "dataMap": {
        "_Column_": "P_GE50K1",
        "_CumLiftBest_": null,
        "_CumLift_": null,
        "_CumPctRespBest_": null,
        "_CumPctResp_": null,
        "_CumRespBest_": "0",
        "_CumResp_": "0",
        "_DataRole_": "TEST",
        "_Depth_": "0",
        "_Event_": "           1",
        "_GainBest_": null,
        "_Gain_": null,
        "_LiftBest_": null,
        "_Lift_": null,
        "_NEventsBest_": "0",
        "_NEvents_": "0",
        "_NObs_": "0",
        "_PartInd_": "2",
        "_PctRespBest_": null,
        "_PctResp_": null,
        "_RespBest_": "0",
        "_Resp_": "0",
        "_TargetName_": "GE50K",
        "_Value_": "0",
        "_formattedPartition_": "           2"
      },
      "rowNumber": 43
    },
    {
      "dataMap": {
        "_Column_": "P_GE50K1",
        "_CumLiftBest_": "4.15816326531",
        "_CumLift_": "3.4693877551",
        "_CumPctRespBest_": "100",
        "_CumPctResp_": "83.4355828221",
        "_CumRespBest_": "20.7908163265",
        "_CumResp_": "17.3469387755",
        "_DataRole_": "TEST",
        "_Depth_": "5",
        "_Event_": "           1",
        "_GainBest_": "3.15816326531",
        "_Gain_": "2.4693877551",
        "_LiftBest_": "4.15816326531",
        "_Lift_": "3.4693877551",
        "_NEventsBest_": "163",
        "_NEvents_": "136",
        "_NObs_": "163",
        "_PartInd_": "2",
        "_PctRespBest_": "100",
        "_PctResp_": "83.4355828221",
        "_RespBest_": "20.7908163265",
        "_Resp_": "17.3469387755",
        "_TargetName_": "GE50K",
        "_Value_": "0.792485817433",
        "_formattedPartition_": "           2"
      },
      "rowNumber": 44
    },
    {
      "dataMap": {
        "_Column_": "P_GE50K1",
        "_CumLiftBest_": "4.15816326531",
        "_CumLift_": "3.30357142857",
        "_CumPctRespBest_": "100",
        "_CumPctResp_": "79.4478527607",
        "_CumRespBest_": "41.5816326531",
        "_CumResp_": "33.0357142857",
        "_DataRole_": "TEST",
        "_Depth_": "10",
        "_Event_": "           1",
        "_GainBest_": "3.15816326531",
        "_Gain_": "2.30357142857",
        "_LiftBest_": "4.15816326531",
        "_Lift_": "3.13775510204",
        "_NEventsBest_": "163",
        "_NEvents_": "123",
        "_NObs_": "163",
        "_PartInd_": "2",
        "_PctRespBest_": "100",
        "_PctResp_": "75.4601226994",
        "_RespBest_": "20.7908163265",
        "_Resp_": "15.6887755102",
        "_TargetName_": "GE50K",
        "_Value_": "0.701804993636",
        "_formattedPartition_": "           2"
      },
      "rowNumber": 45
    },
    {
      "dataMap": {
        "_Column_": "P_GE50K1",
        "_CumLiftBest_": "4.15816326531",
        "_CumLift_": "3.1037414966",
        "_CumPctRespBest_": "100",
        "_CumPctResp_": "74.6421267894",
        "_CumRespBest_": "62.3724489796",
        "_CumResp_": "46.556122449",
        "_DataRole_": "TEST",
        "_Depth_": "15",
        "_Event_": "           1",
        "_GainBest_": "3.15816326531",
        "_Gain_": "2.1037414966",
        "_LiftBest_": "4.15816326531",
        "_Lift_": "2.70408163265",
        "_NEventsBest_": "163",
        "_NEvents_": "106",
        "_NObs_": "163",
        "_PartInd_": "2",
        "_PctRespBest_": "100",
        "_PctResp_": "65.0306748466",
        "_RespBest_": "20.7908163265",
        "_Resp_": "13.5204081633",
        "_TargetName_": "GE50K",
        "_Value_": "0.56906486569",
        "_formattedPartition_": "           2"
      },
      "rowNumber": 46
    },
    {
      "dataMap": {
        "_Column_": "P_GE50K1",
        "_CumLiftBest_": "4.15816326531",
        "_CumLift_": "2.85714285714",
        "_CumPctRespBest_": "100",
        "_CumPctResp_": "68.7116564417",
        "_CumRespBest_": "83.1632653061",
        "_CumResp_": "57.1428571429",
        "_DataRole_": "TEST",
        "_Depth_": "20",
        "_Event_": "           1",
        "_GainBest_": "3.15816326531",
        "_Gain_": "1.85714285714",
        "_LiftBest_": "4.15816326531",
        "_Lift_": "2.11734693878",
        "_NEventsBest_": "163",
        "_NEvents_": "83",
        "_NObs_": "163",
        "_PartInd_": "2",
        "_PctRespBest_": "100",
        "_PctResp_": "50.9202453988",
        "_RespBest_": "20.7908163265",
        "_Resp_": "10.5867346939",
        "_TargetName_": "GE50K",
        "_Value_": "0.482465925727",
        "_formattedPartition_": "           2"
      },
      "rowNumber": 47
    },
    {
      "dataMap": {
        "_Column_": "P_GE50K1",
        "_CumLiftBest_": "4",
        "_CumLift_": "2.64795918367",
        "_CumPctRespBest_": "96.1963190184",
        "_CumPctResp_": "63.6809815951",
        "_CumRespBest_": "100",
        "_CumResp_": "66.1989795918",
        "_DataRole_": "TEST",
        "_Depth_": "25",
        "_Event_": "           1",
        "_GainBest_": "3",
        "_Gain_": "1.64795918367",
        "_LiftBest_": "3.36734693878",
        "_Lift_": "1.8112244898",
        "_NEventsBest_": "132",
        "_NEvents_": "71",
        "_NObs_": "163",
        "_PartInd_": "2",
        "_PctRespBest_": "80.981595092",
        "_PctResp_": "43.5582822086",
        "_RespBest_": "16.8367346939",
        "_Resp_": "9.05612244898",
        "_TargetName_": "GE50K",
        "_Value_": "0.418408473483",
        "_formattedPartition_": "           2"
      },
      "rowNumber": 48
    },
    {
      "dataMap": {
        "_Column_": "P_GE50K1",
        "_CumLiftBest_": "3.33333333333",
        "_CumLift_": "2.53826530612",
        "_CumPctRespBest_": "80.163599182",
        "_CumPctResp_": "61.0429447853",
        "_CumRespBest_": "100",
        "_CumResp_": "76.1479591837",
        "_DataRole_": "TEST",
        "_Depth_": "30",
        "_Event_": "           1",
        "_GainBest_": "2.33333333333",
        "_Gain_": "1.53826530612",
        "_LiftBest_": "0",
        "_Lift_": "1.98979591837",
        "_NEventsBest_": "0",
        "_NEvents_": "78",
        "_NObs_": "163",
        "_PartInd_": "2",
        "_PctRespBest_": "0",
        "_PctResp_": "47.8527607362",
        "_RespBest_": "0",
        "_Resp_": "9.94897959184",
        "_TargetName_": "GE50K",
        "_Value_": "0.367247914346",
        "_formattedPartition_": "           2"
      },
      "rowNumber": 49
    },
    {
      "dataMap": {
        "_Column_": "P_GE50K1",
        "_CumLiftBest_": "2.85714285714",
        "_CumLift_": "2.30320699708",
        "_CumPctRespBest_": "68.7116564417",
        "_CumPctResp_": "55.3900087642",
        "_CumRespBest_": "100",
        "_CumResp_": "80.612244898",
        "_DataRole_": "TEST",
        "_Depth_": "35",
        "_Event_": "           1",
        "_GainBest_": "1.85714285714",
        "_Gain_": "1.30320699708",
        "_LiftBest_": "0",
        "_Lift_": "0.892857142857",
        "_NEventsBest_": "0",
        "_NEvents_": "35",
        "_NObs_": "163",
        "_PartInd_": "2",
        "_PctRespBest_": "0",
        "_PctResp_": "21.472392638",
        "_RespBest_": "0",
        "_Resp_": "4.46428571429",
        "_TargetName_": "GE50K",
        "_Value_": "0.312195164872",
        "_formattedPartition_": "           2"
      },
      "rowNumber": 50
    },
    {
      "dataMap": {
        "_Column_": "P_GE50K1",
        "_CumLiftBest_": "2.5",
        "_CumLift_": "2.1556122449",
        "_CumPctRespBest_": "60.1226993865",
        "_CumPctResp_": "51.8404907975",
        "_CumRespBest_": "100",
        "_CumResp_": "86.2244897959",
        "_DataRole_": "TEST",
        "_Depth_": "40",
        "_Event_": "           1",
        "_GainBest_": "1.5",
        "_Gain_": "1.1556122449",
        "_LiftBest_": "0",
        "_Lift_": "1.12244897959",
        "_NEventsBest_": "0",
        "_NEvents_": "44",
        "_NObs_": "163",
        "_PartInd_": "2",
        "_PctRespBest_": "0",
        "_PctResp_": "26.9938650307",
        "_RespBest_": "0",
        "_Resp_": "5.61224489796",
        "_TargetName_": "GE50K",
        "_Value_": "0.250417750913",
        "_formattedPartition_": "           2"
      },
      "rowNumber": 51
    },
    {
      "dataMap": {
        "_Column_": "P_GE50K1",
        "_CumLiftBest_": "2.22222222222",
        "_CumLift_": "2.00680272109",
        "_CumPctRespBest_": "53.4423994547",
        "_CumPctResp_": "48.2617586912",
        "_CumRespBest_": "100",
        "_CumResp_": "90.306122449",
        "_DataRole_": "TEST",
        "_Depth_": "45",
        "_Event_": "           1",
        "_GainBest_": "1.22222222222",
        "_Gain_": "1.00680272109",
        "_LiftBest_": "0",
        "_Lift_": "0.816326530612",
        "_NEventsBest_": "0",
        "_NEvents_": "32",
        "_NObs_": "163",
        "_PartInd_": "2",
        "_PctRespBest_": "0",
        "_PctResp_": "19.6319018405",
        "_RespBest_": "0",
        "_Resp_": "4.08163265306",
        "_TargetName_": "GE50K",
        "_Value_": "0.192164022568",
        "_formattedPartition_": "           2"
      },
      "rowNumber": 52
    },
    {
      "dataMap": {
        "_Column_": "P_GE50K1",
        "_CumLiftBest_": "2",
        "_CumLift_": "1.86734693878",
        "_CumPctRespBest_": "48.1276856967",
        "_CumPctResp_": "44.9355432781",
        "_CumRespBest_": "100",
        "_CumResp_": "93.3673469388",
        "_DataRole_": "TEST",
        "_Depth_": "50",
        "_Event_": "           1",
        "_GainBest_": "1",
        "_Gain_": "0.867346938776",
        "_LiftBest_": "0",
        "_Lift_": "0.612244897959",
        "_NEventsBest_": "0",
        "_NEvents_": "24",
        "_NObs_": "162",
        "_PartInd_": "2",
        "_PctRespBest_": "0",
        "_PctResp_": "14.8148148148",
        "_RespBest_": "0",
        "_Resp_": "3.0612244898",
        "_TargetName_": "GE50K",
        "_Value_": "0.144145870873",
        "_formattedPartition_": "           2"
      },
      "rowNumber": 53
    },
    {
      "dataMap": {
        "_Column_": "P_GE50K1",
        "_CumLiftBest_": "1.81818181818",
        "_CumLift_": "1.73933209647",
        "_CumPctRespBest_": "43.75",
        "_CumPctResp_": "41.8526785714",
        "_CumRespBest_": "100",
        "_CumResp_": "95.6632653061",
        "_DataRole_": "TEST",
        "_Depth_": "55",
        "_Event_": "           1",
        "_GainBest_": "0.818181818182",
        "_Gain_": "0.739332096475",
        "_LiftBest_": "0",
        "_Lift_": "0.459183673469",
        "_NEventsBest_": "0",
        "_NEvents_": "18",
        "_NObs_": "163",
        "_PartInd_": "2",
        "_PctRespBest_": "0",
        "_PctResp_": "11.0429447853",
        "_RespBest_": "0",
        "_Resp_": "2.29591836735",
        "_TargetName_": "GE50K",
        "_Value_": "0.0998897971291",
        "_formattedPartition_": "           2"
      },
      "rowNumber": 54
    },
    {
      "dataMap": {
        "_Column_": "P_GE50K1",
        "_CumLiftBest_": "1.66666666667",
        "_CumLift_": "1.60714285714",
        "_CumPctRespBest_": "40.1023017903",
        "_CumPctResp_": "38.6700767263",
        "_CumRespBest_": "100",
        "_CumResp_": "96.4285714286",
        "_DataRole_": "TEST",
        "_Depth_": "60",
        "_Event_": "           1",
        "_GainBest_": "0.666666666667",
        "_Gain_": "0.607142857143",
        "_LiftBest_": "0",
        "_Lift_": "0.15306122449",
        "_NEventsBest_": "0",
        "_NEvents_": "6",
        "_NObs_": "163",
        "_PartInd_": "2",
        "_PctRespBest_": "0",
        "_PctResp_": "3.68098159509",
        "_RespBest_": "0",
        "_Resp_": "0.765306122449",
        "_TargetName_": "GE50K",
        "_Value_": "0.0625889534908",
        "_formattedPartition_": "           2"
      },
      "rowNumber": 55
    },
    {
      "dataMap": {
        "_Column_": "P_GE50K1",
        "_CumLiftBest_": "1.53846153846",
        "_CumLift_": "1.51687598116",
        "_CumPctRespBest_": "37.0160528801",
        "_CumPctResp_": "36.4966949953",
        "_CumRespBest_": "100",
        "_CumResp_": "98.5969387755",
        "_DataRole_": "TEST",
        "_Depth_": "65",
        "_Event_": "           1",
        "_GainBest_": "0.538461538462",
        "_Gain_": "0.516875981162",
        "_LiftBest_": "0",
        "_Lift_": "0.433673469388",
        "_NEventsBest_": "0",
        "_NEvents_": "17",
        "_NObs_": "163",
        "_PartInd_": "2",
        "_PctRespBest_": "0",
        "_PctResp_": "10.4294478528",
        "_RespBest_": "0",
        "_Resp_": "2.16836734694",
        "_TargetName_": "GE50K",
        "_Value_": "0.0418536696083",
        "_formattedPartition_": "           2"
      },
      "rowNumber": 56
    },
    {
      "dataMap": {
        "_Column_": "P_GE50K1",
        "_CumLiftBest_": "1.42857142857",
        "_CumLift_": "1.4139941691",
        "_CumPctRespBest_": "34.3708899605",
        "_CumPctResp_": "34.0201665936",
        "_CumRespBest_": "100",
        "_CumResp_": "98.9795918367",
        "_DataRole_": "TEST",
        "_Depth_": "70",
        "_Event_": "           1",
        "_GainBest_": "0.428571428571",
        "_Gain_": "0.413994169096",
        "_LiftBest_": "0",
        "_Lift_": "0.0765306122449",
        "_NEventsBest_": "0",
        "_NEvents_": "3",
        "_NObs_": "163",
        "_PartInd_": "2",
        "_PctRespBest_": "0",
        "_PctResp_": "1.84049079755",
        "_RespBest_": "0",
        "_Resp_": "0.382653061224",
        "_TargetName_": "GE50K",
        "_Value_": "0.027623762323",
        "_formattedPartition_": "           2"
      },
      "rowNumber": 57
    },
    {
      "dataMap": {
        "_Column_": "P_GE50K1",
        "_CumLiftBest_": "1.33333333333",
        "_CumLift_": "1.3231292517",
        "_CumPctRespBest_": "32.0916905444",
        "_CumPctResp_": "31.8460908719",
        "_CumRespBest_": "100",
        "_CumResp_": "99.2346938776",
        "_DataRole_": "TEST",
        "_Depth_": "75",
        "_Event_": "           1",
        "_GainBest_": "0.333333333333",
        "_Gain_": "0.323129251701",
        "_LiftBest_": "0",
        "_Lift_": "0.0510204081633",
        "_NEventsBest_": "0",
        "_NEvents_": "2",
        "_NObs_": "162",
        "_PartInd_": "2",
        "_PctRespBest_": "0",
        "_PctResp_": "1.23456790123",
        "_RespBest_": "0",
        "_Resp_": "0.255102040816",
        "_TargetName_": "GE50K",
        "_Value_": "0.0153416963377",
        "_formattedPartition_": "           2"
      },
      "rowNumber": 58
    },
    {
      "dataMap": {
        "_Column_": "P_GE50K1",
        "_CumLiftBest_": "1.25",
        "_CumLift_": "1.24362244898",
        "_CumPctRespBest_": "30.0844205679",
        "_CumPctResp_": "29.9309286262",
        "_CumRespBest_": "100",
        "_CumResp_": "99.4897959184",
        "_DataRole_": "TEST",
        "_Depth_": "80",
        "_Event_": "           1",
        "_GainBest_": "0.25",
        "_Gain_": "0.24362244898",
        "_LiftBest_": "0",
        "_Lift_": "0.0510204081633",
        "_NEventsBest_": "0",
        "_NEvents_": "2",
        "_NObs_": "163",
        "_PartInd_": "2",
        "_PctRespBest_": "0",
        "_PctResp_": "1.22699386503",
        "_RespBest_": "0",
        "_Resp_": "0.255102040816",
        "_TargetName_": "GE50K",
        "_Value_": "0.00756829787866",
        "_formattedPartition_": "           2"
      },
      "rowNumber": 59
    },
    {
      "dataMap": {
        "_Column_": "P_GE50K1",
        "_CumLiftBest_": "1.17647058824",
        "_CumLift_": "1.174969988",
        "_CumPctRespBest_": "28.313470567",
        "_CumPctResp_": "28.2773564464",
        "_CumRespBest_": "100",
        "_CumResp_": "99.8724489796",
        "_DataRole_": "TEST",
        "_Depth_": "85",
        "_Event_": "           1",
        "_GainBest_": "0.176470588235",
        "_Gain_": "0.174969987995",
        "_LiftBest_": "0",
        "_Lift_": "0.0765306122449",
        "_NEventsBest_": "0",
        "_NEvents_": "3",
        "_NObs_": "163",
        "_PartInd_": "2",
        "_PctRespBest_": "0",
        "_PctResp_": "1.84049079755",
        "_RespBest_": "0",
        "_Resp_": "0.382653061224",
        "_TargetName_": "GE50K",
        "_Value_": "0.00347209964619",
        "_formattedPartition_": "           2"
      },
      "rowNumber": 60
    },
    {
      "dataMap": {
        "_Column_": "P_GE50K1",
        "_CumLiftBest_": "1.11111111111",
        "_CumLift_": "1.11111111111",
        "_CumPctRespBest_": "26.7394270123",
        "_CumPctResp_": "26.7394270123",
        "_CumRespBest_": "100",
        "_CumResp_": "100",
        "_DataRole_": "TEST",
        "_Depth_": "90",
        "_Event_": "           1",
        "_GainBest_": "0.111111111111",
        "_Gain_": "0.111111111111",
        "_LiftBest_": "0",
        "_Lift_": "0.0255102040816",
        "_NEventsBest_": "0",
        "_NEvents_": "1",
        "_NObs_": "163",
        "_PartInd_": "2",
        "_PctRespBest_": "0",
        "_PctResp_": "0.613496932515",
        "_RespBest_": "0",
        "_Resp_": "0.127551020408",
        "_TargetName_": "GE50K",
        "_Value_": "0.000411483253589",
        "_formattedPartition_": "           2"
      },
      "rowNumber": 61
    },
    {
      "dataMap": {
        "_Column_": "P_GE50K1",
        "_CumLiftBest_": "1.05263157895",
        "_CumLift_": "1.05263157895",
        "_CumPctRespBest_": "25.3148207943",
        "_CumPctResp_": "25.3148207943",
        "_CumRespBest_": "100",
        "_CumResp_": "100",
        "_DataRole_": "TEST",
        "_Depth_": "95",
        "_Event_": "           1",
        "_GainBest_": "0.0526315789474",
        "_Gain_": "0.0526315789474",
        "_LiftBest_": "0",
        "_Lift_": "0",
        "_NEventsBest_": "0",
        "_NEvents_": "0",
        "_NObs_": "165",
        "_PartInd_": "2",
        "_PctRespBest_": "0",
        "_PctResp_": "0",
        "_RespBest_": "0",
        "_Resp_": "0",
        "_TargetName_": "GE50K",
        "_Value_": "0",
        "_formattedPartition_": "           2"
      },
      "rowNumber": 62
    },
    {
      "dataMap": {
        "_Column_": "P_GE50K1",
        "_CumLiftBest_": "1",
        "_CumLift_": "1",
        "_CumPctRespBest_": "24.0786240786",
        "_CumPctResp_": "24.0786240786",
        "_CumRespBest_": "100",
        "_CumResp_": "100",
        "_DataRole_": "TEST",
        "_Depth_": "100",
        "_Event_": "           1",
        "_GainBest_": "0",
        "_Gain_": "0",
        "_LiftBest_": "0",
        "_Lift_": "0",
        "_NEventsBest_": "0",
        "_NEvents_": "0",
        "_NObs_": "159",
        "_PartInd_": "2",
        "_PctRespBest_": "0",
        "_PctResp_": "0",
        "_RespBest_": "0",
        "_Resp_": "0",
        "_TargetName_": "GE50K",
        "_Value_": "0",
        "_formattedPartition_": "           2"
      },
      "rowNumber": 63
    }
  ],
  "xInteger": false,
  "yInteger": false
}