{
   "creationTimeStamp": "2024-12-04T17:56:30.918Z",
   "createdBy": "geladm",
   "modifiedTimeStamp": "2024-12-05T15:12:42.735Z",
   "modifiedBy": "geladm",
   "id": "000cecc8-fd41-429f-8584-3e14729625aa",
   "name": "Forest (Pipeline 1)",
   "scoreCodeType": "ds2MultiType",
   "algorithm": "forest",
   "function": "classification",
   "modeler": "geladm",
   "modelType": "astore",
   "trainTable": "/dataTables/dataSources/cas~fs~cas-shared-default~fs~Public/tables/ADULT",
   "eventProbVar": "P_GE50K1",
   "targetVariable": "GE50K",
   "targetEvent": "1",
   "targetLevel": "binary",
   "tool": "Model Studio",
   "toolVersion": "V2024.09",
   "publishTimeStamp": 1733411558044,
   "externalModelId": "4df70b5c-5c20-4347-bfad-81080bd229ca",
   "selectionStatistic": "_KS_",
   "selectionStatisticValue": "0.617256125751",
   "partitionLevel": "test",
   "eventPercentage": "24.0810",
   "costPerCall": "0",
   "modelVersionName": "2.0",
   "custom properties": []
}