{
    "name": "dmcas_lift",
    "revision": 0,
    "order": 0,
    "parameterMap": {
        "_NObs_": {
            "parameter": "_NObs_",
            "type": "num",
            "label": "Sum of Frequencies",
            "length": 8,
            "order": 9,
            "values": [
                "_NObs_"
            ],
            "preformatted": false
        },
        "_Depth_": {
            "parameter": "_Depth_",
            "type": "num",
            "label": "Depth",
            "length": 8,
            "order": 7,
            "values": [
                "_Depth_"
            ],
            "preformatted": false
        },
        "_CumRespBest_": {
            "parameter": "_CumRespBest_",
            "type": "num",
            "label": "Best Cumulative Captured Response Percentage",
            "length": 8,
            "order": 17,
            "values": [
                "_CumRespBest_"
            ],
            "preformatted": false
        },
        "_formattedPartition_": {
            "parameter": "_formattedPartition_",
            "type": "char",
            "label": "Formatted Partition",
            "length": 12,
            "order": 4,
            "values": [
                "_formattedPartition_"
            ],
            "preformatted": false
        },
        "_Column_": {
            "parameter": "_Column_",
            "type": "char",
            "label": "Analysis Variable",
            "length": 8,
            "order": 5,
            "values": [
                "_Column_"
            ],
            "preformatted": false
        },
        "_RespBest_": {
            "parameter": "_RespBest_",
            "type": "num",
            "label": "Best Captured Response Percentage",
            "length": 8,
            "order": 13,
            "values": [
                "_RespBest_"
            ],
            "preformatted": false
        },
        "_DataRole_": {
            "parameter": "_DataRole_",
            "type": "char",
            "label": "Data Role",
            "length": 10,
            "order": 2,
            "values": [
                "_DataRole_"
            ],
            "preformatted": false
        },
        "_CumResp_": {
            "parameter": "_CumResp_",
            "type": "num",
            "label": "Cumulative Captured Response Percentage",
            "length": 8,
            "order": 16,
            "values": [
                "_CumResp_"
            ],
            "preformatted": false
        },
        "_PctRespBest_": {
            "parameter": "_PctRespBest_",
            "type": "num",
            "label": "Best Response Percentage",
            "length": 8,
            "order": 21,
            "values": [
                "_PctRespBest_"
            ],
            "preformatted": false
        },
        "_Gain_": {
            "parameter": "_Gain_",
            "type": "num",
            "label": "Gain",
            "length": 8,
            "order": 24,
            "values": [
                "_Gain_"
            ],
            "preformatted": false
        },
        "_CumLift_": {
            "parameter": "_CumLift_",
            "type": "num",
            "label": "Cumulative Lift",
            "length": 8,
            "order": 18,
            "values": [
                "_CumLift_"
            ],
            "preformatted": false
        },
        "_Event_": {
            "parameter": "_Event_",
            "type": "char",
            "label": "Event",
            "length": 12,
            "order": 6,
            "values": [
                "_Event_"
            ],
            "preformatted": false
        },
        "_TargetName_": {
            "parameter": "_TargetName_",
            "type": "char",
            "label": "Target Name",
            "length": 6,
            "order": 1,
            "values": [
                "_TargetName_"
            ],
            "preformatted": false
        },
        "_PctResp_": {
            "parameter": "_PctResp_",
            "type": "num",
            "label": "Response Percentage",
            "length": 8,
            "order": 20,
            "values": [
                "_PctResp_"
            ],
            "preformatted": false
        },
        "_GainBest_": {
            "parameter": "_GainBest_",
            "type": "num",
            "label": "Best Gain",
            "length": 8,
            "order": 25,
            "values": [
                "_GainBest_"
            ],
            "preformatted": false
        },
        "_CumLiftBest_": {
            "parameter": "_CumLiftBest_",
            "type": "num",
            "label": "Best Cumulative Lift",
            "length": 8,
            "order": 19,
            "values": [
                "_CumLiftBest_"
            ],
            "preformatted": false
        },
        "_Lift_": {
            "parameter": "_Lift_",
            "type": "num",
            "label": "Lift",
            "length": 8,
            "order": 14,
            "values": [
                "_Lift_"
            ],
            "preformatted": false
        },
        "_CumPctResp_": {
            "parameter": "_CumPctResp_",
            "type": "num",
            "label": "Cumulative Response Percentage",
            "length": 8,
            "order": 22,
            "values": [
                "_CumPctResp_"
            ],
            "preformatted": false
        },
        "_NEventsBest_": {
            "parameter": "_NEventsBest_",
            "type": "num",
            "label": "Best Number of Events",
            "length": 8,
            "order": 11,
            "values": [
                "_NEventsBest_"
            ],
            "preformatted": false
        },
        "_CumPctRespBest_": {
            "parameter": "_CumPctRespBest_",
            "type": "num",
            "label": "Best Cumulative Response Percentage",
            "length": 8,
            "order": 23,
            "values": [
                "_CumPctRespBest_"
            ],
            "preformatted": false
        },
        "_Value_": {
            "parameter": "_Value_",
            "type": "num",
            "label": "Value",
            "length": 8,
            "order": 8,
            "values": [
                "_Value_"
            ],
            "preformatted": false
        },
        "_NEvents_": {
            "parameter": "_NEvents_",
            "type": "num",
            "label": "Number of Events",
            "length": 8,
            "order": 10,
            "values": [
                "_NEvents_"
            ],
            "preformatted": false
        },
        "_LiftBest_": {
            "parameter": "_LiftBest_",
            "type": "num",
            "label": "Best Lift",
            "length": 8,
            "order": 15,
            "values": [
                "_LiftBest_"
            ],
            "preformatted": false
        },
        "_PartInd_": {
            "parameter": "_PartInd_",
            "type": "num",
            "label": "Partition Indicator",
            "length": 8,
            "order": 3,
            "values": [
                "_PartInd_"
            ],
            "preformatted": false
        },
        "_Resp_": {
            "parameter": "_Resp_",
            "type": "num",
            "label": "Captured Response Percentage",
            "length": 8,
            "order": 12,
            "values": [
                "_Resp_"
            ],
            "preformatted": false
        }
    },
    "data": [
        {
            "dataMap": {
                "_NObs_": "0",
                "_Depth_": "0",
                "_CumRespBest_": "0",
                "_formattedPartition_": "           0",
                "_Column_": "predict",
                "_RespBest_": "0",
                "_DataRole_": "VALIDATE",
                "_CumResp_": "0",
                "_Event_": "1",
                "_TargetName_": "food_label",
                "_NEventsBest_": "0",
                "_Value_": "0",
                "_NEvents_": "0",
                "_PartInd_": "0",
                "_Resp_": "0"
            },
            "rowNumber": 1
        },
        {
            "dataMap": {
                "_NObs_": "462047.0",
                "_Depth_": "5.0",
                "_CumRespBest_": "100.0",
                "_formattedPartition_": "           0",
                "_column_": "predict",
                "_RespBest_": "100.0",
                "_DataRole_": "VALIDATE",
                "_CumResp_": "100.0",
                "_PctRespBest_": "6.493495250483177",
                "_Gain_": "19.000000000000004",
                "_CumLift_": "20.0",
                "_Event_": "1",
                "_TargetName_": "food_label",
                "_PctResp_": "6.493495250483177",
                "_GainBest_": "19.000000000000004",
                "_CumLiftBest_": "20.0",
                "_Lift_": "20.0",
                "_CumPctResp_": "6.493495250483177",
                "_NEventsBest_": "30003.0",
                "_CumPctRespBest_": "6.493495250483177",
                "_Value_": "0.597",
                "_NEvents_": "30003.0",
                "_LiftBest_": "20.0",
                "_PartInd_": "0",
                "_Resp_": "100.0"
            },
            "rowNumber": 2
        },
        {
            "dataMap": {
                "_NObs_": "462047.0",
                "_Depth_": "10.0",
                "_CumRespBest_": "100.0",
                "_formattedPartition_": "           0",
                "_column_": "predict",
                "_RespBest_": "0.0",
                "_DataRole_": "VALIDATE",
                "_CumResp_": "100.0",
                "_PctRespBest_": "0.0",
                "_Gain_": "9.000000000000002",
                "_CumLift_": "10.0",
                "_Event_": "1",
                "_TargetName_": "food_label",
                "_PctResp_": "0.0",
                "_GainBest_": "9.000000000000002",
                "_CumLiftBest_": "10.0",
                "_Lift_": "0.0",
                "_CumPctResp_": "3.2467476252415883",
                "_NEventsBest_": "0.0",
                "_CumPctRespBest_": "3.2467476252415883",
                "_Value_": "0.51",
                "_NEvents_": "0.0",
                "_LiftBest_": "0.0",
                "_PartInd_": "0",
                "_Resp_": "0.0"
            },
            "rowNumber": 3
        },
        {
            "dataMap": {
                "_NObs_": "462047.0",
                "_Depth_": "15.0",
                "_CumRespBest_": "100.0",
                "_formattedPartition_": "           0",
                "_column_": "predict",
                "_RespBest_": "0.0",
                "_DataRole_": "VALIDATE",
                "_CumResp_": "100.0",
                "_PctRespBest_": "0.0",
                "_Gain_": "5.666666666666666",
                "_CumLift_": "6.666666666666665",
                "_Event_": "1",
                "_TargetName_": "food_label",
                "_PctResp_": "0.0",
                "_GainBest_": "5.666666666666666",
                "_CumLiftBest_": "6.666666666666665",
                "_Lift_": "0.0",
                "_CumPctResp_": "2.1644984168277253",
                "_NEventsBest_": "0.0",
                "_CumPctRespBest_": "2.1644984168277253",
                "_Value_": "0.469",
                "_NEvents_": "0.0",
                "_LiftBest_": "0.0",
                "_PartInd_": "0",
                "_Resp_": "0.0"
            },
            "rowNumber": 4
        },
        {
            "dataMap": {
                "_NObs_": "462047.0",
                "_Depth_": "20.0",
                "_CumRespBest_": "100.0",
                "_formattedPartition_": "           0",
                "_column_": "predict",
                "_RespBest_": "0.0",
                "_DataRole_": "VALIDATE",
                "_CumResp_": "100.0",
                "_PctRespBest_": "0.0",
                "_Gain_": "4.000000000000001",
                "_CumLift_": "5.0",
                "_Event_": "1",
                "_TargetName_": "food_label",
                "_PctResp_": "0.0",
                "_GainBest_": "4.000000000000001",
                "_CumLiftBest_": "5.0",
                "_Lift_": "0.0",
                "_CumPctResp_": "1.6233738126207942",
                "_NEventsBest_": "0.0",
                "_CumPctRespBest_": "1.6233738126207942",
                "_Value_": "0.437",
                "_NEvents_": "0.0",
                "_LiftBest_": "0.0",
                "_PartInd_": "0",
                "_Resp_": "0.0"
            },
            "rowNumber": 5
        },
        {
            "dataMap": {
                "_NObs_": "462047.0",
                "_Depth_": "25.0",
                "_CumRespBest_": "100.0",
                "_formattedPartition_": "           0",
                "_column_": "predict",
                "_RespBest_": "0.0",
                "_DataRole_": "VALIDATE",
                "_CumResp_": "100.0",
                "_PctRespBest_": "0.0",
                "_Gain_": "3.0",
                "_CumLift_": "4.0",
                "_Event_": "1",
                "_TargetName_": "food_label",
                "_PctResp_": "0.0",
                "_GainBest_": "3.0",
                "_CumLiftBest_": "4.0",
                "_Lift_": "0.0",
                "_CumPctResp_": "1.298699050096635",
                "_NEventsBest_": "0.0",
                "_CumPctRespBest_": "1.298699050096635",
                "_Value_": "0.406",
                "_NEvents_": "0.0",
                "_LiftBest_": "0.0",
                "_PartInd_": "0",
                "_Resp_": "0.0"
            },
            "rowNumber": 6
        },
        {
            "dataMap": {
                "_NObs_": "462047.0",
                "_Depth_": "30.0",
                "_CumRespBest_": "100.0",
                "_formattedPartition_": "           0",
                "_column_": "predict",
                "_RespBest_": "0.0",
                "_DataRole_": "VALIDATE",
                "_CumResp_": "100.0",
                "_PctRespBest_": "0.0",
                "_Gain_": "2.3333333333333335",
                "_CumLift_": "3.3333333333333335",
                "_Event_": "1",
                "_TargetName_": "food_label",
                "_PctResp_": "0.0",
                "_GainBest_": "2.3333333333333335",
                "_CumLiftBest_": "3.3333333333333335",
                "_Lift_": "0.0",
                "_CumPctResp_": "1.0822492084138626",
                "_NEventsBest_": "0.0",
                "_CumPctRespBest_": "1.0822492084138626",
                "_Value_": "0.384",
                "_NEvents_": "0.0",
                "_LiftBest_": "0.0",
                "_PartInd_": "0",
                "_Resp_": "0.0"
            },
            "rowNumber": 7
        },
        {
            "dataMap": {
                "_NObs_": "462047.0",
                "_Depth_": "35.0",
                "_CumRespBest_": "100.0",
                "_formattedPartition_": "           0",
                "_column_": "predict",
                "_RespBest_": "0.0",
                "_DataRole_": "VALIDATE",
                "_CumResp_": "100.0",
                "_PctRespBest_": "0.0",
                "_Gain_": "1.8571428571428572",
                "_CumLift_": "2.857142857142857",
                "_Event_": "1",
                "_TargetName_": "food_label",
                "_PctResp_": "0.0",
                "_GainBest_": "1.8571428571428572",
                "_CumLiftBest_": "2.857142857142857",
                "_Lift_": "0.0",
                "_CumPctResp_": "0.9276421786404537",
                "_NEventsBest_": "0.0",
                "_CumPctRespBest_": "0.9276421786404537",
                "_Value_": "0.363",
                "_NEvents_": "0.0",
                "_LiftBest_": "0.0",
                "_PartInd_": "0",
                "_Resp_": "0.0"
            },
            "rowNumber": 8
        },
        {
            "dataMap": {
                "_NObs_": "462047.0",
                "_Depth_": "40.0",
                "_CumRespBest_": "100.0",
                "_formattedPartition_": "           0",
                "_column_": "predict",
                "_RespBest_": "0.0",
                "_DataRole_": "VALIDATE",
                "_CumResp_": "100.0",
                "_PctRespBest_": "0.0",
                "_Gain_": "1.5000000000000004",
                "_CumLift_": "2.5000000000000004",
                "_Event_": "1",
                "_TargetName_": "food_label",
                "_PctResp_": "0.0",
                "_GainBest_": "1.5000000000000004",
                "_CumLiftBest_": "2.5000000000000004",
                "_Lift_": "0.0",
                "_CumPctResp_": "0.8116869063103971",
                "_NEventsBest_": "0.0",
                "_CumPctRespBest_": "0.8116869063103971",
                "_Value_": "0.345",
                "_NEvents_": "0.0",
                "_LiftBest_": "0.0",
                "_PartInd_": "0",
                "_Resp_": "0.0"
            },
            "rowNumber": 9
        },
        {
            "dataMap": {
                "_NObs_": "462047.0",
                "_Depth_": "45.0",
                "_CumRespBest_": "100.0",
                "_formattedPartition_": "           0",
                "_column_": "predict",
                "_RespBest_": "0.0",
                "_DataRole_": "VALIDATE",
                "_CumResp_": "100.0",
                "_PctRespBest_": "0.0",
                "_Gain_": "1.2222222222222223",
                "_CumLift_": "2.2222222222222223",
                "_Event_": "1",
                "_TargetName_": "food_label",
                "_PctResp_": "0.0",
                "_GainBest_": "1.2222222222222223",
                "_CumLiftBest_": "2.2222222222222223",
                "_Lift_": "0.0",
                "_CumPctResp_": "0.7214994722759084",
                "_NEventsBest_": "0.0",
                "_CumPctRespBest_": "0.7214994722759084",
                "_Value_": "0.326",
                "_NEvents_": "0.0",
                "_LiftBest_": "0.0",
                "_PartInd_": "0",
                "_Resp_": "0.0"
            },
            "rowNumber": 10
        },
        {
            "dataMap": {
                "_NObs_": "462047.0",
                "_Depth_": "50.0",
                "_CumRespBest_": "100.0",
                "_formattedPartition_": "           0",
                "_column_": "predict",
                "_RespBest_": "0.0",
                "_DataRole_": "VALIDATE",
                "_CumResp_": "100.0",
                "_PctRespBest_": "0.0",
                "_Gain_": "1.0",
                "_CumLift_": "2.0000000000000004",
                "_Event_": "1",
                "_TargetName_": "food_label",
                "_PctResp_": "0.0",
                "_GainBest_": "1.0",
                "_CumLiftBest_": "2.0000000000000004",
                "_Lift_": "0.0",
                "_CumPctResp_": "0.6493495250483176",
                "_NEventsBest_": "0.0",
                "_CumPctRespBest_": "0.6493495250483176",
                "_Value_": "0.312",
                "_NEvents_": "0.0",
                "_LiftBest_": "0.0",
                "_PartInd_": "0",
                "_Resp_": "0.0"
            },
            "rowNumber": 11
        },
        {
            "dataMap": {
                "_NObs_": "462047.0",
                "_Depth_": "55.0",
                "_CumRespBest_": "100.0",
                "_formattedPartition_": "           0",
                "_column_": "predict",
                "_RespBest_": "0.0",
                "_DataRole_": "VALIDATE",
                "_CumResp_": "100.0",
                "_PctRespBest_": "0.0",
                "_Gain_": "0.8181818181818181",
                "_CumLift_": "1.8181818181818183",
                "_Event_": "1",
                "_TargetName_": "food_label",
                "_PctResp_": "0.0",
                "_GainBest_": "0.8181818181818181",
                "_CumLiftBest_": "1.8181818181818183",
                "_Lift_": "0.0",
                "_CumPctResp_": "0.5903177500439251",
                "_NEventsBest_": "0.0",
                "_CumPctRespBest_": "0.5903177500439251",
                "_Value_": "0.292",
                "_NEvents_": "0.0",
                "_LiftBest_": "0.0",
                "_PartInd_": "0",
                "_Resp_": "0.0"
            },
            "rowNumber": 12
        },
        {
            "dataMap": {
                "_NObs_": "462047.0",
                "_Depth_": "60.0",
                "_CumRespBest_": "100.0",
                "_formattedPartition_": "           0",
                "_column_": "predict",
                "_RespBest_": "0.0",
                "_DataRole_": "VALIDATE",
                "_CumResp_": "100.0",
                "_PctRespBest_": "0.0",
                "_Gain_": "0.6666666666666667",
                "_CumLift_": "1.6666666666666667",
                "_Event_": "1",
                "_TargetName_": "food_label",
                "_PctResp_": "0.0",
                "_GainBest_": "0.6666666666666667",
                "_CumLiftBest_": "1.6666666666666667",
                "_Lift_": "0.0",
                "_CumPctResp_": "0.5411246042069313",
                "_NEventsBest_": "0.0",
                "_CumPctRespBest_": "0.5411246042069313",
                "_Value_": "0.275",
                "_NEvents_": "0.0",
                "_LiftBest_": "0.0",
                "_PartInd_": "0",
                "_Resp_": "0.0"
            },
            "rowNumber": 13
        },
        {
            "dataMap": {
                "_NObs_": "462047.0",
                "_Depth_": "65.0",
                "_CumRespBest_": "100.0",
                "_formattedPartition_": "           0",
                "_column_": "predict",
                "_RespBest_": "0.0",
                "_DataRole_": "VALIDATE",
                "_CumResp_": "100.0",
                "_PctRespBest_": "0.0",
                "_Gain_": "0.5384615384615385",
                "_CumLift_": "1.5384615384615383",
                "_Event_": "1",
                "_TargetName_": "food_label",
                "_PctResp_": "0.0",
                "_GainBest_": "0.5384615384615385",
                "_CumLiftBest_": "1.5384615384615383",
                "_Lift_": "0.0",
                "_CumPctResp_": "0.499499634652552",
                "_NEventsBest_": "0.0",
                "_CumPctRespBest_": "0.499499634652552",
                "_Value_": "0.258",
                "_NEvents_": "0.0",
                "_LiftBest_": "0.0",
                "_PartInd_": "0",
                "_Resp_": "0.0"
            },
            "rowNumber": 14
        },
        {
            "dataMap": {
                "_NObs_": "462047.0",
                "_Depth_": "70.0",
                "_CumRespBest_": "100.0",
                "_formattedPartition_": "           0",
                "_column_": "predict",
                "_RespBest_": "0.0",
                "_DataRole_": "VALIDATE",
                "_CumResp_": "100.0",
                "_PctRespBest_": "0.0",
                "_Gain_": "0.4285714285714284",
                "_CumLift_": "1.4285714285714284",
                "_Event_": "1",
                "_TargetName_": "food_label",
                "_PctResp_": "0.0",
                "_GainBest_": "0.4285714285714284",
                "_CumLiftBest_": "1.4285714285714284",
                "_Lift_": "0.0",
                "_CumPctResp_": "0.46382108932022686",
                "_NEventsBest_": "0.0",
                "_CumPctRespBest_": "0.46382108932022686",
                "_Value_": "0.239",
                "_NEvents_": "0.0",
                "_LiftBest_": "0.0",
                "_PartInd_": "0",
                "_Resp_": "0.0"
            },
            "rowNumber": 15
        },
        {
            "dataMap": {
                "_NObs_": "462047.0",
                "_Depth_": "75.0",
                "_CumRespBest_": "100.0",
                "_formattedPartition_": "           0",
                "_column_": "predict",
                "_RespBest_": "0.0",
                "_DataRole_": "VALIDATE",
                "_CumResp_": "100.0",
                "_PctRespBest_": "0.0",
                "_Gain_": "0.33333333333333326",
                "_CumLift_": "1.333333333333333",
                "_Event_": "1",
                "_TargetName_": "food_label",
                "_PctResp_": "0.0",
                "_GainBest_": "0.33333333333333326",
                "_CumLiftBest_": "1.333333333333333",
                "_Lift_": "0.0",
                "_CumPctResp_": "0.4328996833655451",
                "_NEventsBest_": "0.0",
                "_CumPctRespBest_": "0.4328996833655451",
                "_Value_": "0.215",
                "_NEvents_": "0.0",
                "_LiftBest_": "0.0",
                "_PartInd_": "0",
                "_Resp_": "0.0"
            },
            "rowNumber": 16
        },
        {
            "dataMap": {
                "_NObs_": "462047.0",
                "_Depth_": "80.0",
                "_CumRespBest_": "100.0",
                "_formattedPartition_": "           0",
                "_column_": "predict",
                "_RespBest_": "0.0",
                "_DataRole_": "VALIDATE",
                "_CumResp_": "100.0",
                "_PctRespBest_": "0.0",
                "_Gain_": "0.25",
                "_CumLift_": "1.2499999999999998",
                "_Event_": "1",
                "_TargetName_": "food_label",
                "_PctResp_": "0.0",
                "_GainBest_": "0.25",
                "_CumLiftBest_": "1.2499999999999998",
                "_Lift_": "0.0",
                "_CumPctResp_": "0.40584345315519854",
                "_NEventsBest_": "0.0",
                "_CumPctRespBest_": "0.40584345315519854",
                "_Value_": "0.196",
                "_NEvents_": "0.0",
                "_LiftBest_": "0.0",
                "_PartInd_": "0",
                "_Resp_": "0.0"
            },
            "rowNumber": 17
        },
        {
            "dataMap": {
                "_NObs_": "462047.0",
                "_Depth_": "85.0",
                "_CumRespBest_": "100.0",
                "_formattedPartition_": "           0",
                "_column_": "predict",
                "_RespBest_": "0.0",
                "_DataRole_": "VALIDATE",
                "_CumResp_": "100.0",
                "_PctRespBest_": "0.0",
                "_Gain_": "0.17647058823529393",
                "_CumLift_": "1.1764705882352937",
                "_Event_": "1",
                "_TargetName_": "food_label",
                "_PctResp_": "0.0",
                "_GainBest_": "0.17647058823529393",
                "_CumLiftBest_": "1.1764705882352937",
                "_Lift_": "0.0",
                "_CumPctResp_": "0.38197030885195155",
                "_NEventsBest_": "0.0",
                "_CumPctRespBest_": "0.38197030885195155",
                "_Value_": "0.174",
                "_NEvents_": "0.0",
                "_LiftBest_": "0.0",
                "_PartInd_": "0",
                "_Resp_": "0.0"
            },
            "rowNumber": 18
        },
        {
            "dataMap": {
                "_NObs_": "462047.0",
                "_Depth_": "90.0",
                "_CumRespBest_": "100.0",
                "_formattedPartition_": "           0",
                "_column_": "predict",
                "_RespBest_": "0.0",
                "_DataRole_": "VALIDATE",
                "_CumResp_": "100.0",
                "_PctRespBest_": "0.0",
                "_Gain_": "0.11111111111111072",
                "_CumLift_": "1.1111111111111107",
                "_Event_": "1",
                "_TargetName_": "food_label",
                "_PctResp_": "0.0",
                "_GainBest_": "0.11111111111111072",
                "_CumLiftBest_": "1.1111111111111107",
                "_Lift_": "0.0",
                "_CumPctResp_": "0.3607497361379542",
                "_NEventsBest_": "0.0",
                "_CumPctRespBest_": "0.3607497361379542",
                "_Value_": "0.139",
                "_NEvents_": "0.0",
                "_LiftBest_": "0.0",
                "_PartInd_": "0",
                "_Resp_": "0.0"
            },
            "rowNumber": 19
        },
        {
            "dataMap": {
                "_NObs_": "462047.0",
                "_Depth_": "95.0",
                "_CumRespBest_": "100.0",
                "_formattedPartition_": "           0",
                "_column_": "predict",
                "_RespBest_": "0.0",
                "_DataRole_": "VALIDATE",
                "_CumResp_": "100.0",
                "_PctRespBest_": "0.0",
                "_Gain_": "0.05263157894736814",
                "_CumLift_": "1.0526315789473681",
                "_Event_": "1",
                "_TargetName_": "food_label",
                "_PctResp_": "0.0",
                "_GainBest_": "0.05263157894736814",
                "_CumLiftBest_": "1.0526315789473681",
                "_Lift_": "0.0",
                "_CumPctResp_": "0.34176290792016717",
                "_NEventsBest_": "0.0",
                "_CumPctRespBest_": "0.34176290792016717",
                "_Value_": "0.1",
                "_NEvents_": "0.0",
                "_LiftBest_": "0.0",
                "_PartInd_": "0",
                "_Resp_": "0.0"
            },
            "rowNumber": 20
        },
        {
            "dataMap": {
                "_NObs_": "462031.0",
                "_Depth_": "100.0",
                "_CumRespBest_": "100.0",
                "_formattedPartition_": "           0",
                "_column_": "predict",
                "_RespBest_": "0.0",
                "_DataRole_": "VALIDATE",
                "_CumResp_": "100.0",
                "_PctRespBest_": "0.0",
                "_Gain_": "0.0",
                "_CumLift_": "1.0",
                "_Event_": "1",
                "_TargetName_": "food_label",
                "_PctResp_": "0.0",
                "_GainBest_": "0.0",
                "_CumLiftBest_": "1.0",
                "_Lift_": "0.0",
                "_CumPctResp_": "0.3246753246753247",
                "_NEventsBest_": "0.0",
                "_CumPctRespBest_": "0.3246753246753247",
                "_Value_": "0.0",
                "_NEvents_": "0.0",
                "_LiftBest_": "0.0",
                "_PartInd_": "0",
                "_Resp_": "0.0"
            },
            "rowNumber": 21
        },
        {
            "dataMap": {
                "_NObs_": "0",
                "_Depth_": "0",
                "_CumRespBest_": "0",
                "_formattedPartition_": "           1",
                "_column_": "predict",
                "_RespBest_": "0",
                "_DataRole_": "TRAIN",
                "_CumResp_": "0",
                "_Event_": "1",
                "_TargetName_": "food_label",
                "_NEventsBest_": "0",
                "_Value_": "0",
                "_NEvents_": "0",
                "_PartInd_": "1",
                "_Resp_": "0"
            },
            "rowNumber": 22
        },
        {
            "dataMap": {
                "_NObs_": "154016.0",
                "_Depth_": "5.0",
                "_CumRespBest_": "100.0",
                "_formattedPartition_": "           1",
                "_column_": "predict",
                "_RespBest_": "100.0",
                "_DataRole_": "TRAIN",
                "_CumResp_": "100.0",
                "_PctRespBest_": "6.493481196758778",
                "_Gain_": "19.0",
                "_CumLift_": "20.0",
                "_Event_": "1",
                "_TargetName_": "food_label",
                "_PctResp_": "6.493481196758778",
                "_GainBest_": "19.0",
                "_CumLiftBest_": "20.0",
                "_Lift_": "20.0",
                "_CumPctResp_": "6.493481196758778",
                "_NEventsBest_": "10001.0",
                "_CumPctRespBest_": "6.493481196758778",
                "_Value_": "0.58",
                "_NEvents_": "10001.0",
                "_LiftBest_": "20.0",
                "_PartInd_": "1",
                "_Resp_": "100.0"
            },
            "rowNumber": 23
        },
        {
            "dataMap": {
                "_NObs_": "154016.0",
                "_Depth_": "10.0",
                "_CumRespBest_": "100.0",
                "_formattedPartition_": "           1",
                "_column_": "predict",
                "_RespBest_": "0.0",
                "_DataRole_": "TRAIN",
                "_CumResp_": "100.0",
                "_PctRespBest_": "0.0",
                "_Gain_": "9.0",
                "_CumLift_": "10.0",
                "_Event_": "1",
                "_TargetName_": "food_label",
                "_PctResp_": "0.0",
                "_GainBest_": "9.0",
                "_CumLiftBest_": "10.0",
                "_Lift_": "0.0",
                "_CumPctResp_": "3.246740598379389",
                "_NEventsBest_": "0.0",
                "_CumPctRespBest_": "3.246740598379389",
                "_Value_": "0.483",
                "_NEvents_": "0.0",
                "_LiftBest_": "0.0",
                "_PartInd_": "1",
                "_Resp_": "0.0"
            },
            "rowNumber": 24
        },
        {
            "dataMap": {
                "_NObs_": "154016.0",
                "_Depth_": "15.0",
                "_CumRespBest_": "100.0",
                "_formattedPartition_": "           1",
                "_column_": "predict",
                "_RespBest_": "0.0",
                "_DataRole_": "TRAIN",
                "_CumResp_": "100.0",
                "_PctRespBest_": "0.0",
                "_Gain_": "5.666666666666667",
                "_CumLift_": "6.666666666666666",
                "_Event_": "1",
                "_TargetName_": "food_label",
                "_PctResp_": "0.0",
                "_GainBest_": "5.666666666666667",
                "_CumLiftBest_": "6.666666666666666",
                "_Lift_": "0.0",
                "_CumPctResp_": "2.164493732252926",
                "_NEventsBest_": "0.0",
                "_CumPctRespBest_": "2.164493732252926",
                "_Value_": "0.459",
                "_NEvents_": "0.0",
                "_LiftBest_": "0.0",
                "_PartInd_": "1",
                "_Resp_": "0.0"
            },
            "rowNumber": 25
        },
        {
            "dataMap": {
                "_NObs_": "154016.0",
                "_Depth_": "20.0",
                "_CumRespBest_": "100.0",
                "_formattedPartition_": "           1",
                "_column_": "predict",
                "_RespBest_": "0.0",
                "_DataRole_": "TRAIN",
                "_CumResp_": "100.0",
                "_PctRespBest_": "0.0",
                "_Gain_": "4.0",
                "_CumLift_": "5.0",
                "_Event_": "1",
                "_TargetName_": "food_label",
                "_PctResp_": "0.0",
                "_GainBest_": "4.0",
                "_CumLiftBest_": "5.0",
                "_Lift_": "0.0",
                "_CumPctResp_": "1.6233702991896946",
                "_NEventsBest_": "0.0",
                "_CumPctRespBest_": "1.6233702991896946",
                "_Value_": "0.423",
                "_NEvents_": "0.0",
                "_LiftBest_": "0.0",
                "_PartInd_": "1",
                "_Resp_": "0.0"
            },
            "rowNumber": 26
        },
        {
            "dataMap": {
                "_NObs_": "154016.0",
                "_Depth_": "25.0",
                "_CumRespBest_": "100.0",
                "_formattedPartition_": "           1",
                "_column_": "predict",
                "_RespBest_": "0.0",
                "_DataRole_": "TRAIN",
                "_CumResp_": "100.0",
                "_PctRespBest_": "0.0",
                "_Gain_": "3.0",
                "_CumLift_": "4.0",
                "_Event_": "1",
                "_TargetName_": "food_label",
                "_PctResp_": "0.0",
                "_GainBest_": "3.0",
                "_CumLiftBest_": "4.0",
                "_Lift_": "0.0",
                "_CumPctResp_": "1.2986962393517556",
                "_NEventsBest_": "0.0",
                "_CumPctRespBest_": "1.2986962393517556",
                "_Value_": "0.401",
                "_NEvents_": "0.0",
                "_LiftBest_": "0.0",
                "_PartInd_": "1",
                "_Resp_": "0.0"
            },
            "rowNumber": 27
        },
        {
            "dataMap": {
                "_NObs_": "154016.0",
                "_Depth_": "30.0",
                "_CumRespBest_": "100.0",
                "_formattedPartition_": "           1",
                "_column_": "predict",
                "_RespBest_": "0.0",
                "_DataRole_": "TRAIN",
                "_CumResp_": "100.0",
                "_PctRespBest_": "0.0",
                "_Gain_": "2.3333333333333335",
                "_CumLift_": "3.333333333333333",
                "_Event_": "1",
                "_TargetName_": "food_label",
                "_PctResp_": "0.0",
                "_GainBest_": "2.3333333333333335",
                "_CumLiftBest_": "3.333333333333333",
                "_Lift_": "0.0",
                "_CumPctResp_": "1.082246866126463",
                "_NEventsBest_": "0.0",
                "_CumPctRespBest_": "1.082246866126463",
                "_Value_": "0.372",
                "_NEvents_": "0.0",
                "_LiftBest_": "0.0",
                "_PartInd_": "1",
                "_Resp_": "0.0"
            },
            "rowNumber": 28
        },
        {
            "dataMap": {
                "_NObs_": "154016.0",
                "_Depth_": "35.0",
                "_CumRespBest_": "100.0",
                "_formattedPartition_": "           1",
                "_column_": "predict",
                "_RespBest_": "0.0",
                "_DataRole_": "TRAIN",
                "_CumResp_": "100.0",
                "_PctRespBest_": "0.0",
                "_Gain_": "1.8571428571428568",
                "_CumLift_": "2.8571428571428568",
                "_Event_": "1",
                "_TargetName_": "food_label",
                "_PctResp_": "0.0",
                "_GainBest_": "1.8571428571428568",
                "_CumLiftBest_": "2.8571428571428568",
                "_Lift_": "0.0",
                "_CumPctResp_": "0.9276401709655397",
                "_NEventsBest_": "0.0",
                "_CumPctRespBest_": "0.9276401709655397",
                "_Value_": "0.359",
                "_NEvents_": "0.0",
                "_LiftBest_": "0.0",
                "_PartInd_": "1",
                "_Resp_": "0.0"
            },
            "rowNumber": 29
        },
        {
            "dataMap": {
                "_NObs_": "154016.0",
                "_Depth_": "40.0",
                "_CumRespBest_": "100.0",
                "_formattedPartition_": "           1",
                "_column_": "predict",
                "_RespBest_": "0.0",
                "_DataRole_": "TRAIN",
                "_CumResp_": "100.0",
                "_PctRespBest_": "0.0",
                "_Gain_": "1.4999999999999996",
                "_CumLift_": "2.4999999999999996",
                "_Event_": "1",
                "_TargetName_": "food_label",
                "_PctResp_": "0.0",
                "_GainBest_": "1.4999999999999996",
                "_CumLiftBest_": "2.4999999999999996",
                "_Lift_": "0.0",
                "_CumPctResp_": "0.8116851495948473",
                "_NEventsBest_": "0.0",
                "_CumPctRespBest_": "0.8116851495948473",
                "_Value_": "0.35",
                "_NEvents_": "0.0",
                "_LiftBest_": "0.0",
                "_PartInd_": "1",
                "_Resp_": "0.0"
            },
            "rowNumber": 30
        },
        {
            "dataMap": {
                "_NObs_": "154016.0",
                "_Depth_": "45.0",
                "_CumRespBest_": "100.0",
                "_formattedPartition_": "           1",
                "_column_": "predict",
                "_RespBest_": "0.0",
                "_DataRole_": "TRAIN",
                "_CumResp_": "100.0",
                "_PctRespBest_": "0.0",
                "_Gain_": "1.2222222222222219",
                "_CumLift_": "2.222222222222222",
                "_Event_": "1",
                "_TargetName_": "food_label",
                "_PctResp_": "0.0",
                "_GainBest_": "1.2222222222222219",
                "_CumLiftBest_": "2.222222222222222",
                "_Lift_": "0.0",
                "_CumPctResp_": "0.7214979107509754",
                "_NEventsBest_": "0.0",
                "_CumPctRespBest_": "0.7214979107509754",
                "_Value_": "0.327",
                "_NEvents_": "0.0",
                "_LiftBest_": "0.0",
                "_PartInd_": "1",
                "_Resp_": "0.0"
            },
            "rowNumber": 31
        },
        {
            "dataMap": {
                "_NObs_": "154016.0",
                "_Depth_": "50.0",
                "_CumRespBest_": "100.0",
                "_formattedPartition_": "           1",
                "_column_": "predict",
                "_RespBest_": "0.0",
                "_DataRole_": "TRAIN",
                "_CumResp_": "100.0",
                "_PctRespBest_": "0.0",
                "_Gain_": "0.9999999999999996",
                "_CumLift_": "1.9999999999999996",
                "_Event_": "1",
                "_TargetName_": "food_label",
                "_PctResp_": "0.0",
                "_GainBest_": "0.9999999999999996",
                "_CumLiftBest_": "1.9999999999999996",
                "_Lift_": "0.0",
                "_CumPctResp_": "0.6493481196758778",
                "_NEventsBest_": "0.0",
                "_CumPctRespBest_": "0.6493481196758778",
                "_Value_": "0.313",
                "_NEvents_": "0.0",
                "_LiftBest_": "0.0",
                "_PartInd_": "1",
                "_Resp_": "0.0"
            },
            "rowNumber": 32
        },
        {
            "dataMap": {
                "_NObs_": "154016.0",
                "_Depth_": "55.0",
                "_CumRespBest_": "100.0",
                "_formattedPartition_": "           1",
                "_column_": "predict",
                "_RespBest_": "0.0",
                "_DataRole_": "TRAIN",
                "_CumResp_": "100.0",
                "_PctRespBest_": "0.0",
                "_Gain_": "0.8181818181818177",
                "_CumLift_": "1.818181818181818",
                "_Event_": "1",
                "_TargetName_": "food_label",
                "_PctResp_": "0.0",
                "_GainBest_": "0.8181818181818177",
                "_CumLiftBest_": "1.818181818181818",
                "_Lift_": "0.0",
                "_CumPctResp_": "0.5903164724326162",
                "_NEventsBest_": "0.0",
                "_CumPctRespBest_": "0.5903164724326162",
                "_Value_": "0.294",
                "_NEvents_": "0.0",
                "_LiftBest_": "0.0",
                "_PartInd_": "1",
                "_Resp_": "0.0"
            },
            "rowNumber": 33
        },
        {
            "dataMap": {
                "_NObs_": "154016.0",
                "_Depth_": "60.0",
                "_CumRespBest_": "100.0",
                "_formattedPartition_": "           1",
                "_column_": "predict",
                "_RespBest_": "0.0",
                "_DataRole_": "TRAIN",
                "_CumResp_": "100.0",
                "_PctRespBest_": "0.0",
                "_Gain_": "0.6666666666666661",
                "_CumLift_": "1.6666666666666663",
                "_Event_": "1",
                "_TargetName_": "food_label",
                "_PctResp_": "0.0",
                "_GainBest_": "0.6666666666666661",
                "_CumLiftBest_": "1.6666666666666663",
                "_Lift_": "0.0",
                "_CumPctResp_": "0.5411234330632315",
                "_NEventsBest_": "0.0",
                "_CumPctRespBest_": "0.5411234330632315",
                "_Value_": "0.275",
                "_NEvents_": "0.0",
                "_LiftBest_": "0.0",
                "_PartInd_": "1",
                "_Resp_": "0.0"
            },
            "rowNumber": 34
        },
        {
            "dataMap": {
                "_NObs_": "154016.0",
                "_Depth_": "65.0",
                "_CumRespBest_": "100.0",
                "_formattedPartition_": "           1",
                "_column_": "predict",
                "_RespBest_": "0.0",
                "_DataRole_": "TRAIN",
                "_CumResp_": "100.0",
                "_PctRespBest_": "0.0",
                "_Gain_": "0.5384615384615381",
                "_CumLift_": "1.538461538461538",
                "_Event_": "1",
                "_TargetName_": "food_label",
                "_PctResp_": "0.0",
                "_GainBest_": "0.5384615384615381",
                "_CumLiftBest_": "1.538461538461538",
                "_Lift_": "0.0",
                "_CumPctResp_": "0.4994985535968291",
                "_NEventsBest_": "0.0",
                "_CumPctRespBest_": "0.4994985535968291",
                "_Value_": "0.258",
                "_NEvents_": "0.0",
                "_LiftBest_": "0.0",
                "_PartInd_": "1",
                "_Resp_": "0.0"
            },
            "rowNumber": 35
        },
        {
            "dataMap": {
                "_NObs_": "154016.0",
                "_Depth_": "70.0",
                "_CumRespBest_": "100.0",
                "_formattedPartition_": "           1",
                "_column_": "predict",
                "_RespBest_": "0.0",
                "_DataRole_": "TRAIN",
                "_CumResp_": "100.0",
                "_PctRespBest_": "0.0",
                "_Gain_": "0.42857142857142816",
                "_CumLift_": "1.4285714285714282",
                "_Event_": "1",
                "_TargetName_": "food_label",
                "_PctResp_": "0.0",
                "_GainBest_": "0.42857142857142816",
                "_CumLiftBest_": "1.4285714285714282",
                "_Lift_": "0.0",
                "_CumPctResp_": "0.4638200854827699",
                "_NEventsBest_": "0.0",
                "_CumPctRespBest_": "0.4638200854827699",
                "_Value_": "0.242",
                "_NEvents_": "0.0",
                "_LiftBest_": "0.0",
                "_PartInd_": "1",
                "_Resp_": "0.0"
            },
            "rowNumber": 36
        },
        {
            "dataMap": {
                "_NObs_": "154016.0",
                "_Depth_": "75.0",
                "_CumRespBest_": "100.0",
                "_formattedPartition_": "           1",
                "_column_": "predict",
                "_RespBest_": "0.0",
                "_DataRole_": "TRAIN",
                "_CumResp_": "100.0",
                "_PctRespBest_": "0.0",
                "_Gain_": "0.33333333333333304",
                "_CumLift_": "1.333333333333333",
                "_Event_": "1",
                "_TargetName_": "food_label",
                "_PctResp_": "0.0",
                "_GainBest_": "0.33333333333333304",
                "_CumLiftBest_": "1.333333333333333",
                "_Lift_": "0.0",
                "_CumPctResp_": "0.43289874645058524",
                "_NEventsBest_": "0.0",
                "_CumPctRespBest_": "0.43289874645058524",
                "_Value_": "0.22",
                "_NEvents_": "0.0",
                "_LiftBest_": "0.0",
                "_PartInd_": "1",
                "_Resp_": "0.0"
            },
            "rowNumber": 37
        },
        {
            "dataMap": {
                "_NObs_": "154016.0",
                "_Depth_": "80.0",
                "_CumRespBest_": "100.0",
                "_formattedPartition_": "           1",
                "_column_": "predict",
                "_RespBest_": "0.0",
                "_DataRole_": "TRAIN",
                "_CumResp_": "100.0",
                "_PctRespBest_": "0.0",
                "_Gain_": "0.24999999999999956",
                "_CumLift_": "1.2499999999999998",
                "_Event_": "1",
                "_TargetName_": "food_label",
                "_PctResp_": "0.0",
                "_GainBest_": "0.24999999999999956",
                "_CumLiftBest_": "1.2499999999999998",
                "_Lift_": "0.0",
                "_CumPctResp_": "0.40584257479742364",
                "_NEventsBest_": "0.0",
                "_CumPctRespBest_": "0.40584257479742364",
                "_Value_": "0.205",
                "_NEvents_": "0.0",
                "_LiftBest_": "0.0",
                "_PartInd_": "1",
                "_Resp_": "0.0"
            },
            "rowNumber": 38
        },
        {
            "dataMap": {
                "_NObs_": "154016.0",
                "_Depth_": "85.0",
                "_CumRespBest_": "100.0",
                "_formattedPartition_": "           1",
                "_column_": "predict",
                "_RespBest_": "0.0",
                "_DataRole_": "TRAIN",
                "_CumResp_": "100.0",
                "_PctRespBest_": "0.0",
                "_Gain_": "0.17647058823529393",
                "_CumLift_": "1.1764705882352937",
                "_Event_": "1",
                "_TargetName_": "food_label",
                "_PctResp_": "0.0",
                "_GainBest_": "0.17647058823529393",
                "_CumLiftBest_": "1.1764705882352937",
                "_Lift_": "0.0",
                "_CumPctResp_": "0.3819694821622811",
                "_NEventsBest_": "0.0",
                "_CumPctRespBest_": "0.3819694821622811",
                "_Value_": "0.187",
                "_NEvents_": "0.0",
                "_LiftBest_": "0.0",
                "_PartInd_": "1",
                "_Resp_": "0.0"
            },
            "rowNumber": 39
        },
        {
            "dataMap": {
                "_NObs_": "154016.0",
                "_Depth_": "90.0",
                "_CumRespBest_": "100.0",
                "_formattedPartition_": "           1",
                "_column_": "predict",
                "_RespBest_": "0.0",
                "_DataRole_": "TRAIN",
                "_CumResp_": "100.0",
                "_PctRespBest_": "0.0",
                "_Gain_": "0.11111111111111094",
                "_CumLift_": "1.111111111111111",
                "_Event_": "1",
                "_TargetName_": "food_label",
                "_PctResp_": "0.0",
                "_GainBest_": "0.11111111111111094",
                "_CumLiftBest_": "1.111111111111111",
                "_Lift_": "0.0",
                "_CumPctResp_": "0.3607489553754877",
                "_NEventsBest_": "0.0",
                "_CumPctRespBest_": "0.3607489553754877",
                "_Value_": "0.164",
                "_NEvents_": "0.0",
                "_LiftBest_": "0.0",
                "_PartInd_": "1",
                "_Resp_": "0.0"
            },
            "rowNumber": 40
        },
        {
            "dataMap": {
                "_NObs_": "154016.0",
                "_Depth_": "95.0",
                "_CumRespBest_": "100.0",
                "_formattedPartition_": "           1",
                "_column_": "predict",
                "_RespBest_": "0.0",
                "_DataRole_": "TRAIN",
                "_CumResp_": "100.0",
                "_PctRespBest_": "0.0",
                "_Gain_": "0.05263157894736836",
                "_CumLift_": "1.0526315789473684",
                "_Event_": "1",
                "_TargetName_": "food_label",
                "_PctResp_": "0.0",
                "_GainBest_": "0.05263157894736836",
                "_CumLiftBest_": "1.0526315789473684",
                "_Lift_": "0.0",
                "_CumPctResp_": "0.341762168250462",
                "_NEventsBest_": "0.0",
                "_CumPctRespBest_": "0.341762168250462",
                "_Value_": "0.137",
                "_NEvents_": "0.0",
                "_LiftBest_": "0.0",
                "_PartInd_": "1",
                "_Resp_": "0.0"
            },
            "rowNumber": 41
        },
        {
            "dataMap": {
                "_NObs_": "154004.0",
                "_Depth_": "100.0",
                "_CumRespBest_": "100.0",
                "_formattedPartition_": "           1",
                "_column_": "predict",
                "_RespBest_": "0.0",
                "_DataRole_": "TRAIN",
                "_CumResp_": "100.0",
                "_PctRespBest_": "0.0",
                "_Gain_": "0.0",
                "_CumLift_": "1.0",
                "_Event_": "1",
                "_TargetName_": "food_label",
                "_PctResp_": "0.0",
                "_GainBest_": "0.0",
                "_CumLiftBest_": "1.0",
                "_Lift_": "0.0",
                "_CumPctResp_": "0.3246753246753247",
                "_NEventsBest_": "0.0",
                "_CumPctRespBest_": "0.3246753246753247",
                "_Value_": "0.0",
                "_NEvents_": "0.0",
                "_LiftBest_": "0.0",
                "_PartInd_": "1",
                "_Resp_": "0.0"
            },
            "rowNumber": 42
        },
        {
            "dataMap": {
                "_NObs_": "0",
                "_Depth_": "0",
                "_CumRespBest_": "0",
                "_formattedPartition_": "           2",
                "_column_": "predict",
                "_RespBest_": "0",
                "_DataRole_": "TEST",
                "_CumResp_": "0",
                "_Event_": "1",
                "_TargetName_": "food_label",
                "_NEventsBest_": "0",
                "_Value_": "0",
                "_NEvents_": "0",
                "_PartInd_": "2",
                "_Resp_": "0"
            },
            "rowNumber": 43
        },
        {
            "dataMap": {
                "_NObs_": "308031.0",
                "_Depth_": "5.0",
                "_CumRespBest_": "100.0",
                "_formattedPartition_": "           2",
                "_column_": "predict",
                "_RespBest_": "100.0",
                "_DataRole_": "TEST",
                "_CumResp_": "100.0",
                "_PctRespBest_": "6.4935022773681865",
                "_Gain_": "18.999999999999996",
                "_CumLift_": "20.0",
                "_Event_": "1",
                "_TargetName_": "food_label",
                "_PctResp_": "6.4935022773681865",
                "_GainBest_": "18.999999999999996",
                "_CumLiftBest_": "20.0",
                "_Lift_": "20.0",
                "_CumPctResp_": "6.4935022773681865",
                "_NEventsBest_": "20002.0",
                "_CumPctRespBest_": "6.4935022773681865",
                "_Value_": "0.626",
                "_NEvents_": "20002.0",
                "_LiftBest_": "20.0",
                "_PartInd_": "2",
                "_Resp_": "100.0"
            },
            "rowNumber": 44
        },
        {
            "dataMap": {
                "_NObs_": "308031.0",
                "_Depth_": "10.0",
                "_CumRespBest_": "100.0",
                "_formattedPartition_": "           2",
                "_column_": "predict",
                "_RespBest_": "0.0",
                "_DataRole_": "TEST",
                "_CumResp_": "100.0",
                "_PctRespBest_": "0.0",
                "_Gain_": "8.999999999999998",
                "_CumLift_": "10.0",
                "_Event_": "1",
                "_TargetName_": "food_label",
                "_PctResp_": "0.0",
                "_GainBest_": "8.999999999999998",
                "_CumLiftBest_": "10.0",
                "_Lift_": "0.0",
                "_CumPctResp_": "3.2467511386840933",
                "_NEventsBest_": "0.0",
                "_CumPctRespBest_": "3.2467511386840933",
                "_Value_": "0.532",
                "_NEvents_": "0.0",
                "_LiftBest_": "0.0",
                "_PartInd_": "2",
                "_Resp_": "0.0"
            },
            "rowNumber": 45
        },
        {
            "dataMap": {
                "_NObs_": "308031.0",
                "_Depth_": "15.0",
                "_CumRespBest_": "100.0",
                "_formattedPartition_": "           2",
                "_column_": "predict",
                "_RespBest_": "0.0",
                "_DataRole_": "TEST",
                "_CumResp_": "100.0",
                "_PctRespBest_": "0.0",
                "_Gain_": "5.666666666666666",
                "_CumLift_": "6.666666666666666",
                "_Event_": "1",
                "_TargetName_": "food_label",
                "_PctResp_": "0.0",
                "_GainBest_": "5.666666666666666",
                "_CumLiftBest_": "6.666666666666666",
                "_Lift_": "0.0",
                "_CumPctResp_": "2.164500759122729",
                "_NEventsBest_": "0.0",
                "_CumPctRespBest_": "2.164500759122729",
                "_Value_": "0.488",
                "_NEvents_": "0.0",
                "_LiftBest_": "0.0",
                "_PartInd_": "2",
                "_Resp_": "0.0"
            },
            "rowNumber": 46
        },
        {
            "dataMap": {
                "_NObs_": "308031.0",
                "_Depth_": "20.0",
                "_CumRespBest_": "100.0",
                "_formattedPartition_": "           2",
                "_column_": "predict",
                "_RespBest_": "0.0",
                "_DataRole_": "TEST",
                "_CumResp_": "100.0",
                "_PctRespBest_": "0.0",
                "_Gain_": "3.999999999999999",
                "_CumLift_": "5.0",
                "_Event_": "1",
                "_TargetName_": "food_label",
                "_PctResp_": "0.0",
                "_GainBest_": "3.999999999999999",
                "_CumLiftBest_": "5.0",
                "_Lift_": "0.0",
                "_CumPctResp_": "1.6233755693420466",
                "_NEventsBest_": "0.0",
                "_CumPctRespBest_": "1.6233755693420466",
                "_Value_": "0.46",
                "_NEvents_": "0.0",
                "_LiftBest_": "0.0",
                "_PartInd_": "2",
                "_Resp_": "0.0"
            },
            "rowNumber": 47
        },
        {
            "dataMap": {
                "_NObs_": "308031.0",
                "_Depth_": "25.0",
                "_CumRespBest_": "100.0",
                "_formattedPartition_": "           2",
                "_column_": "predict",
                "_RespBest_": "0.0",
                "_DataRole_": "TEST",
                "_CumResp_": "100.0",
                "_PctRespBest_": "0.0",
                "_Gain_": "3.0",
                "_CumLift_": "4.0",
                "_Event_": "1",
                "_TargetName_": "food_label",
                "_PctResp_": "0.0",
                "_GainBest_": "3.0",
                "_CumLiftBest_": "4.0",
                "_Lift_": "0.0",
                "_CumPctResp_": "1.2987004554736374",
                "_NEventsBest_": "0.0",
                "_CumPctRespBest_": "1.2987004554736374",
                "_Value_": "0.426",
                "_NEvents_": "0.0",
                "_LiftBest_": "0.0",
                "_PartInd_": "2",
                "_Resp_": "0.0"
            },
            "rowNumber": 48
        },
        {
            "dataMap": {
                "_NObs_": "308031.0",
                "_Depth_": "30.0",
                "_CumRespBest_": "100.0",
                "_formattedPartition_": "           2",
                "_column_": "predict",
                "_RespBest_": "0.0",
                "_DataRole_": "TEST",
                "_CumResp_": "100.0",
                "_PctRespBest_": "0.0",
                "_Gain_": "2.333333333333333",
                "_CumLift_": "3.333333333333333",
                "_Event_": "1",
                "_TargetName_": "food_label",
                "_PctResp_": "0.0",
                "_GainBest_": "2.333333333333333",
                "_CumLiftBest_": "3.333333333333333",
                "_Lift_": "0.0",
                "_CumPctResp_": "1.0822503795613645",
                "_NEventsBest_": "0.0",
                "_CumPctRespBest_": "1.0822503795613645",
                "_Value_": "0.402",
                "_NEvents_": "0.0",
                "_LiftBest_": "0.0",
                "_PartInd_": "2",
                "_Resp_": "0.0"
            },
            "rowNumber": 49
        },
        {
            "dataMap": {
                "_NObs_": "308031.0",
                "_Depth_": "35.0",
                "_CumRespBest_": "100.0",
                "_formattedPartition_": "           2",
                "_column_": "predict",
                "_RespBest_": "0.0",
                "_DataRole_": "TEST",
                "_CumResp_": "100.0",
                "_PctRespBest_": "0.0",
                "_Gain_": "1.8571428571428572",
                "_CumLift_": "2.8571428571428568",
                "_Event_": "1",
                "_TargetName_": "food_label",
                "_PctResp_": "0.0",
                "_GainBest_": "1.8571428571428572",
                "_CumLiftBest_": "2.8571428571428568",
                "_Lift_": "0.0",
                "_CumPctResp_": "0.9276431824811696",
                "_NEventsBest_": "0.0",
                "_CumPctRespBest_": "0.9276431824811696",
                "_Value_": "0.378",
                "_NEvents_": "0.0",
                "_LiftBest_": "0.0",
                "_PartInd_": "2",
                "_Resp_": "0.0"
            },
            "rowNumber": 50
        },
        {
            "dataMap": {
                "_NObs_": "308031.0",
                "_Depth_": "40.0",
                "_CumRespBest_": "100.0",
                "_formattedPartition_": "           2",
                "_column_": "predict",
                "_RespBest_": "0.0",
                "_DataRole_": "TEST",
                "_CumResp_": "100.0",
                "_PctRespBest_": "0.0",
                "_Gain_": "1.4999999999999991",
                "_CumLift_": "2.4999999999999996",
                "_Event_": "1",
                "_TargetName_": "food_label",
                "_PctResp_": "0.0",
                "_GainBest_": "1.4999999999999991",
                "_CumLiftBest_": "2.4999999999999996",
                "_Lift_": "0.0",
                "_CumPctResp_": "0.8116877846710233",
                "_NEventsBest_": "0.0",
                "_CumPctRespBest_": "0.8116877846710233",
                "_Value_": "0.362",
                "_NEvents_": "0.0",
                "_LiftBest_": "0.0",
                "_PartInd_": "2",
                "_Resp_": "0.0"
            },
            "rowNumber": 51
        },
        {
            "dataMap": {
                "_NObs_": "308031.0",
                "_Depth_": "45.0",
                "_CumRespBest_": "100.0",
                "_formattedPartition_": "           2",
                "_column_": "predict",
                "_RespBest_": "0.0",
                "_DataRole_": "TEST",
                "_CumResp_": "100.0",
                "_PctRespBest_": "0.0",
                "_Gain_": "1.2222222222222219",
                "_CumLift_": "2.222222222222222",
                "_Event_": "1",
                "_TargetName_": "food_label",
                "_PctResp_": "0.0",
                "_GainBest_": "1.2222222222222219",
                "_CumLiftBest_": "2.222222222222222",
                "_Lift_": "0.0",
                "_CumPctResp_": "0.7215002530409097",
                "_NEventsBest_": "0.0",
                "_CumPctRespBest_": "0.7215002530409097",
                "_Value_": "0.344",
                "_NEvents_": "0.0",
                "_LiftBest_": "0.0",
                "_PartInd_": "2",
                "_Resp_": "0.0"
            },
            "rowNumber": 52
        },
        {
            "dataMap": {
                "_NObs_": "308031.0",
                "_Depth_": "50.0",
                "_CumRespBest_": "100.0",
                "_formattedPartition_": "           2",
                "_column_": "predict",
                "_RespBest_": "0.0",
                "_DataRole_": "TEST",
                "_CumResp_": "100.0",
                "_PctRespBest_": "0.0",
                "_Gain_": "0.9999999999999996",
                "_CumLift_": "1.9999999999999996",
                "_Event_": "1",
                "_TargetName_": "food_label",
                "_PctResp_": "0.0",
                "_GainBest_": "0.9999999999999996",
                "_CumLiftBest_": "1.9999999999999996",
                "_Lift_": "0.0",
                "_CumPctResp_": "0.6493502277368187",
                "_NEventsBest_": "0.0",
                "_CumPctRespBest_": "0.6493502277368187",
                "_Value_": "0.324",
                "_NEvents_": "0.0",
                "_LiftBest_": "0.0",
                "_PartInd_": "2",
                "_Resp_": "0.0"
            },
            "rowNumber": 53
        },
        {
            "dataMap": {
                "_NObs_": "308031.0",
                "_Depth_": "55.0",
                "_CumRespBest_": "100.0",
                "_formattedPartition_": "           2",
                "_column_": "predict",
                "_RespBest_": "0.0",
                "_DataRole_": "TEST",
                "_CumResp_": "100.0",
                "_PctRespBest_": "0.0",
                "_Gain_": "0.8181818181818181",
                "_CumLift_": "1.818181818181818",
                "_Event_": "1",
                "_TargetName_": "food_label",
                "_PctResp_": "0.0",
                "_GainBest_": "0.8181818181818181",
                "_CumLiftBest_": "1.818181818181818",
                "_Lift_": "0.0",
                "_CumPctResp_": "0.5903183888516534",
                "_NEventsBest_": "0.0",
                "_CumPctRespBest_": "0.5903183888516534",
                "_Value_": "0.31",
                "_NEvents_": "0.0",
                "_LiftBest_": "0.0",
                "_PartInd_": "2",
                "_Resp_": "0.0"
            },
            "rowNumber": 54
        },
        {
            "dataMap": {
                "_NObs_": "308031.0",
                "_Depth_": "60.0",
                "_CumRespBest_": "100.0",
                "_formattedPartition_": "           2",
                "_column_": "predict",
                "_RespBest_": "0.0",
                "_DataRole_": "TEST",
                "_CumResp_": "100.0",
                "_PctRespBest_": "0.0",
                "_Gain_": "0.6666666666666663",
                "_CumLift_": "1.6666666666666663",
                "_Event_": "1",
                "_TargetName_": "food_label",
                "_PctResp_": "0.0",
                "_GainBest_": "0.6666666666666663",
                "_CumLiftBest_": "1.6666666666666663",
                "_Lift_": "0.0",
                "_CumPctResp_": "0.5411251897806822",
                "_NEventsBest_": "0.0",
                "_CumPctRespBest_": "0.5411251897806822",
                "_Value_": "0.291",
                "_NEvents_": "0.0",
                "_LiftBest_": "0.0",
                "_PartInd_": "2",
                "_Resp_": "0.0"
            },
            "rowNumber": 55
        },
        {
            "dataMap": {
                "_NObs_": "308031.0",
                "_Depth_": "65.0",
                "_CumRespBest_": "100.0",
                "_formattedPartition_": "           2",
                "_column_": "predict",
                "_RespBest_": "0.0",
                "_DataRole_": "TEST",
                "_CumResp_": "100.0",
                "_PctRespBest_": "0.0",
                "_Gain_": "0.5384615384615381",
                "_CumLift_": "1.538461538461538",
                "_Event_": "1",
                "_TargetName_": "food_label",
                "_PctResp_": "0.0",
                "_GainBest_": "0.5384615384615381",
                "_CumLiftBest_": "1.538461538461538",
                "_Lift_": "0.0",
                "_CumPctResp_": "0.4995001751821682",
                "_NEventsBest_": "0.0",
                "_CumPctRespBest_": "0.4995001751821682",
                "_Value_": "0.273",
                "_NEvents_": "0.0",
                "_LiftBest_": "0.0",
                "_PartInd_": "2",
                "_Resp_": "0.0"
            },
            "rowNumber": 56
        },
        {
            "dataMap": {
                "_NObs_": "308031.0",
                "_Depth_": "70.0",
                "_CumRespBest_": "100.0",
                "_formattedPartition_": "           2",
                "_column_": "predict",
                "_RespBest_": "0.0",
                "_DataRole_": "TEST",
                "_CumResp_": "100.0",
                "_PctRespBest_": "0.0",
                "_Gain_": "0.4285714285714284",
                "_CumLift_": "1.4285714285714282",
                "_Event_": "1",
                "_TargetName_": "food_label",
                "_PctResp_": "0.0",
                "_GainBest_": "0.4285714285714284",
                "_CumLiftBest_": "1.4285714285714282",
                "_Lift_": "0.0",
                "_CumPctResp_": "0.4638215912405848",
                "_NEventsBest_": "0.0",
                "_CumPctRespBest_": "0.4638215912405848",
                "_Value_": "0.256",
                "_NEvents_": "0.0",
                "_LiftBest_": "0.0",
                "_PartInd_": "2",
                "_Resp_": "0.0"
            },
            "rowNumber": 57
        },
        {
            "dataMap": {
                "_NObs_": "308031.0",
                "_Depth_": "75.0",
                "_CumRespBest_": "100.0",
                "_formattedPartition_": "           2",
                "_column_": "predict",
                "_RespBest_": "0.0",
                "_DataRole_": "TEST",
                "_CumResp_": "100.0",
                "_PctRespBest_": "0.0",
                "_Gain_": "0.33333333333333304",
                "_CumLift_": "1.333333333333333",
                "_Event_": "1",
                "_TargetName_": "food_label",
                "_PctResp_": "0.0",
                "_GainBest_": "0.33333333333333304",
                "_CumLiftBest_": "1.333333333333333",
                "_Lift_": "0.0",
                "_CumPctResp_": "0.4329001518245458",
                "_NEventsBest_": "0.0",
                "_CumPctRespBest_": "0.4329001518245458",
                "_Value_": "0.231",
                "_NEvents_": "0.0",
                "_LiftBest_": "0.0",
                "_PartInd_": "2",
                "_Resp_": "0.0"
            },
            "rowNumber": 58
        },
        {
            "dataMap": {
                "_NObs_": "308031.0",
                "_Depth_": "80.0",
                "_CumRespBest_": "100.0",
                "_formattedPartition_": "           2",
                "_column_": "predict",
                "_RespBest_": "0.0",
                "_DataRole_": "TEST",
                "_CumResp_": "100.0",
                "_PctRespBest_": "0.0",
                "_Gain_": "0.24999999999999956",
                "_CumLift_": "1.2499999999999998",
                "_Event_": "1",
                "_TargetName_": "food_label",
                "_PctResp_": "0.0",
                "_GainBest_": "0.24999999999999956",
                "_CumLiftBest_": "1.2499999999999998",
                "_Lift_": "0.0",
                "_CumPctResp_": "0.40584389233551166",
                "_NEventsBest_": "0.0",
                "_CumPctRespBest_": "0.40584389233551166",
                "_Value_": "0.208",
                "_NEvents_": "0.0",
                "_LiftBest_": "0.0",
                "_PartInd_": "2",
                "_Resp_": "0.0"
            },
            "rowNumber": 59
        },
        {
            "dataMap": {
                "_NObs_": "308031.0",
                "_Depth_": "85.0",
                "_CumRespBest_": "100.0",
                "_formattedPartition_": "           2",
                "_column_": "predict",
                "_RespBest_": "0.0",
                "_DataRole_": "TEST",
                "_CumResp_": "100.0",
                "_PctRespBest_": "0.0",
                "_Gain_": "0.17647058823529393",
                "_CumLift_": "1.1764705882352937",
                "_Event_": "1",
                "_TargetName_": "food_label",
                "_PctResp_": "0.0",
                "_GainBest_": "0.17647058823529393",
                "_CumLiftBest_": "1.1764705882352937",
                "_Lift_": "0.0",
                "_CumPctResp_": "0.38197072219812866",
                "_NEventsBest_": "0.0",
                "_CumPctRespBest_": "0.38197072219812866",
                "_Value_": "0.187",
                "_NEvents_": "0.0",
                "_LiftBest_": "0.0",
                "_PartInd_": "2",
                "_Resp_": "0.0"
            },
            "rowNumber": 60
        },
        {
            "dataMap": {
                "_NObs_": "308031.0",
                "_Depth_": "90.0",
                "_CumRespBest_": "100.0",
                "_formattedPartition_": "           2",
                "_column_": "predict",
                "_RespBest_": "0.0",
                "_DataRole_": "TEST",
                "_CumResp_": "100.0",
                "_PctRespBest_": "0.0",
                "_Gain_": "0.11111111111111094",
                "_CumLift_": "1.111111111111111",
                "_Event_": "1",
                "_TargetName_": "food_label",
                "_PctResp_": "0.0",
                "_GainBest_": "0.11111111111111094",
                "_CumLiftBest_": "1.111111111111111",
                "_Lift_": "0.0",
                "_CumPctResp_": "0.36075012652045485",
                "_NEventsBest_": "0.0",
                "_CumPctRespBest_": "0.36075012652045485",
                "_Value_": "0.162",
                "_NEvents_": "0.0",
                "_LiftBest_": "0.0",
                "_PartInd_": "2",
                "_Resp_": "0.0"
            },
            "rowNumber": 61
        },
        {
            "dataMap": {
                "_NObs_": "308031.0",
                "_Depth_": "95.0",
                "_CumRespBest_": "100.0",
                "_formattedPartition_": "           2",
                "_column_": "predict",
                "_RespBest_": "0.0",
                "_DataRole_": "TEST",
                "_CumResp_": "100.0",
                "_PctRespBest_": "0.0",
                "_Gain_": "0.052631578947368585",
                "_CumLift_": "1.0526315789473684",
                "_Event_": "1",
                "_TargetName_": "food_label",
                "_PctResp_": "0.0",
                "_GainBest_": "0.052631578947368585",
                "_CumLiftBest_": "1.0526315789473684",
                "_Lift_": "0.0",
                "_CumPctResp_": "0.3417632777562204",
                "_NEventsBest_": "0.0",
                "_CumPctRespBest_": "0.3417632777562204",
                "_Value_": "0.127",
                "_NEvents_": "0.0",
                "_LiftBest_": "0.0",
                "_PartInd_": "2",
                "_Resp_": "0.0"
            },
            "rowNumber": 62
        },
        {
            "dataMap": {
                "_NObs_": "308027.0",
                "_Depth_": "100.0",
                "_CumRespBest_": "100.0",
                "_formattedPartition_": "           2",
                "_column_": "predict",
                "_RespBest_": "0.0",
                "_DataRole_": "TEST",
                "_CumResp_": "100.0",
                "_PctRespBest_": "0.0",
                "_Gain_": "0.0",
                "_CumLift_": "1.0",
                "_Event_": "1",
                "_TargetName_": "food_label",
                "_PctResp_": "0.0",
                "_GainBest_": "0.0",
                "_CumLiftBest_": "1.0",
                "_Lift_": "0.0",
                "_CumPctResp_": "0.3246753246753247",
                "_NEventsBest_": "0.0",
                "_CumPctRespBest_": "0.3246753246753247",
                "_Value_": "0.0",
                "_NEvents_": "0.0",
                "_LiftBest_": "0.0",
                "_PartInd_": "2",
                "_Resp_": "0.0"
            },
            "rowNumber": 63
        }
    ],
    "version": 1,
    "xInteger": false,
    "yInteger": false
}