{
    "creationTimeStamp": null,
    "modifiedTimeStamp": null,
    "createdBy": null,
    "modifiedBy": null,
    "id": null,
    "name": "dmcas_fitstat",
    "description": null,
    "revision": 0,
    "groupName": null,
    "order": 0,
    "type": null,
    "parameterMap": {
        "_RASE_": {
            "parameter": "_RASE_",
            "type": "num",
            "label": "Root Average Squared Error",
            "length": 8,
            "order": 7,
            "values": [
                "_RASE_"
            ],
            "preformatted": false
        },
        "_NObs_": {
            "parameter": "_NObs_",
            "type": "num",
            "label": "Sum of Frequencies",
            "length": 8,
            "order": 4,
            "values": [
                "_NObs_"
            ],
            "preformatted": false
        },
        "_GINI_": {
            "parameter": "_GINI_",
            "type": "num",
            "label": "Gini Coefficient",
            "length": 8,
            "order": 12,
            "values": [
                "_GINI_"
            ],
            "preformatted": false
        },
        "_GAMMA_": {
            "parameter": "_GAMMA_",
            "type": "num",
            "label": "Gamma",
            "length": 8,
            "order": 13,
            "values": [
                "_GAMMA_"
            ],
            "preformatted": false
        },
        "_formattedPartition_": {
            "parameter": "_formattedPartition_",
            "type": "char",
            "label": "Formatted Partition",
            "length": 12,
            "order": 3,
            "values": [
                "_formattedPartition_"
            ],
            "preformatted": false
        },
        "_DataRole_": {
            "parameter": "_DataRole_",
            "type": "char",
            "label": "Data Role",
            "length": 10,
            "order": 1,
            "values": [
                "_DataRole_"
            ],
            "preformatted": false
        },
        "_MCE_": {
            "parameter": "_MCE_",
            "type": "num",
            "label": "Misclassification Rate",
            "length": 8,
            "order": 8,
            "values": [
                "_MCE_"
            ],
            "preformatted": false
        },
        "_ASE_": {
            "parameter": "_ASE_",
            "type": "num",
            "label": "Average Squared Error",
            "length": 8,
            "order": 5,
            "values": [
                "_ASE_"
            ],
            "preformatted": false
        },
        "_MCLL_": {
            "parameter": "_MCLL_",
            "type": "num",
            "label": "Multi-Class Log Loss",
            "length": 8,
            "order": 9,
            "values": [
                "_MCLL_"
            ],
            "preformatted": false
        },
        "_KS_": {
            "parameter": "_KS_",
            "type": "num",
            "label": "KS (Youden)",
            "length": 8,
            "order": 10,
            "values": [
                "_KS_"
            ],
            "preformatted": false
        },
        "_KSPostCutoff_": {
            "parameter": "_KSPostCutoff_",
            "type": "num",
            "label": "ROC Separation",
            "length": 8,
            "order": 16,
            "values": [
                "_KSPostCutoff_"
            ],
            "preformatted": false
        },
        "_DIV_": {
            "parameter": "_DIV_",
            "type": "num",
            "label": "Divisor for ASE",
            "length": 8,
            "order": 6,
            "values": [
                "_DIV_"
            ],
            "preformatted": false
        },
        "_TAU_": {
            "parameter": "_TAU_",
            "type": "num",
            "label": "Tau",
            "length": 8,
            "order": 14,
            "values": [
                "_TAU_"
            ],
            "preformatted": false
        },
        "_KSCut_": {
            "parameter": "_KSCut_",
            "type": "num",
            "label": "KS Cutoff",
            "length": 8,
            "order": 15,
            "values": [
                "_KSCut_"
            ],
            "preformatted": false
        },
        "_C_": {
            "parameter": "_C_",
            "type": "num",
            "label": "Area Under ROC",
            "length": 8,
            "order": 11,
            "values": [
                "_C_"
            ],
            "preformatted": false
        },
        "_PartInd_": {
            "parameter": "_PartInd_",
            "type": "num",
            "label": "Partition Indicator",
            "length": 8,
            "order": 2,
            "values": [
                "_PartInd_"
            ],
            "preformatted": false
        }
    },
    "data": [
        {
            "dataMap": {
                "_RASE_": 0.3522579390873186,
                "_NObs_": 9240924,
                "_GINI_": 0.9963807455664133,
                "_GAMMA_": 20.644942267387115,
                "_formattedPartition_": "           0",
                "_DataRole_": "VALIDATE",
                "_MCE_": 0.1071428571428571,
                "_ASE_": 0.12408565565004509,
                "_MCLL_": 0.45045719921340494,
                "_KS_": 0.995656894679696,
                "_KSPostCutoff_": null,
                "_DIV_": 9240924,
                "_TAU_": 0.08028432798974085,
                "_KSCut_": null,
                "_C_": 0.9981903727832067,
                "_PartInd_": 0
            },
            "rowNumber": 1,
            "header": null
        },
        {
            "dataMap": {
                "_RASE_": 0.34484956261307936,
                "_NObs_": 3080308,
                "_GINI_": 1.0,
                "_GAMMA_": 1.3950643452063065,
                "_formattedPartition_": "           1",
                "_DataRole_": "TRAIN",
                "_MCE_": 0.08116883116883122,
                "_ASE_": 0.11892122083443216,
                "_MCLL_": 0.4054379068049379,
                "_KS_": 1.0,
                "_KSPostCutoff_": null,
                "_DIV_": 3080308,
                "_TAU_": 0.08066423410593601,
                "_KSCut_": null,
                "_C_": 1.0,
                "_PartInd_": 1
            },
            "rowNumber": 2,
            "header": null
        },
        {
            "dataMap": {
                "_RASE_": 0.37004232153423156,
                "_NObs_": 6160616,
                "_GINI_": 0.9926710097719871,
                "_GAMMA_": 18.791917405447865,
                "_formattedPartition_": "           2",
                "_DataRole_": "TEST",
                "_MCE_": 0.1298701298701299,
                "_ASE_": 0.13693131972644362,
                "_MCLL_": 0.4993635691799046,
                "_KS_": 0.993485342019544,
                "_KSPostCutoff_": null,
                "_DIV_": 6160616,
                "_TAU_": 0.08000355577585855,
                "_KSCut_": null,
                "_C_": 0.9963355048859935,
                "_PartInd_": 2
            },
            "rowNumber": 3,
            "header": null
        }
    ],
    "version": 1,
    "xInteger": false,
    "yInteger": false
}