{
  "custom properties": [],
  "externalUrl": "",
  "predictionVariable": "",
  "modelVersionName": "4.0",
  "trainTable": "",
  "trainCodeType": "python",
  "description": "",
  "tool": "Python 3",
  "toolVersion": "3.8.12",
  "targetVariable": "food_label",
  "scoreCodeType": "python",
  "externalModelId": "",
  "createdBy": "sasboot",
  "function": "classification",
  "eventProbVar": "food_label",
  "modeler": "Paata U",
  "name": "rapid_Efnetb2_food_tst",
  "modifiedTimeStamp": "2022-07-26T19:29:41 UTC",
  "modifiedBy": "Paata.Ugrekhelidze@sas.com",
  "id": "cc189cc2-a883-46ec-8a2b-52c91f96d000",
  "creationTimeStamp": "2022-06-20T22:34:20 UTC",
  "targetEvent": "",
  "targetLevel": "NOMINAL",
  "algorithm": "Pytorch efficientnet"
}
