{
  "creationTimeStamp" : "0001-01-01T00:00:00Z",
  "modifiedTimeStamp" : "0001-01-01T00:00:00Z",
  "revision" : 0,
  "name" : "dmcas_lift",
  "version" : 0,
  "order" : 0,
  "parameterMap" : {
    "_Column_" : {
      "label" : "Analysis Variable",
      "length" : 14,
      "order" : 5,
      "parameter" : "_Column_",
      "preformatted" : false,
      "type" : "char",
      "values" : [ "_Column_" ]
    },
    "_CumLiftBest_" : {
      "label" : "Best Cumulative Lift",
      "length" : 8,
      "order" : 19,
      "parameter" : "_CumLiftBest_",
      "preformatted" : false,
      "type" : "num",
      "values" : [ "_CumLiftBest_" ]
    },
    "_CumLift_" : {
      "label" : "Cumulative Lift",
      "length" : 8,
      "order" : 18,
      "parameter" : "_CumLift_",
      "preformatted" : false,
      "type" : "num",
      "values" : [ "_CumLift_" ]
    },
    "_CumPctRespBest_" : {
      "label" : "Best Cumulative Response Percentage",
      "length" : 8,
      "order" : 23,
      "parameter" : "_CumPctRespBest_",
      "preformatted" : false,
      "type" : "num",
      "values" : [ "_CumPctRespBest_" ]
    },
    "_CumPctResp_" : {
      "label" : "Cumulative Response Percentage",
      "length" : 8,
      "order" : 22,
      "parameter" : "_CumPctResp_",
      "preformatted" : false,
      "type" : "num",
      "values" : [ "_CumPctResp_" ]
    },
    "_CumRespBest_" : {
      "label" : "Best Cumulative Captured Response Percentage",
      "length" : 8,
      "order" : 17,
      "parameter" : "_CumRespBest_",
      "preformatted" : false,
      "type" : "num",
      "values" : [ "_CumRespBest_" ]
    },
    "_CumResp_" : {
      "label" : "Cumulative Captured Response Percentage",
      "length" : 8,
      "order" : 16,
      "parameter" : "_CumResp_",
      "preformatted" : false,
      "type" : "num",
      "values" : [ "_CumResp_" ]
    },
    "_DataRole_" : {
      "label" : "Data Role",
      "length" : 10,
      "order" : 2,
      "parameter" : "_DataRole_",
      "preformatted" : false,
      "type" : "char",
      "values" : [ "_DataRole_" ]
    },
    "_Depth_" : {
      "label" : "Depth",
      "length" : 8,
      "order" : 7,
      "parameter" : "_Depth_",
      "preformatted" : false,
      "type" : "num",
      "values" : [ "_Depth_" ]
    },
    "_Event_" : {
      "label" : "Event",
      "length" : 12,
      "order" : 6,
      "parameter" : "_Event_",
      "preformatted" : false,
      "type" : "char",
      "values" : [ "_Event_" ]
    },
    "_GainBest_" : {
      "label" : "Best Gain",
      "length" : 8,
      "order" : 25,
      "parameter" : "_GainBest_",
      "preformatted" : false,
      "type" : "num",
      "values" : [ "_GainBest_" ]
    },
    "_Gain_" : {
      "label" : "Gain",
      "length" : 8,
      "order" : 24,
      "parameter" : "_Gain_",
      "preformatted" : false,
      "type" : "num",
      "values" : [ "_Gain_" ]
    },
    "_LiftBest_" : {
      "label" : "Best Lift",
      "length" : 8,
      "order" : 15,
      "parameter" : "_LiftBest_",
      "preformatted" : false,
      "type" : "num",
      "values" : [ "_LiftBest_" ]
    },
    "_Lift_" : {
      "label" : "Lift",
      "length" : 8,
      "order" : 14,
      "parameter" : "_Lift_",
      "preformatted" : false,
      "type" : "num",
      "values" : [ "_Lift_" ]
    },
    "_NEventsBest_" : {
      "label" : "Best Number of Events",
      "length" : 8,
      "order" : 11,
      "parameter" : "_NEventsBest_",
      "preformatted" : false,
      "type" : "num",
      "values" : [ "_NEventsBest_" ]
    },
    "_NEvents_" : {
      "label" : "Number of Events",
      "length" : 8,
      "order" : 10,
      "parameter" : "_NEvents_",
      "preformatted" : false,
      "type" : "num",
      "values" : [ "_NEvents_" ]
    },
    "_NObs_" : {
      "label" : "Number of Observations",
      "length" : 8,
      "order" : 9,
      "parameter" : "_NObs_",
      "preformatted" : false,
      "type" : "num",
      "values" : [ "_NObs_" ]
    },
    "_PartInd_" : {
      "label" : "Partition Indicator",
      "length" : 8,
      "order" : 3,
      "parameter" : "_PartInd_",
      "preformatted" : false,
      "type" : "num",
      "values" : [ "_PartInd_" ]
    },
    "_PctRespBest_" : {
      "label" : "Best Response Percentage",
      "length" : 8,
      "order" : 21,
      "parameter" : "_PctRespBest_",
      "preformatted" : false,
      "type" : "num",
      "values" : [ "_PctRespBest_" ]
    },
    "_PctResp_" : {
      "label" : "Response Percentage",
      "length" : 8,
      "order" : 20,
      "parameter" : "_PctResp_",
      "preformatted" : false,
      "type" : "num",
      "values" : [ "_PctResp_" ]
    },
    "_RespBest_" : {
      "label" : "Best Captured Response Percentage",
      "length" : 8,
      "order" : 13,
      "parameter" : "_RespBest_",
      "preformatted" : false,
      "type" : "num",
      "values" : [ "_RespBest_" ]
    },
    "_Resp_" : {
      "label" : "Captured Response Percentage",
      "length" : 8,
      "order" : 12,
      "parameter" : "_Resp_",
      "preformatted" : false,
      "type" : "num",
      "values" : [ "_Resp_" ]
    },
    "_TargetName_" : {
      "label" : "Target Name",
      "length" : 11,
      "order" : 1,
      "parameter" : "_TargetName_",
      "preformatted" : false,
      "type" : "char",
      "values" : [ "_TargetName_" ]
    },
    "_Value_" : {
      "label" : "Value",
      "length" : 8,
      "order" : 8,
      "parameter" : "_Value_",
      "preformatted" : false,
      "type" : "num",
      "values" : [ "_Value_" ]
    },
    "_formattedPartition_" : {
      "label" : "Formatted Partition",
      "length" : 12,
      "order" : 4,
      "parameter" : "_formattedPartition_",
      "preformatted" : false,
      "type" : "char",
      "values" : [ "_formattedPartition_" ]
    }
  },
  "data" : [ {
    "dataMap" : {
      "_Column_" : "P_FRAUD_LABEL1",
      "_CumRespBest_" : "0",
      "_CumResp_" : "0",
      "_DataRole_" : "VALIDATE",
      "_Depth_" : "0",
      "_Event_" : "           1",
      "_NEventsBest_" : "0",
      "_NEvents_" : "0",
      "_NObs_" : "0",
      "_PartInd_" : "0",
      "_RespBest_" : "0",
      "_Resp_" : "0",
      "_TargetName_" : "FRAUD_LABEL",
      "_Value_" : "0",
      "_formattedPartition_" : "           0"
    },
    "rowNumber" : 1
  }, {
    "dataMap" : {
      "_Column_" : "P_FRAUD_LABEL1",
      "_CumLiftBest_" : "9.69706683763",
      "_CumLift_" : "8.58150344607",
      "_CumPctRespBest_" : "100",
      "_CumPctResp_" : "88.4958677686",
      "_CumRespBest_" : "48.4853341882",
      "_CumResp_" : "42.9075172303",
      "_DataRole_" : "VALIDATE",
      "_Depth_" : "5",
      "_Event_" : "           1",
      "_GainBest_" : "8.69706683763",
      "_Gain_" : "7.58150344607",
      "_LiftBest_" : "9.69706683763",
      "_Lift_" : "8.58150344607",
      "_NEventsBest_" : "3025",
      "_NEvents_" : "2677",
      "_NObs_" : "3025",
      "_PartInd_" : "0",
      "_PctRespBest_" : "100",
      "_PctResp_" : "88.4958677686",
      "_RespBest_" : "48.4853341882",
      "_Resp_" : "42.9075172303",
      "_TargetName_" : "FRAUD_LABEL",
      "_Value_" : "0.514835711326",
      "_formattedPartition_" : "           0"
    },
    "rowNumber" : 2
  }, {
    "dataMap" : {
      "_Column_" : "P_FRAUD_LABEL1",
      "_CumLiftBest_" : "9.69706683763",
      "_CumLift_" : "6.24138483731",
      "_CumPctRespBest_" : "100",
      "_CumPctResp_" : "64.3636363636",
      "_CumRespBest_" : "96.9706683763",
      "_CumResp_" : "62.4138483731",
      "_DataRole_" : "VALIDATE",
      "_Depth_" : "10",
      "_Event_" : "           1",
      "_GainBest_" : "8.69706683763",
      "_Gain_" : "5.24138483731",
      "_LiftBest_" : "9.69706683763",
      "_Lift_" : "3.90126622856",
      "_NEventsBest_" : "3025",
      "_NEvents_" : "1217",
      "_NObs_" : "3025",
      "_PartInd_" : "0",
      "_PctRespBest_" : "100",
      "_PctResp_" : "40.2314049587",
      "_RespBest_" : "48.4853341882",
      "_Resp_" : "19.5063311428",
      "_TargetName_" : "FRAUD_LABEL",
      "_Value_" : "0.290991936372",
      "_formattedPartition_" : "           0"
    },
    "rowNumber" : 3
  }, {
    "dataMap" : {
      "_Column_" : "P_FRAUD_LABEL1",
      "_CumLiftBest_" : "6.66666666667",
      "_CumLift_" : "4.80312015815",
      "_CumPctRespBest_" : "68.7493112948",
      "_CumPctResp_" : "49.5316804408",
      "_CumRespBest_" : "100",
      "_CumResp_" : "72.0468023722",
      "_DataRole_" : "VALIDATE",
      "_Depth_" : "15",
      "_Event_" : "           1",
      "_GainBest_" : "5.66666666667",
      "_Gain_" : "3.80312015815",
      "_LiftBest_" : "0.605866324732",
      "_Lift_" : "1.92659079981",
      "_NEventsBest_" : "189",
      "_NEvents_" : "601",
      "_NObs_" : "3025",
      "_PartInd_" : "0",
      "_PctRespBest_" : "6.2479338843",
      "_PctResp_" : "19.867768595",
      "_RespBest_" : "3.02933162366",
      "_Resp_" : "9.63295399904",
      "_TargetName_" : "FRAUD_LABEL",
      "_Value_" : "0.191360202438",
      "_formattedPartition_" : "           0"
    },
    "rowNumber" : 4
  }, {
    "dataMap" : {
      "_Column_" : "P_FRAUD_LABEL1",
      "_CumLiftBest_" : "5",
      "_CumLift_" : "3.90126622856",
      "_CumPctRespBest_" : "51.5619834711",
      "_CumPctResp_" : "40.2314049587",
      "_CumRespBest_" : "100",
      "_CumResp_" : "78.0253245712",
      "_DataRole_" : "VALIDATE",
      "_Depth_" : "20",
      "_Event_" : "           1",
      "_GainBest_" : "4",
      "_Gain_" : "2.90126622856",
      "_LiftBest_" : "0",
      "_Lift_" : "1.19570443981",
      "_NEventsBest_" : "0",
      "_NEvents_" : "373",
      "_NObs_" : "3025",
      "_PartInd_" : "0",
      "_PctRespBest_" : "0",
      "_PctResp_" : "12.3305785124",
      "_RespBest_" : "0",
      "_Resp_" : "5.97852219907",
      "_TargetName_" : "FRAUD_LABEL",
      "_Value_" : "0.12663406817",
      "_formattedPartition_" : "           0"
    },
    "rowNumber" : 5
  }, {
    "dataMap" : {
      "_Column_" : "P_FRAUD_LABEL1",
      "_CumLiftBest_" : "4",
      "_CumLift_" : "3.30373457285",
      "_CumPctRespBest_" : "41.2495867769",
      "_CumPctResp_" : "34.0694214876",
      "_CumRespBest_" : "100",
      "_CumResp_" : "82.5933643212",
      "_DataRole_" : "VALIDATE",
      "_Depth_" : "25",
      "_Event_" : "           1",
      "_GainBest_" : "3",
      "_Gain_" : "2.30373457285",
      "_LiftBest_" : "0",
      "_Lift_" : "0.913607949992",
      "_NEventsBest_" : "0",
      "_NEvents_" : "285",
      "_NObs_" : "3025",
      "_PartInd_" : "0",
      "_PctRespBest_" : "0",
      "_PctResp_" : "9.42148760331",
      "_RespBest_" : "0",
      "_Resp_" : "4.56803974996",
      "_TargetName_" : "FRAUD_LABEL",
      "_Value_" : "0.0951176909897",
      "_formattedPartition_" : "           0"
    },
    "rowNumber" : 6
  }, {
    "dataMap" : {
      "_Column_" : "P_FRAUD_LABEL1",
      "_CumLiftBest_" : "3.33333333333",
      "_CumLift_" : "2.85889832772",
      "_CumPctRespBest_" : "34.3746556474",
      "_CumPctResp_" : "29.4820936639",
      "_CumRespBest_" : "100",
      "_CumResp_" : "85.7669498317",
      "_DataRole_" : "VALIDATE",
      "_Depth_" : "30",
      "_Event_" : "           1",
      "_GainBest_" : "2.33333333333",
      "_Gain_" : "1.85889832772",
      "_LiftBest_" : "0",
      "_Lift_" : "0.6347171021",
      "_NEventsBest_" : "0",
      "_NEvents_" : "198",
      "_NObs_" : "3025",
      "_PartInd_" : "0",
      "_PctRespBest_" : "0",
      "_PctResp_" : "6.54545454545",
      "_RespBest_" : "0",
      "_Resp_" : "3.1735855105",
      "_TargetName_" : "FRAUD_LABEL",
      "_Value_" : "0.0749272719179",
      "_formattedPartition_" : "           0"
    },
    "rowNumber" : 7
  }, {
    "dataMap" : {
      "_Column_" : "P_FRAUD_LABEL1",
      "_CumLiftBest_" : "2.85714285714",
      "_CumLift_" : "2.50955968218",
      "_CumPctRespBest_" : "29.4639905549",
      "_CumPctResp_" : "25.8795749705",
      "_CumRespBest_" : "100",
      "_CumResp_" : "87.8345888764",
      "_DataRole_" : "VALIDATE",
      "_Depth_" : "35",
      "_Event_" : "           1",
      "_GainBest_" : "1.85714285714",
      "_Gain_" : "1.50955968218",
      "_LiftBest_" : "0",
      "_Lift_" : "0.413527808944",
      "_NEventsBest_" : "0",
      "_NEvents_" : "129",
      "_NObs_" : "3025",
      "_PartInd_" : "0",
      "_PctRespBest_" : "0",
      "_PctResp_" : "4.26446280992",
      "_RespBest_" : "0",
      "_Resp_" : "2.06763904472",
      "_TargetName_" : "FRAUD_LABEL",
      "_Value_" : "0.0564150253632",
      "_formattedPartition_" : "           0"
    },
    "rowNumber" : 8
  }, {
    "dataMap" : {
      "_Column_" : "P_FRAUD_LABEL1",
      "_CumLiftBest_" : "2.5",
      "_CumLift_" : "2.26037826575",
      "_CumPctRespBest_" : "25.7809917355",
      "_CumPctResp_" : "23.3099173554",
      "_CumRespBest_" : "100",
      "_CumResp_" : "90.4151306299",
      "_DataRole_" : "VALIDATE",
      "_Depth_" : "40",
      "_Event_" : "           1",
      "_GainBest_" : "1.5",
      "_Gain_" : "1.26037826575",
      "_LiftBest_" : "0",
      "_Lift_" : "0.516108350697",
      "_NEventsBest_" : "0",
      "_NEvents_" : "161",
      "_NObs_" : "3025",
      "_PartInd_" : "0",
      "_PctRespBest_" : "0",
      "_PctResp_" : "5.32231404959",
      "_RespBest_" : "0",
      "_Resp_" : "2.58054175349",
      "_TargetName_" : "FRAUD_LABEL",
      "_Value_" : "0.0439270278802",
      "_formattedPartition_" : "           0"
    },
    "rowNumber" : 9
  }, {
    "dataMap" : {
      "_Column_" : "P_FRAUD_LABEL1",
      "_CumLiftBest_" : "2.22222222222",
      "_CumLift_" : "2.0441310039",
      "_CumPctRespBest_" : "22.9164370983",
      "_CumPctResp_" : "21.0798898072",
      "_CumRespBest_" : "100",
      "_CumResp_" : "91.9858951755",
      "_DataRole_" : "VALIDATE",
      "_Depth_" : "45",
      "_Event_" : "           1",
      "_GainBest_" : "1.22222222222",
      "_Gain_" : "1.0441310039",
      "_LiftBest_" : "0",
      "_Lift_" : "0.31415290912",
      "_NEventsBest_" : "0",
      "_NEvents_" : "98",
      "_NObs_" : "3025",
      "_PartInd_" : "0",
      "_PctRespBest_" : "0",
      "_PctResp_" : "3.23966942149",
      "_RespBest_" : "0",
      "_Resp_" : "1.5707645456",
      "_TargetName_" : "FRAUD_LABEL",
      "_Value_" : "0.0387064148222",
      "_formattedPartition_" : "           0"
    },
    "rowNumber" : 10
  }, {
    "dataMap" : {
      "_Column_" : "P_FRAUD_LABEL1",
      "_CumLiftBest_" : "2",
      "_CumLift_" : "1.88010899183",
      "_CumPctRespBest_" : "20.6254752223",
      "_CumPctResp_" : "19.3890707131",
      "_CumRespBest_" : "100",
      "_CumResp_" : "94.0054495913",
      "_DataRole_" : "VALIDATE",
      "_Depth_" : "50",
      "_Event_" : "           1",
      "_GainBest_" : "1",
      "_Gain_" : "0.880108991826",
      "_LiftBest_" : "0",
      "_Lift_" : "0.403910883154",
      "_NEventsBest_" : "0",
      "_NEvents_" : "126",
      "_NObs_" : "3024",
      "_PartInd_" : "0",
      "_PctRespBest_" : "0",
      "_PctResp_" : "4.16666666667",
      "_RespBest_" : "0",
      "_Resp_" : "2.01955441577",
      "_TargetName_" : "FRAUD_LABEL",
      "_Value_" : "0.0343598160178",
      "_formattedPartition_" : "           0"
    },
    "rowNumber" : 11
  }, {
    "dataMap" : {
      "_Column_" : "P_FRAUD_LABEL1",
      "_CumLiftBest_" : "1.81818181818",
      "_CumLift_" : "1.73104664209",
      "_CumPctRespBest_" : "18.7498121713",
      "_CumPctResp_" : "17.8512396694",
      "_CumRespBest_" : "100",
      "_CumResp_" : "95.207565315",
      "_DataRole_" : "VALIDATE",
      "_Depth_" : "55",
      "_Event_" : "           1",
      "_GainBest_" : "0.818181818182",
      "_Gain_" : "0.73104664209",
      "_LiftBest_" : "0",
      "_Lift_" : "0.240423144735",
      "_NEventsBest_" : "0",
      "_NEvents_" : "75",
      "_NObs_" : "3026",
      "_PartInd_" : "0",
      "_PctRespBest_" : "0",
      "_PctResp_" : "2.47851949769",
      "_RespBest_" : "0",
      "_Resp_" : "1.20211572367",
      "_TargetName_" : "FRAUD_LABEL",
      "_Value_" : "0.0317017834613",
      "_formattedPartition_" : "           0"
    },
    "rowNumber" : 12
  }, {
    "dataMap" : {
      "_Column_" : "P_FRAUD_LABEL1",
      "_CumLiftBest_" : "1.66666666667",
      "_CumLift_" : "1.60789656462",
      "_CumPctRespBest_" : "17.1878013168",
      "_CumPctResp_" : "16.5817240144",
      "_CumRespBest_" : "100",
      "_CumResp_" : "96.4737938772",
      "_DataRole_" : "VALIDATE",
      "_Depth_" : "60",
      "_Event_" : "           1",
      "_GainBest_" : "0.666666666667",
      "_Gain_" : "0.60789656462",
      "_LiftBest_" : "0",
      "_Lift_" : "0.253245712454",
      "_NEventsBest_" : "0",
      "_NEvents_" : "79",
      "_NObs_" : "3024",
      "_PartInd_" : "0",
      "_PctRespBest_" : "0",
      "_PctResp_" : "2.61243386243",
      "_RespBest_" : "0",
      "_Resp_" : "1.26622856227",
      "_TargetName_" : "FRAUD_LABEL",
      "_Value_" : "0.0296978890791",
      "_formattedPartition_" : "           0"
    },
    "rowNumber" : 13
  }, {
    "dataMap" : {
      "_Column_" : "P_FRAUD_LABEL1",
      "_CumLiftBest_" : "1.53846153846",
      "_CumLift_" : "1.49974724746",
      "_CumPctRespBest_" : "15.8652256834",
      "_CumPctResp_" : "15.4659885569",
      "_CumRespBest_" : "100",
      "_CumResp_" : "97.4835710851",
      "_DataRole_" : "VALIDATE",
      "_Depth_" : "65",
      "_Event_" : "           1",
      "_GainBest_" : "0.538461538462",
      "_Gain_" : "0.499747247463",
      "_LiftBest_" : "0",
      "_Lift_" : "0.201955441577",
      "_NEventsBest_" : "0",
      "_NEvents_" : "63",
      "_NObs_" : "3026",
      "_PartInd_" : "0",
      "_PctRespBest_" : "0",
      "_PctResp_" : "2.08195637806",
      "_RespBest_" : "0",
      "_Resp_" : "1.00977720789",
      "_TargetName_" : "FRAUD_LABEL",
      "_Value_" : "0.0276474699693",
      "_formattedPartition_" : "           0"
    },
    "rowNumber" : 14
  }, {
    "dataMap" : {
      "_Column_" : "P_FRAUD_LABEL1",
      "_CumLiftBest_" : "1.42857142857",
      "_CumLift_" : "1.40498706295",
      "_CumPctRespBest_" : "14.7319952774",
      "_CumPctResp_" : "14.4887839433",
      "_CumRespBest_" : "100",
      "_CumResp_" : "98.3490944062",
      "_DataRole_" : "VALIDATE",
      "_Depth_" : "70",
      "_Event_" : "           1",
      "_GainBest_" : "0.428571428571",
      "_Gain_" : "0.404987062945",
      "_LiftBest_" : "0",
      "_Lift_" : "0.173104664209",
      "_NEventsBest_" : "0",
      "_NEvents_" : "54",
      "_NObs_" : "3025",
      "_PartInd_" : "0",
      "_PctRespBest_" : "0",
      "_PctResp_" : "1.78512396694",
      "_RespBest_" : "0",
      "_Resp_" : "0.865523321045",
      "_TargetName_" : "FRAUD_LABEL",
      "_Value_" : "0.0253107924628",
      "_formattedPartition_" : "           0"
    },
    "rowNumber" : 15
  }, {
    "dataMap" : {
      "_Column_" : "P_FRAUD_LABEL1",
      "_CumLiftBest_" : "1.33333333333",
      "_CumLift_" : "1.32200673185",
      "_CumPctRespBest_" : "13.749862259",
      "_CumPctResp_" : "13.6330578512",
      "_CumRespBest_" : "100",
      "_CumResp_" : "99.1505048886",
      "_DataRole_" : "VALIDATE",
      "_Depth_" : "75",
      "_Event_" : "           1",
      "_GainBest_" : "0.333333333333",
      "_Gain_" : "0.322006731848",
      "_LiftBest_" : "0",
      "_Lift_" : "0.16028209649",
      "_NEventsBest_" : "0",
      "_NEvents_" : "50",
      "_NObs_" : "3025",
      "_PartInd_" : "0",
      "_PctRespBest_" : "0",
      "_PctResp_" : "1.65289256198",
      "_RespBest_" : "0",
      "_Resp_" : "0.801410482449",
      "_TargetName_" : "FRAUD_LABEL",
      "_Value_" : "0.0240873930057",
      "_formattedPartition_" : "           0"
    },
    "rowNumber" : 16
  }, {
    "dataMap" : {
      "_Column_" : "P_FRAUD_LABEL1",
      "_CumLiftBest_" : "1.25",
      "_CumLift_" : "1.24338836352",
      "_CumPctRespBest_" : "12.8910285549",
      "_CumPctResp_" : "12.8228439192",
      "_CumRespBest_" : "100",
      "_CumResp_" : "99.4710690816",
      "_DataRole_" : "VALIDATE",
      "_Depth_" : "80",
      "_Event_" : "           1",
      "_GainBest_" : "0.25",
      "_Gain_" : "0.24338836352",
      "_LiftBest_" : "0",
      "_Lift_" : "0.0641128385959",
      "_NEventsBest_" : "0",
      "_NEvents_" : "20",
      "_NObs_" : "3023",
      "_PartInd_" : "0",
      "_PctRespBest_" : "0",
      "_PctResp_" : "0.661594442607",
      "_RespBest_" : "0",
      "_Resp_" : "0.32056419298",
      "_TargetName_" : "FRAUD_LABEL",
      "_Value_" : "0.0187741155544",
      "_formattedPartition_" : "           0"
    },
    "rowNumber" : 17
  }, {
    "dataMap" : {
      "_Column_" : "P_FRAUD_LABEL1",
      "_CumLiftBest_" : "1.17647058824",
      "_CumLift_" : "1.17232211044",
      "_CumPctRespBest_" : "12.1327032651",
      "_CumPctResp_" : "12.0899208525",
      "_CumRespBest_" : "100",
      "_CumResp_" : "99.6473793877",
      "_DataRole_" : "VALIDATE",
      "_Depth_" : "85",
      "_Event_" : "           1",
      "_GainBest_" : "0.176470588235",
      "_Gain_" : "0.172322110444",
      "_LiftBest_" : "0",
      "_Lift_" : "0.0352620612278",
      "_NEventsBest_" : "0",
      "_NEvents_" : "11",
      "_NObs_" : "3025",
      "_PartInd_" : "0",
      "_PctRespBest_" : "0",
      "_PctResp_" : "0.363636363636",
      "_RespBest_" : "0",
      "_Resp_" : "0.176310306139",
      "_TargetName_" : "FRAUD_LABEL",
      "_Value_" : "0.0109735081637",
      "_formattedPartition_" : "           0"
    },
    "rowNumber" : 18
  }, {
    "dataMap" : {
      "_Column_" : "P_FRAUD_LABEL1",
      "_CumLiftBest_" : "1.11111111111",
      "_CumLift_" : "1.10915210771",
      "_CumPctRespBest_" : "11.4586394358",
      "_CumPctResp_" : "11.4384366735",
      "_CumRespBest_" : "100",
      "_CumResp_" : "99.8236896939",
      "_DataRole_" : "VALIDATE",
      "_Depth_" : "90",
      "_Event_" : "           1",
      "_GainBest_" : "0.111111111111",
      "_Gain_" : "0.10915210771",
      "_LiftBest_" : "0",
      "_Lift_" : "0.0352620612278",
      "_NEventsBest_" : "0",
      "_NEvents_" : "11",
      "_NObs_" : "3025",
      "_PartInd_" : "0",
      "_PctRespBest_" : "0",
      "_PctResp_" : "0.363636363636",
      "_RespBest_" : "0",
      "_Resp_" : "0.176310306139",
      "_TargetName_" : "FRAUD_LABEL",
      "_Value_" : "0.00551947202571",
      "_formattedPartition_" : "           0"
    },
    "rowNumber" : 19
  }, {
    "dataMap" : {
      "_Column_" : "P_FRAUD_LABEL1",
      "_CumLiftBest_" : "1.05263157895",
      "_CumLift_" : "1.05263157895",
      "_CumPctRespBest_" : "10.8555321629",
      "_CumPctResp_" : "10.8555321629",
      "_CumRespBest_" : "100",
      "_CumResp_" : "100",
      "_DataRole_" : "VALIDATE",
      "_Depth_" : "95",
      "_Event_" : "           1",
      "_GainBest_" : "0.0526315789474",
      "_Gain_" : "0.0526315789474",
      "_LiftBest_" : "0",
      "_Lift_" : "0.0352620612278",
      "_NEventsBest_" : "0",
      "_NEvents_" : "11",
      "_NObs_" : "3025",
      "_PartInd_" : "0",
      "_PctRespBest_" : "0",
      "_PctResp_" : "0.363636363636",
      "_RespBest_" : "0",
      "_Resp_" : "0.176310306139",
      "_TargetName_" : "FRAUD_LABEL",
      "_Value_" : "0.00238958105272",
      "_formattedPartition_" : "           0"
    },
    "rowNumber" : 20
  }, {
    "dataMap" : {
      "_Column_" : "P_FRAUD_LABEL1",
      "_CumLiftBest_" : "1",
      "_CumLift_" : "1",
      "_CumPctRespBest_" : "10.3130785506",
      "_CumPctResp_" : "10.3130785506",
      "_CumRespBest_" : "100",
      "_CumResp_" : "100",
      "_DataRole_" : "VALIDATE",
      "_Depth_" : "100",
      "_Event_" : "           1",
      "_GainBest_" : "0",
      "_Gain_" : "0",
      "_LiftBest_" : "0",
      "_Lift_" : "0",
      "_NEventsBest_" : "0",
      "_NEvents_" : "0",
      "_NObs_" : "3023",
      "_PartInd_" : "0",
      "_PctRespBest_" : "0",
      "_PctResp_" : "0",
      "_RespBest_" : "0",
      "_Resp_" : "0",
      "_TargetName_" : "FRAUD_LABEL",
      "_Value_" : "0",
      "_formattedPartition_" : "           0"
    },
    "rowNumber" : 21
  }, {
    "dataMap" : {
      "_Column_" : "P_FRAUD_LABEL1",
      "_CumRespBest_" : "0",
      "_CumResp_" : "0",
      "_DataRole_" : "TRAIN",
      "_Depth_" : "0",
      "_Event_" : "           1",
      "_NEventsBest_" : "0",
      "_NEvents_" : "0",
      "_NObs_" : "0",
      "_PartInd_" : "1",
      "_RespBest_" : "0",
      "_Resp_" : "0",
      "_TargetName_" : "FRAUD_LABEL",
      "_Value_" : "0",
      "_formattedPartition_" : "           1"
    },
    "rowNumber" : 22
  }, {
    "dataMap" : {
      "_Column_" : "P_FRAUD_LABEL1",
      "_CumLiftBest_" : "9.69784403302",
      "_CumLift_" : "9.19772381181",
      "_CumPctRespBest_" : "100",
      "_CumPctResp_" : "94.8429752066",
      "_CumRespBest_" : "48.4892201651",
      "_CumResp_" : "45.9886190591",
      "_DataRole_" : "TRAIN",
      "_Depth_" : "5",
      "_Event_" : "           1",
      "_GainBest_" : "8.69784403302",
      "_Gain_" : "8.19772381181",
      "_LiftBest_" : "9.69784403302",
      "_Lift_" : "9.19772381181",
      "_NEventsBest_" : "6050",
      "_NEvents_" : "5738",
      "_NObs_" : "6050",
      "_PartInd_" : "1",
      "_PctRespBest_" : "100",
      "_PctResp_" : "94.8429752066",
      "_RespBest_" : "48.4892201651",
      "_Resp_" : "45.9886190591",
      "_TargetName_" : "FRAUD_LABEL",
      "_Value_" : "0.533931189716",
      "_formattedPartition_" : "           1"
    },
    "rowNumber" : 23
  }, {
    "dataMap" : {
      "_Column_" : "P_FRAUD_LABEL1",
      "_CumLiftBest_" : "9.69784403302",
      "_CumLift_" : "6.73318906788",
      "_CumPctRespBest_" : "100",
      "_CumPctResp_" : "69.4297520661",
      "_CumRespBest_" : "96.9784403302",
      "_CumResp_" : "67.3318906788",
      "_DataRole_" : "TRAIN",
      "_Depth_" : "10",
      "_Event_" : "           1",
      "_GainBest_" : "8.69784403302",
      "_Gain_" : "5.73318906788",
      "_LiftBest_" : "9.69784403302",
      "_Lift_" : "4.26865432396",
      "_NEventsBest_" : "6050",
      "_NEvents_" : "2663",
      "_NObs_" : "6050",
      "_PartInd_" : "1",
      "_PctRespBest_" : "100",
      "_PctResp_" : "44.0165289256",
      "_RespBest_" : "48.4892201651",
      "_Resp_" : "21.3432716198",
      "_TargetName_" : "FRAUD_LABEL",
      "_Value_" : "0.277867281103",
      "_formattedPartition_" : "           1"
    },
    "rowNumber" : 24
  }, {
    "dataMap" : {
      "_Column_" : "P_FRAUD_LABEL1",
      "_CumLiftBest_" : "6.66666666667",
      "_CumLift_" : "5.08936443055",
      "_CumPctRespBest_" : "68.7438016529",
      "_CumPctResp_" : "52.479338843",
      "_CumRespBest_" : "100",
      "_CumResp_" : "76.3404664583",
      "_DataRole_" : "TRAIN",
      "_Depth_" : "15",
      "_Event_" : "           1",
      "_GainBest_" : "5.66666666667",
      "_Gain_" : "4.08936443055",
      "_LiftBest_" : "0.604311933958",
      "_Lift_" : "1.80171515589",
      "_NEventsBest_" : "377",
      "_NEvents_" : "1124",
      "_NObs_" : "6050",
      "_PartInd_" : "1",
      "_PctRespBest_" : "6.23140495868",
      "_PctResp_" : "18.5785123967",
      "_RespBest_" : "3.02155966979",
      "_Resp_" : "9.00857577943",
      "_TargetName_" : "FRAUD_LABEL",
      "_Value_" : "0.180800696887",
      "_formattedPartition_" : "           1"
    },
    "rowNumber" : 25
  }, {
    "dataMap" : {
      "_Column_" : "P_FRAUD_LABEL1",
      "_CumLiftBest_" : "5",
      "_CumLift_" : "4.10555421976",
      "_CumPctRespBest_" : "51.5599818174",
      "_CumPctResp_" : "42.3364601843",
      "_CumRespBest_" : "100",
      "_CumResp_" : "82.1110843953",
      "_DataRole_" : "TRAIN",
      "_Depth_" : "20",
      "_Event_" : "           1",
      "_GainBest_" : "4",
      "_Gain_" : "3.10555421976",
      "_LiftBest_" : "0",
      "_Lift_" : "1.1541235874",
      "_NEventsBest_" : "0",
      "_NEvents_" : "720",
      "_NObs_" : "6049",
      "_PartInd_" : "1",
      "_PctRespBest_" : "0",
      "_PctResp_" : "11.9027938502",
      "_RespBest_" : "0",
      "_Resp_" : "5.770617937",
      "_TargetName_" : "FRAUD_LABEL",
      "_Value_" : "0.12040396586",
      "_formattedPartition_" : "           1"
    },
    "rowNumber" : 26
  }, {
    "dataMap" : {
      "_Column_" : "P_FRAUD_LABEL1",
      "_CumLiftBest_" : "4",
      "_CumLift_" : "3.44217359942",
      "_CumPctRespBest_" : "41.2462809917",
      "_CumPctResp_" : "35.494214876",
      "_CumRespBest_" : "100",
      "_CumResp_" : "86.0543399856",
      "_DataRole_" : "TRAIN",
      "_Depth_" : "25",
      "_Event_" : "           1",
      "_GainBest_" : "3",
      "_Gain_" : "2.44217359942",
      "_LiftBest_" : "0",
      "_Lift_" : "0.788651118057",
      "_NEventsBest_" : "0",
      "_NEvents_" : "492",
      "_NObs_" : "6051",
      "_PartInd_" : "1",
      "_PctRespBest_" : "0",
      "_PctResp_" : "8.13088745662",
      "_RespBest_" : "0",
      "_Resp_" : "3.94325559029",
      "_TargetName_" : "FRAUD_LABEL",
      "_Value_" : "0.0913605129041",
      "_formattedPartition_" : "           1"
    },
    "rowNumber" : 27
  }, {
    "dataMap" : {
      "_Column_" : "P_FRAUD_LABEL1",
      "_CumLiftBest_" : "3.33333333333",
      "_CumLift_" : "2.9446180973",
      "_CumPctRespBest_" : "34.3737946994",
      "_CumPctResp_" : "30.3653093834",
      "_CumRespBest_" : "100",
      "_CumResp_" : "88.338542919",
      "_DataRole_" : "TRAIN",
      "_Depth_" : "30",
      "_Event_" : "           1",
      "_GainBest_" : "2.33333333333",
      "_Gain_" : "1.9446180973",
      "_LiftBest_" : "0",
      "_Lift_" : "0.456840586679",
      "_NEventsBest_" : "0",
      "_NEvents_" : "285",
      "_NObs_" : "6048",
      "_PartInd_" : "1",
      "_PctRespBest_" : "0",
      "_PctResp_" : "4.7123015873",
      "_RespBest_" : "0",
      "_Resp_" : "2.2842029334",
      "_TargetName_" : "FRAUD_LABEL",
      "_Value_" : "0.0726015810831",
      "_formattedPartition_" : "           1"
    },
    "rowNumber" : 28
  }, {
    "dataMap" : {
      "_Column_" : "P_FRAUD_LABEL1",
      "_CumLiftBest_" : "2.85714285714",
      "_CumLift_" : "2.57158886637",
      "_CumPctRespBest_" : "29.4630206857",
      "_CumPctResp_" : "26.5183715878",
      "_CumRespBest_" : "100",
      "_CumResp_" : "90.005610323",
      "_DataRole_" : "TRAIN",
      "_Depth_" : "35",
      "_Event_" : "           1",
      "_GainBest_" : "1.85714285714",
      "_Gain_" : "1.57158886637",
      "_LiftBest_" : "0",
      "_Lift_" : "0.333413480805",
      "_NEventsBest_" : "0",
      "_NEvents_" : "208",
      "_NObs_" : "6050",
      "_PartInd_" : "1",
      "_PctRespBest_" : "0",
      "_PctResp_" : "3.43801652893",
      "_RespBest_" : "0",
      "_Resp_" : "1.66706740402",
      "_TargetName_" : "FRAUD_LABEL",
      "_Value_" : "0.0540027782521",
      "_formattedPartition_" : "           1"
    },
    "rowNumber" : 29
  }, {
    "dataMap" : {
      "_Column_" : "P_FRAUD_LABEL1",
      "_CumLiftBest_" : "2.5",
      "_CumLift_" : "2.2980283722",
      "_CumPctRespBest_" : "25.7805235862",
      "_CumPctResp_" : "23.6977498605",
      "_CumRespBest_" : "100",
      "_CumResp_" : "91.9211348882",
      "_DataRole_" : "TRAIN",
      "_Depth_" : "40",
      "_Event_" : "           1",
      "_GainBest_" : "1.5",
      "_Gain_" : "1.2980283722",
      "_LiftBest_" : "0",
      "_Lift_" : "0.38310491304",
      "_NEventsBest_" : "0",
      "_NEvents_" : "239",
      "_NObs_" : "6049",
      "_PartInd_" : "1",
      "_PctRespBest_" : "0",
      "_PctResp_" : "3.95106629195",
      "_RespBest_" : "0",
      "_Resp_" : "1.9155245652",
      "_TargetName_" : "FRAUD_LABEL",
      "_Value_" : "0.043360511804",
      "_formattedPartition_" : "           1"
    },
    "rowNumber" : 30
  }, {
    "dataMap" : {
      "_Column_" : "P_FRAUD_LABEL1",
      "_CumLiftBest_" : "2.22222222222",
      "_CumLift_" : "2.07599761339",
      "_CumPctRespBest_" : "22.915863133",
      "_CumPctResp_" : "21.4079747277",
      "_CumRespBest_" : "100",
      "_CumResp_" : "93.4198926024",
      "_DataRole_" : "TRAIN",
      "_Depth_" : "45",
      "_Event_" : "           1",
      "_GainBest_" : "1.22222222222",
      "_Gain_" : "1.07599761339",
      "_LiftBest_" : "0",
      "_Lift_" : "0.299751542839",
      "_NEventsBest_" : "0",
      "_NEvents_" : "187",
      "_NObs_" : "6050",
      "_PartInd_" : "1",
      "_PctRespBest_" : "0",
      "_PctResp_" : "3.09090909091",
      "_RespBest_" : "0",
      "_Resp_" : "1.49875771419",
      "_TargetName_" : "FRAUD_LABEL",
      "_Value_" : "0.0382631421229",
      "_formattedPartition_" : "           1"
    },
    "rowNumber" : 31
  }, {
    "dataMap" : {
      "_Column_" : "P_FRAUD_LABEL1",
      "_CumLiftBest_" : "2",
      "_CumLift_" : "1.90009925956",
      "_CumPctRespBest_" : "20.6231404959",
      "_CumPctResp_" : "19.593006993",
      "_CumRespBest_" : "100",
      "_CumResp_" : "95.004962978",
      "_DataRole_" : "TRAIN",
      "_Depth_" : "50",
      "_Event_" : "           1",
      "_GainBest_" : "1",
      "_Gain_" : "0.900099259561",
      "_LiftBest_" : "0",
      "_Lift_" : "0.317014075129",
      "_NEventsBest_" : "0",
      "_NEvents_" : "197.769230769",
      "_NObs_" : "6053",
      "_PartInd_" : "1",
      "_PctRespBest_" : "0",
      "_PctResp_" : "3.26729276011",
      "_RespBest_" : "0",
      "_Resp_" : "1.58507037565",
      "_TargetName_" : "FRAUD_LABEL",
      "_Value_" : "0.034183176981",
      "_formattedPartition_" : "           1"
    },
    "rowNumber" : 32
  }, {
    "dataMap" : {
      "_Column_" : "P_FRAUD_LABEL1",
      "_CumLiftBest_" : "1.81818181818",
      "_CumLift_" : "1.75275233703",
      "_CumPctRespBest_" : "18.74943648",
      "_CumPctResp_" : "18.0747152346",
      "_CumRespBest_" : "100",
      "_CumResp_" : "96.4013785365",
      "_DataRole_" : "TRAIN",
      "_Depth_" : "55",
      "_Event_" : "           1",
      "_GainBest_" : "0.818181818182",
      "_Gain_" : "0.752752337027",
      "_LiftBest_" : "0",
      "_Lift_" : "0.279283111695",
      "_NEventsBest_" : "0",
      "_NEvents_" : "174.230769231",
      "_NObs_" : "6046",
      "_PartInd_" : "1",
      "_PctRespBest_" : "0",
      "_PctResp_" : "2.88175271635",
      "_RespBest_" : "0",
      "_Resp_" : "1.39641555847",
      "_TargetName_" : "FRAUD_LABEL",
      "_Value_" : "0.0315277952381",
      "_formattedPartition_" : "           1"
    },
    "rowNumber" : 33
  }, {
    "dataMap" : {
      "_Column_" : "P_FRAUD_LABEL1",
      "_CumLiftBest_" : "1.66666666667",
      "_CumLift_" : "1.6252571398",
      "_CumPctRespBest_" : "17.1871341001",
      "_CumPctResp_" : "16.7601074454",
      "_CumRespBest_" : "100",
      "_CumResp_" : "97.5154283882",
      "_DataRole_" : "TRAIN",
      "_Depth_" : "60",
      "_Event_" : "           1",
      "_GainBest_" : "0.666666666667",
      "_Gain_" : "0.625257139804",
      "_LiftBest_" : "0",
      "_Lift_" : "0.222809970345",
      "_NEventsBest_" : "0",
      "_NEvents_" : "139",
      "_NObs_" : "6049",
      "_PartInd_" : "1",
      "_PctRespBest_" : "0",
      "_PctResp_" : "2.29790047942",
      "_RespBest_" : "0",
      "_Resp_" : "1.11404985173",
      "_TargetName_" : "FRAUD_LABEL",
      "_Value_" : "0.0296179600632",
      "_formattedPartition_" : "           1"
    },
    "rowNumber" : 34
  }, {
    "dataMap" : {
      "_Column_" : "P_FRAUD_LABEL1",
      "_CumLiftBest_" : "1.53846153846",
      "_CumLift_" : "1.51441729706",
      "_CumPctRespBest_" : "15.8645593602",
      "_CumPctResp_" : "15.6166160184",
      "_CumRespBest_" : "100",
      "_CumResp_" : "98.4371243087",
      "_DataRole_" : "TRAIN",
      "_Depth_" : "65",
      "_Event_" : "           1",
      "_GainBest_" : "0.538461538462",
      "_Gain_" : "0.514417297057",
      "_LiftBest_" : "0",
      "_Lift_" : "0.184339184099",
      "_NEventsBest_" : "0",
      "_NEvents_" : "115",
      "_NObs_" : "6052",
      "_PartInd_" : "1",
      "_PctRespBest_" : "0",
      "_PctResp_" : "1.90019828156",
      "_RespBest_" : "0",
      "_Resp_" : "0.921695920494",
      "_TargetName_" : "FRAUD_LABEL",
      "_Value_" : "0.0275785983172",
      "_formattedPartition_" : "           1"
    },
    "rowNumber" : 35
  }, {
    "dataMap" : {
      "_Column_" : "P_FRAUD_LABEL1",
      "_CumLiftBest_" : "1.42857142857",
      "_CumLift_" : "1.41635640635",
      "_CumPctRespBest_" : "14.7308146399",
      "_CumPctResp_" : "14.6048585802",
      "_CumRespBest_" : "100",
      "_CumResp_" : "99.1449484443",
      "_DataRole_" : "TRAIN",
      "_Depth_" : "70",
      "_Event_" : "           1",
      "_GainBest_" : "0.428571428571",
      "_Gain_" : "0.416356406347",
      "_LiftBest_" : "0",
      "_Lift_" : "0.141564827108",
      "_NEventsBest_" : "0",
      "_NEvents_" : "88.3152173913",
      "_NObs_" : "6053",
      "_PartInd_" : "1",
      "_PctRespBest_" : "0",
      "_PctResp_" : "1.45903217233",
      "_RespBest_" : "0",
      "_Resp_" : "0.70782413554",
      "_TargetName_" : "FRAUD_LABEL",
      "_Value_" : "0.0252966422445",
      "_formattedPartition_" : "           1"
    },
    "rowNumber" : 36
  }, {
    "dataMap" : {
      "_Column_" : "P_FRAUD_LABEL1",
      "_CumLiftBest_" : "1.33333333333",
      "_CumLift_" : "1.33140979402",
      "_CumPctRespBest_" : "13.7496693996",
      "_CumPctResp_" : "13.7298333774",
      "_CumRespBest_" : "100",
      "_CumResp_" : "99.8557345516",
      "_DataRole_" : "TRAIN",
      "_Depth_" : "75",
      "_Event_" : "           1",
      "_GainBest_" : "0.333333333333",
      "_Gain_" : "0.331409794021",
      "_LiftBest_" : "0",
      "_Lift_" : "0.142157221461",
      "_NEventsBest_" : "0",
      "_NEvents_" : "88.6847826087",
      "_NObs_" : "6044",
      "_PartInd_" : "1",
      "_PctRespBest_" : "0",
      "_PctResp_" : "1.46731936811",
      "_RespBest_" : "0",
      "_Resp_" : "0.710786107307",
      "_TargetName_" : "FRAUD_LABEL",
      "_Value_" : "0.0240974859048",
      "_formattedPartition_" : "           1"
    },
    "rowNumber" : 37
  }, {
    "dataMap" : {
      "_Column_" : "P_FRAUD_LABEL1",
      "_CumLiftBest_" : "1.25",
      "_CumLift_" : "1.25",
      "_CumPctRespBest_" : "12.8903949666",
      "_CumPctResp_" : "12.8903949666",
      "_CumRespBest_" : "100",
      "_CumResp_" : "100",
      "_DataRole_" : "TRAIN",
      "_Depth_" : "80",
      "_Event_" : "           1",
      "_GainBest_" : "0.25",
      "_Gain_" : "0.25",
      "_LiftBest_" : "0",
      "_Lift_" : "0.028853089685",
      "_NEventsBest_" : "0",
      "_NEvents_" : "18",
      "_NObs_" : "6049",
      "_PartInd_" : "1",
      "_PctRespBest_" : "0",
      "_PctResp_" : "0.297569846256",
      "_RespBest_" : "0",
      "_Resp_" : "0.144265448425",
      "_TargetName_" : "FRAUD_LABEL",
      "_Value_" : "0.0186126190501",
      "_formattedPartition_" : "           1"
    },
    "rowNumber" : 38
  }, {
    "dataMap" : {
      "_Column_" : "P_FRAUD_LABEL1",
      "_CumLiftBest_" : "1.17647058824",
      "_CumLift_" : "1.17647058824",
      "_CumPctRespBest_" : "12.1319668624",
      "_CumPctResp_" : "12.1319668624",
      "_CumRespBest_" : "100",
      "_CumResp_" : "100",
      "_DataRole_" : "TRAIN",
      "_Depth_" : "85",
      "_Event_" : "           1",
      "_GainBest_" : "0.176470588235",
      "_Gain_" : "0.176470588235",
      "_LiftBest_" : "0",
      "_Lift_" : "0",
      "_NEventsBest_" : "0",
      "_NEvents_" : "0",
      "_NObs_" : "6051",
      "_PartInd_" : "1",
      "_PctRespBest_" : "0",
      "_PctResp_" : "0",
      "_RespBest_" : "0",
      "_Resp_" : "0",
      "_TargetName_" : "FRAUD_LABEL",
      "_Value_" : "0.0106303614369",
      "_formattedPartition_" : "           1"
    },
    "rowNumber" : 39
  }, {
    "dataMap" : {
      "_Column_" : "P_FRAUD_LABEL1",
      "_CumLiftBest_" : "1.11111111111",
      "_CumLift_" : "1.11111111111",
      "_CumPctRespBest_" : "11.4581420123",
      "_CumPctResp_" : "11.4581420123",
      "_CumRespBest_" : "100",
      "_CumResp_" : "100",
      "_DataRole_" : "TRAIN",
      "_Depth_" : "90",
      "_Event_" : "           1",
      "_GainBest_" : "0.111111111111",
      "_Gain_" : "0.111111111111",
      "_LiftBest_" : "0",
      "_Lift_" : "0",
      "_NEventsBest_" : "0",
      "_NEvents_" : "0",
      "_NObs_" : "6048",
      "_PartInd_" : "1",
      "_PctRespBest_" : "0",
      "_PctResp_" : "0",
      "_RespBest_" : "0",
      "_Resp_" : "0",
      "_TargetName_" : "FRAUD_LABEL",
      "_Value_" : "0.00529230872715",
      "_formattedPartition_" : "           1"
    },
    "rowNumber" : 40
  }, {
    "dataMap" : {
      "_Column_" : "P_FRAUD_LABEL1",
      "_CumLiftBest_" : "1.05263157895",
      "_CumLift_" : "1.05263157895",
      "_CumPctRespBest_" : "10.8550399332",
      "_CumPctResp_" : "10.8550399332",
      "_CumRespBest_" : "100",
      "_CumResp_" : "100",
      "_DataRole_" : "TRAIN",
      "_Depth_" : "95",
      "_Event_" : "           1",
      "_GainBest_" : "0.0526315789474",
      "_Gain_" : "0.0526315789474",
      "_LiftBest_" : "0",
      "_Lift_" : "0",
      "_NEventsBest_" : "0",
      "_NEvents_" : "0",
      "_NObs_" : "6050",
      "_PartInd_" : "1",
      "_PctRespBest_" : "0",
      "_PctResp_" : "0",
      "_RespBest_" : "0",
      "_Resp_" : "0",
      "_TargetName_" : "FRAUD_LABEL",
      "_Value_" : "0.00235220589231",
      "_formattedPartition_" : "           1"
    },
    "rowNumber" : 41
  }, {
    "dataMap" : {
      "_Column_" : "P_FRAUD_LABEL1",
      "_CumLiftBest_" : "1",
      "_CumLift_" : "1",
      "_CumPctRespBest_" : "10.3124225143",
      "_CumPctResp_" : "10.3124225143",
      "_CumRespBest_" : "100",
      "_CumResp_" : "100",
      "_DataRole_" : "TRAIN",
      "_Depth_" : "100",
      "_Event_" : "           1",
      "_GainBest_" : "0",
      "_Gain_" : "0",
      "_LiftBest_" : "0",
      "_Lift_" : "0",
      "_NEventsBest_" : "0",
      "_NEvents_" : "0",
      "_NObs_" : "6048",
      "_PartInd_" : "1",
      "_PctRespBest_" : "0",
      "_PctResp_" : "0",
      "_RespBest_" : "0",
      "_Resp_" : "0",
      "_TargetName_" : "FRAUD_LABEL",
      "_Value_" : "0",
      "_formattedPartition_" : "           1"
    },
    "rowNumber" : 42
  }, {
    "dataMap" : {
      "_Column_" : "P_FRAUD_LABEL1",
      "_CumRespBest_" : "0",
      "_CumResp_" : "0",
      "_DataRole_" : "TEST",
      "_Depth_" : "0",
      "_Event_" : "           1",
      "_NEventsBest_" : "0",
      "_NEvents_" : "0",
      "_NObs_" : "0",
      "_PartInd_" : "2",
      "_RespBest_" : "0",
      "_Resp_" : "0",
      "_TargetName_" : "FRAUD_LABEL",
      "_Value_" : "0",
      "_formattedPartition_" : "           2"
    },
    "rowNumber" : 43
  }, {
    "dataMap" : {
      "_Column_" : "P_FRAUD_LABEL1",
      "_CumLiftBest_" : "9.70658970659",
      "_CumLift_" : "8.60990860991",
      "_CumPctRespBest_" : "100",
      "_CumPctResp_" : "88.7016848365",
      "_CumRespBest_" : "48.5329485329",
      "_CumResp_" : "43.0495430495",
      "_DataRole_" : "TEST",
      "_Depth_" : "5",
      "_Event_" : "           1",
      "_GainBest_" : "8.70658970659",
      "_Gain_" : "7.60990860991",
      "_LiftBest_" : "9.70658970659",
      "_Lift_" : "8.60990860991",
      "_NEventsBest_" : "1009",
      "_NEvents_" : "895",
      "_NObs_" : "1009",
      "_PartInd_" : "2",
      "_PctRespBest_" : "100",
      "_PctResp_" : "88.7016848365",
      "_RespBest_" : "48.5329485329",
      "_Resp_" : "43.0495430495",
      "_TargetName_" : "FRAUD_LABEL",
      "_Value_" : "0.511445329325",
      "_formattedPartition_" : "           2"
    },
    "rowNumber" : 44
  }, {
    "dataMap" : {
      "_Column_" : "P_FRAUD_LABEL1",
      "_CumLiftBest_" : "9.70658970659",
      "_CumLift_" : "6.22895622896",
      "_CumPctRespBest_" : "100",
      "_CumPctResp_" : "64.1724479683",
      "_CumRespBest_" : "97.0658970659",
      "_CumResp_" : "62.2895622896",
      "_DataRole_" : "TEST",
      "_Depth_" : "10",
      "_Event_" : "           1",
      "_GainBest_" : "8.70658970659",
      "_Gain_" : "5.22895622896",
      "_LiftBest_" : "9.70658970659",
      "_Lift_" : "3.848003848",
      "_NEventsBest_" : "1009",
      "_NEvents_" : "400",
      "_NObs_" : "1009",
      "_PartInd_" : "2",
      "_PctRespBest_" : "100",
      "_PctResp_" : "39.6432111001",
      "_RespBest_" : "48.5329485329",
      "_Resp_" : "19.24001924",
      "_TargetName_" : "FRAUD_LABEL",
      "_Value_" : "0.290029144975",
      "_formattedPartition_" : "           2"
    },
    "rowNumber" : 45
  }, {
    "dataMap" : {
      "_Column_" : "P_FRAUD_LABEL1",
      "_CumLiftBest_" : "6.66666666667",
      "_CumLift_" : "4.82603815937",
      "_CumPctRespBest_" : "68.7045604759",
      "_CumPctResp_" : "49.7356245869",
      "_CumRespBest_" : "100",
      "_CumResp_" : "72.3905723906",
      "_DataRole_" : "TEST",
      "_Depth_" : "15",
      "_Event_" : "           1",
      "_GainBest_" : "5.66666666667",
      "_Gain_" : "3.82603815937",
      "_LiftBest_" : "0.586820586821",
      "_Lift_" : "2.0202020202",
      "_NEventsBest_" : "61",
      "_NEvents_" : "210",
      "_NObs_" : "1008",
      "_PartInd_" : "2",
      "_PctRespBest_" : "6.05158730159",
      "_PctResp_" : "20.8333333333",
      "_RespBest_" : "2.9341029341",
      "_Resp_" : "10.101010101",
      "_TargetName_" : "FRAUD_LABEL",
      "_Value_" : "0.193733129041",
      "_formattedPartition_" : "           2"
    },
    "rowNumber" : 46
  }, {
    "dataMap" : {
      "_Column_" : "P_FRAUD_LABEL1",
      "_CumLiftBest_" : "5",
      "_CumLift_" : "3.92736892737",
      "_CumPctRespBest_" : "51.5369360436",
      "_CumPctResp_" : "40.4809122459",
      "_CumRespBest_" : "100",
      "_CumResp_" : "78.5473785474",
      "_DataRole_" : "TEST",
      "_Depth_" : "20",
      "_Event_" : "           1",
      "_GainBest_" : "4",
      "_Gain_" : "2.92736892737",
      "_LiftBest_" : "0",
      "_Lift_" : "1.23136123136",
      "_NEventsBest_" : "0",
      "_NEvents_" : "128",
      "_NObs_" : "1008",
      "_PartInd_" : "2",
      "_PctRespBest_" : "0",
      "_PctResp_" : "12.6984126984",
      "_RespBest_" : "0",
      "_Resp_" : "6.15680615681",
      "_TargetName_" : "FRAUD_LABEL",
      "_Value_" : "0.12869526029",
      "_formattedPartition_" : "           2"
    },
    "rowNumber" : 47
  }, {
    "dataMap" : {
      "_Column_" : "P_FRAUD_LABEL1",
      "_CumLiftBest_" : "4",
      "_CumLift_" : "3.367003367",
      "_CumPctRespBest_" : "41.2336374455",
      "_CumPctResp_" : "34.7084490282",
      "_CumRespBest_" : "100",
      "_CumResp_" : "84.1750841751",
      "_DataRole_" : "TEST",
      "_Depth_" : "25",
      "_Event_" : "           1",
      "_GainBest_" : "3",
      "_Gain_" : "2.367003367",
      "_LiftBest_" : "0",
      "_Lift_" : "1.12554112554",
      "_NEventsBest_" : "0",
      "_NEvents_" : "117",
      "_NObs_" : "1008",
      "_PartInd_" : "2",
      "_PctRespBest_" : "0",
      "_PctResp_" : "11.6071428571",
      "_RespBest_" : "0",
      "_Resp_" : "5.62770562771",
      "_TargetName_" : "FRAUD_LABEL",
      "_Value_" : "0.0950190724506",
      "_formattedPartition_" : "           2"
    },
    "rowNumber" : 48
  }, {
    "dataMap" : {
      "_Column_" : "P_FRAUD_LABEL1",
      "_CumLiftBest_" : "3.33333333333",
      "_CumLift_" : "2.91486291486",
      "_CumPctRespBest_" : "34.3579573624",
      "_CumPctResp_" : "30.0446207238",
      "_CumRespBest_" : "100",
      "_CumResp_" : "87.4458874459",
      "_DataRole_" : "TEST",
      "_Depth_" : "30",
      "_Event_" : "           1",
      "_GainBest_" : "2.33333333333",
      "_Gain_" : "1.91486291486",
      "_LiftBest_" : "0",
      "_Lift_" : "0.654160654161",
      "_NEventsBest_" : "0",
      "_NEvents_" : "68",
      "_NObs_" : "1009",
      "_PartInd_" : "2",
      "_PctRespBest_" : "0",
      "_PctResp_" : "6.73934588702",
      "_RespBest_" : "0",
      "_Resp_" : "3.2708032708",
      "_TargetName_" : "FRAUD_LABEL",
      "_Value_" : "0.0741491657985",
      "_formattedPartition_" : "           2"
    },
    "rowNumber" : 49
  }, {
    "dataMap" : {
      "_Column_" : "P_FRAUD_LABEL1",
      "_CumLiftBest_" : "2.85714285714",
      "_CumLift_" : "2.56441970728",
      "_CumPctRespBest_" : "29.4517637059",
      "_CumPctResp_" : "26.4343391415",
      "_CumRespBest_" : "100",
      "_CumResp_" : "89.7546897547",
      "_DataRole_" : "TEST",
      "_Depth_" : "35",
      "_Event_" : "           1",
      "_GainBest_" : "1.85714285714",
      "_Gain_" : "1.56441970728",
      "_LiftBest_" : "0",
      "_Lift_" : "0.46176046176",
      "_NEventsBest_" : "0",
      "_NEvents_" : "48",
      "_NObs_" : "1008",
      "_PartInd_" : "2",
      "_PctRespBest_" : "0",
      "_PctResp_" : "4.7619047619",
      "_RespBest_" : "0",
      "_Resp_" : "2.3088023088",
      "_TargetName_" : "FRAUD_LABEL",
      "_Value_" : "0.053881626627",
      "_formattedPartition_" : "           2"
    },
    "rowNumber" : 50
  }, {
    "dataMap" : {
      "_Column_" : "P_FRAUD_LABEL1",
      "_CumLiftBest_" : "2.5",
      "_CumLift_" : "2.28595478595",
      "_CumPctRespBest_" : "25.771662328",
      "_CumPctResp_" : "23.5651419363",
      "_CumRespBest_" : "100",
      "_CumResp_" : "91.4381914382",
      "_DataRole_" : "TEST",
      "_Depth_" : "40",
      "_Event_" : "           1",
      "_GainBest_" : "1.5",
      "_Gain_" : "1.28595478595",
      "_LiftBest_" : "0",
      "_Lift_" : "0.3367003367",
      "_NEventsBest_" : "0",
      "_NEvents_" : "35",
      "_NObs_" : "1008",
      "_PartInd_" : "2",
      "_PctRespBest_" : "0",
      "_PctResp_" : "3.47222222222",
      "_RespBest_" : "0",
      "_Resp_" : "1.6835016835",
      "_TargetName_" : "FRAUD_LABEL",
      "_Value_" : "0.0431519610874",
      "_formattedPartition_" : "           2"
    },
    "rowNumber" : 51
  }, {
    "dataMap" : {
      "_Column_" : "P_FRAUD_LABEL1",
      "_CumLiftBest_" : "2.22222222222",
      "_CumLift_" : "2.07043984822",
      "_CumPctRespBest_" : "22.9090909091",
      "_CumPctResp_" : "21.3443526171",
      "_CumRespBest_" : "100",
      "_CumResp_" : "93.1697931698",
      "_DataRole_" : "TEST",
      "_Depth_" : "45",
      "_Event_" : "           1",
      "_GainBest_" : "1.22222222222",
      "_Gain_" : "1.07043984822",
      "_LiftBest_" : "0",
      "_Lift_" : "0.34632034632",
      "_NEventsBest_" : "0",
      "_NEvents_" : "36",
      "_NObs_" : "1008",
      "_PartInd_" : "2",
      "_PctRespBest_" : "0",
      "_PctResp_" : "3.57142857143",
      "_RespBest_" : "0",
      "_Resp_" : "1.7316017316",
      "_TargetName_" : "FRAUD_LABEL",
      "_Value_" : "0.0381035592715",
      "_formattedPartition_" : "           2"
    },
    "rowNumber" : 52
  }, {
    "dataMap" : {
      "_Column_" : "P_FRAUD_LABEL1",
      "_CumLiftBest_" : "2",
      "_CumLift_" : "1.89514189514",
      "_CumPctRespBest_" : "20.6127305175",
      "_CumPctResp_" : "19.5320245885",
      "_CumRespBest_" : "100",
      "_CumResp_" : "94.7570947571",
      "_DataRole_" : "TEST",
      "_Depth_" : "50",
      "_Event_" : "           1",
      "_GainBest_" : "1",
      "_Gain_" : "0.895141895142",
      "_LiftBest_" : "0",
      "_Lift_" : "0.31746031746",
      "_NEventsBest_" : "0",
      "_NEvents_" : "33",
      "_NObs_" : "1011",
      "_PartInd_" : "2",
      "_PctRespBest_" : "0",
      "_PctResp_" : "3.26409495549",
      "_RespBest_" : "0",
      "_Resp_" : "1.5873015873",
      "_TargetName_" : "FRAUD_LABEL",
      "_Value_" : "0.0341529950072",
      "_formattedPartition_" : "           2"
    },
    "rowNumber" : 53
  }, {
    "dataMap" : {
      "_Column_" : "P_FRAUD_LABEL1",
      "_CumLiftBest_" : "1.81818181818",
      "_CumLift_" : "1.74297083388",
      "_CumPctRespBest_" : "18.74323837",
      "_CumPctResp_" : "17.9679047962",
      "_CumRespBest_" : "100",
      "_CumResp_" : "95.8633958634",
      "_DataRole_" : "TEST",
      "_Depth_" : "55",
      "_Event_" : "           1",
      "_GainBest_" : "0.818181818182",
      "_Gain_" : "0.74297083388",
      "_LiftBest_" : "0",
      "_Lift_" : "0.22126022126",
      "_NEventsBest_" : "0",
      "_NEvents_" : "23",
      "_NObs_" : "1006",
      "_PartInd_" : "2",
      "_PctRespBest_" : "0",
      "_PctResp_" : "2.28628230616",
      "_RespBest_" : "0",
      "_Resp_" : "1.1063011063",
      "_TargetName_" : "FRAUD_LABEL",
      "_Value_" : "0.031565884223",
      "_formattedPartition_" : "           2"
    },
    "rowNumber" : 54
  }, {
    "dataMap" : {
      "_Column_" : "P_FRAUD_LABEL1",
      "_CumLiftBest_" : "1.66666666667",
      "_CumLift_" : "1.61215327882",
      "_CumPctRespBest_" : "17.1818181818",
      "_CumPctResp_" : "16.6198347107",
      "_CumRespBest_" : "100",
      "_CumResp_" : "96.7291967292",
      "_DataRole_" : "TEST",
      "_Depth_" : "60",
      "_Event_" : "           1",
      "_GainBest_" : "0.666666666667",
      "_Gain_" : "0.61215327882",
      "_LiftBest_" : "0",
      "_Lift_" : "0.17316017316",
      "_NEventsBest_" : "0",
      "_NEvents_" : "18",
      "_NObs_" : "1008",
      "_PartInd_" : "2",
      "_PctRespBest_" : "0",
      "_PctResp_" : "1.78571428571",
      "_RespBest_" : "0",
      "_Resp_" : "0.865800865801",
      "_TargetName_" : "FRAUD_LABEL",
      "_Value_" : "0.0296508178166",
      "_formattedPartition_" : "           2"
    },
    "rowNumber" : 55
  }, {
    "dataMap" : {
      "_Column_" : "P_FRAUD_LABEL1",
      "_CumLiftBest_" : "1.53846153846",
      "_CumLift_" : "1.5022015022",
      "_CumPctRespBest_" : "15.8605431797",
      "_CumPctResp_" : "15.4867256637",
      "_CumRespBest_" : "100",
      "_CumResp_" : "97.6430976431",
      "_DataRole_" : "TEST",
      "_Depth_" : "65",
      "_Event_" : "           1",
      "_GainBest_" : "0.538461538462",
      "_Gain_" : "0.502201502202",
      "_LiftBest_" : "0",
      "_Lift_" : "0.18278018278",
      "_NEventsBest_" : "0",
      "_NEvents_" : "19",
      "_NObs_" : "1008",
      "_PartInd_" : "2",
      "_PctRespBest_" : "0",
      "_PctResp_" : "1.88492063492",
      "_RespBest_" : "0",
      "_Resp_" : "0.913900913901",
      "_TargetName_" : "FRAUD_LABEL",
      "_Value_" : "0.0276359179953",
      "_formattedPartition_" : "           2"
    },
    "rowNumber" : 56
  }, {
    "dataMap" : {
      "_Column_" : "P_FRAUD_LABEL1",
      "_CumLiftBest_" : "1.42857142857",
      "_CumLift_" : "1.41001855288",
      "_CumPctRespBest_" : "14.7269249841",
      "_CumPctResp_" : "14.535666218",
      "_CumRespBest_" : "100",
      "_CumResp_" : "98.7012987013",
      "_DataRole_" : "TEST",
      "_Depth_" : "70",
      "_Event_" : "           1",
      "_GainBest_" : "0.428571428571",
      "_Gain_" : "0.410018552876",
      "_LiftBest_" : "0",
      "_Lift_" : "0.21164021164",
      "_NEventsBest_" : "0",
      "_NEvents_" : "22",
      "_NObs_" : "1009",
      "_PartInd_" : "2",
      "_PctRespBest_" : "0",
      "_PctResp_" : "2.18037661051",
      "_RespBest_" : "0",
      "_Resp_" : "1.0582010582",
      "_TargetName_" : "FRAUD_LABEL",
      "_Value_" : "0.0253720295052",
      "_formattedPartition_" : "           2"
    },
    "rowNumber" : 57
  }, {
    "dataMap" : {
      "_Column_" : "P_FRAUD_LABEL1",
      "_CumLiftBest_" : "1.33333333333",
      "_CumLift_" : "1.32691999359",
      "_CumPctRespBest_" : "13.7445458152",
      "_CumPctResp_" : "13.6784344837",
      "_CumRespBest_" : "100",
      "_CumResp_" : "99.518999519",
      "_DataRole_" : "TEST",
      "_Depth_" : "75",
      "_Event_" : "           1",
      "_GainBest_" : "0.333333333333",
      "_Gain_" : "0.326919993587",
      "_LiftBest_" : "0",
      "_Lift_" : "0.16354016354",
      "_NEventsBest_" : "0",
      "_NEvents_" : "17",
      "_NObs_" : "1009",
      "_PartInd_" : "2",
      "_PctRespBest_" : "0",
      "_PctResp_" : "1.68483647175",
      "_RespBest_" : "0",
      "_Resp_" : "0.817700817701",
      "_TargetName_" : "FRAUD_LABEL",
      "_Value_" : "0.0242051989748",
      "_formattedPartition_" : "           2"
    },
    "rowNumber" : 58
  }, {
    "dataMap" : {
      "_Column_" : "P_FRAUD_LABEL1",
      "_CumLiftBest_" : "1.25",
      "_CumLift_" : "1.24639249639",
      "_CumPctRespBest_" : "12.886629889",
      "_CumPctResp_" : "12.849439038",
      "_CumRespBest_" : "100",
      "_CumResp_" : "99.7113997114",
      "_DataRole_" : "TEST",
      "_Depth_" : "80",
      "_Event_" : "           1",
      "_GainBest_" : "0.25",
      "_Gain_" : "0.246392496392",
      "_LiftBest_" : "0",
      "_Lift_" : "0.03848003848",
      "_NEventsBest_" : "0",
      "_NEvents_" : "4",
      "_NObs_" : "1007",
      "_PartInd_" : "2",
      "_PctRespBest_" : "0",
      "_PctResp_" : "0.397219463754",
      "_RespBest_" : "0",
      "_Resp_" : "0.1924001924",
      "_TargetName_" : "FRAUD_LABEL",
      "_Value_" : "0.0190951161087",
      "_formattedPartition_" : "           2"
    },
    "rowNumber" : 59
  }, {
    "dataMap" : {
      "_Column_" : "P_FRAUD_LABEL1",
      "_CumLiftBest_" : "1.17647058824",
      "_CumLift_" : "1.17477293948",
      "_CumPctRespBest_" : "12.1288139548",
      "_CumPctResp_" : "12.1113120588",
      "_CumRespBest_" : "100",
      "_CumResp_" : "99.8556998557",
      "_DataRole_" : "TEST",
      "_Depth_" : "85",
      "_Event_" : "           1",
      "_GainBest_" : "0.176470588235",
      "_Gain_" : "0.174772939479",
      "_LiftBest_" : "0",
      "_Lift_" : "0.02886002886",
      "_NEventsBest_" : "0",
      "_NEvents_" : "3",
      "_NObs_" : "1008",
      "_PartInd_" : "2",
      "_PctRespBest_" : "0",
      "_PctResp_" : "0.297619047619",
      "_RespBest_" : "0",
      "_Resp_" : "0.1443001443",
      "_TargetName_" : "FRAUD_LABEL",
      "_Value_" : "0.0109923535193",
      "_formattedPartition_" : "           2"
    },
    "rowNumber" : 60
  }, {
    "dataMap" : {
      "_Column_" : "P_FRAUD_LABEL1",
      "_CumLiftBest_" : "1.11111111111",
      "_CumLift_" : "1.11057666613",
      "_CumPctRespBest_" : "11.4551765938",
      "_CumPctResp_" : "11.4496666483",
      "_CumRespBest_" : "100",
      "_CumResp_" : "99.9518999519",
      "_DataRole_" : "TEST",
      "_Depth_" : "90",
      "_Event_" : "           1",
      "_GainBest_" : "0.111111111111",
      "_Gain_" : "0.110576666132",
      "_LiftBest_" : "0",
      "_Lift_" : "0.01924001924",
      "_NEventsBest_" : "0",
      "_NEvents_" : "2",
      "_NObs_" : "1008",
      "_PartInd_" : "2",
      "_PctRespBest_" : "0",
      "_PctResp_" : "0.198412698413",
      "_RespBest_" : "0",
      "_Resp_" : "0.0962000962001",
      "_TargetName_" : "FRAUD_LABEL",
      "_Value_" : "0.00564150995677",
      "_formattedPartition_" : "           2"
    },
    "rowNumber" : 61
  }, {
    "dataMap" : {
      "_Column_" : "P_FRAUD_LABEL1",
      "_CumLiftBest_" : "1.05263157895",
      "_CumLift_" : "1.05263157895",
      "_CumPctRespBest_" : "10.8524299212",
      "_CumPctResp_" : "10.8524299212",
      "_CumRespBest_" : "100",
      "_CumResp_" : "100",
      "_DataRole_" : "TEST",
      "_Depth_" : "95",
      "_Event_" : "           1",
      "_GainBest_" : "0.0526315789474",
      "_Gain_" : "0.0526315789474",
      "_LiftBest_" : "0",
      "_Lift_" : "0.00962000962001",
      "_NEventsBest_" : "0",
      "_NEvents_" : "1",
      "_NObs_" : "1008",
      "_PartInd_" : "2",
      "_PctRespBest_" : "0",
      "_PctResp_" : "0.0992063492063",
      "_RespBest_" : "0",
      "_Resp_" : "0.0481000481",
      "_TargetName_" : "FRAUD_LABEL",
      "_Value_" : "0.00242994140551",
      "_formattedPartition_" : "           2"
    },
    "rowNumber" : 62
  }, {
    "dataMap" : {
      "_Column_" : "P_FRAUD_LABEL1",
      "_CumLiftBest_" : "1",
      "_CumLift_" : "1",
      "_CumPctRespBest_" : "10.3104542749",
      "_CumPctResp_" : "10.3104542749",
      "_CumRespBest_" : "100",
      "_CumResp_" : "100",
      "_DataRole_" : "TEST",
      "_Depth_" : "100",
      "_Event_" : "           1",
      "_GainBest_" : "0",
      "_Gain_" : "0",
      "_LiftBest_" : "0",
      "_Lift_" : "0",
      "_NEventsBest_" : "0",
      "_NEvents_" : "0",
      "_NObs_" : "1007",
      "_PartInd_" : "2",
      "_PctRespBest_" : "0",
      "_PctResp_" : "0",
      "_RespBest_" : "0",
      "_Resp_" : "0",
      "_TargetName_" : "FRAUD_LABEL",
      "_Value_" : "0",
      "_formattedPartition_" : "           2"
    },
    "rowNumber" : 63
  } ],
  "xInteger" : false,
  "yInteger" : false
}