{
  "creationTimeStamp" : "0001-01-01T00:00:00Z",
  "modifiedTimeStamp" : "0001-01-01T00:00:00Z",
  "revision" : 0,
  "name" : "dmcas_fitstat",
  "version" : 0,
  "order" : 0,
  "parameterMap" : {
    "_ASE_" : {
      "label" : "Average Squared Error",
      "length" : 8,
      "order" : 6,
      "parameter" : "_ASE_",
      "preformatted" : false,
      "type" : "num",
      "values" : [ "_ASE_" ]
    },
    "_C_" : {
      "label" : "Area Under ROC",
      "length" : 8,
      "order" : 12,
      "parameter" : "_C_",
      "preformatted" : false,
      "type" : "num",
      "values" : [ "_C_" ]
    },
    "_DIV_" : {
      "label" : "Divisor for ASE",
      "length" : 8,
      "order" : 7,
      "parameter" : "_DIV_",
      "preformatted" : false,
      "type" : "num",
      "values" : [ "_DIV_" ]
    },
    "_DataRole_" : {
      "label" : "Data Role",
      "length" : 10,
      "order" : 2,
      "parameter" : "_DataRole_",
      "preformatted" : false,
      "type" : "char",
      "values" : [ "_DataRole_" ]
    },
    "_GAMMA_" : {
      "label" : "Gamma",
      "length" : 8,
      "order" : 14,
      "parameter" : "_GAMMA_",
      "preformatted" : false,
      "type" : "num",
      "values" : [ "_GAMMA_" ]
    },
    "_GINI_" : {
      "label" : "Gini Coefficient",
      "length" : 8,
      "order" : 13,
      "parameter" : "_GINI_",
      "preformatted" : false,
      "type" : "num",
      "values" : [ "_GINI_" ]
    },
    "_KSCut_" : {
      "label" : "KS Cutoff",
      "length" : 8,
      "order" : 16,
      "parameter" : "_KSCut_",
      "preformatted" : false,
      "type" : "num",
      "values" : [ "_KSCut_" ]
    },
    "_KSPostCutoff_" : {
      "label" : "KS at User-Specified Cutoff",
      "length" : 8,
      "order" : 17,
      "parameter" : "_KSPostCutoff_",
      "preformatted" : false,
      "type" : "num",
      "values" : [ "_KSPostCutoff_" ]
    },
    "_KS_" : {
      "label" : "KS (Youden)",
      "length" : 8,
      "order" : 11,
      "parameter" : "_KS_",
      "preformatted" : false,
      "type" : "num",
      "values" : [ "_KS_" ]
    },
    "_MCE_" : {
      "label" : "Misclassification Rate",
      "length" : 8,
      "order" : 9,
      "parameter" : "_MCE_",
      "preformatted" : false,
      "type" : "num",
      "values" : [ "_MCE_" ]
    },
    "_MCLL_" : {
      "label" : "Multi-Class Log Loss",
      "length" : 8,
      "order" : 10,
      "parameter" : "_MCLL_",
      "preformatted" : false,
      "type" : "num",
      "values" : [ "_MCLL_" ]
    },
    "_NObs_" : {
      "label" : "Number of Observations",
      "length" : 8,
      "order" : 5,
      "parameter" : "_NObs_",
      "preformatted" : false,
      "type" : "num",
      "values" : [ "_NObs_" ]
    },
    "_PartInd_" : {
      "label" : "Partition Indicator",
      "length" : 8,
      "order" : 3,
      "parameter" : "_PartInd_",
      "preformatted" : false,
      "type" : "num",
      "values" : [ "_PartInd_" ]
    },
    "_RASE_" : {
      "label" : "Root Average Squared Error",
      "length" : 8,
      "order" : 8,
      "parameter" : "_RASE_",
      "preformatted" : false,
      "type" : "num",
      "values" : [ "_RASE_" ]
    },
    "_TAU_" : {
      "label" : "Tau",
      "length" : 8,
      "order" : 15,
      "parameter" : "_TAU_",
      "preformatted" : false,
      "type" : "num",
      "values" : [ "_TAU_" ]
    },
    "_TargetName_" : {
      "label" : "Target Name",
      "length" : 11,
      "order" : 1,
      "parameter" : "_TargetName_",
      "preformatted" : false,
      "type" : "char",
      "values" : [ "_TargetName_" ]
    },
    "_formattedPartition_" : {
      "label" : "Formatted Partition",
      "length" : 12,
      "order" : 4,
      "parameter" : "_formattedPartition_",
      "preformatted" : false,
      "type" : "char",
      "values" : [ "_formattedPartition_" ]
    },
    "_miscEvent_" : {
      "label" : "Misclassification Rate (Event)",
      "length" : 8,
      "order" : 19,
      "parameter" : "_miscEvent_",
      "preformatted" : false,
      "type" : "num",
      "values" : [ "_miscEvent_" ]
    },
    "_miscKs_" : {
      "label" : "Misclassification Rate at KS Cutoff (Event)",
      "length" : 8,
      "order" : 18,
      "parameter" : "_miscKs_",
      "preformatted" : false,
      "type" : "num",
      "values" : [ "_miscKs_" ]
    }
  },
  "data" : [ {
    "dataMap" : {
      "_ASE_" : "0.0524473789896",
      "_C_" : "0.910221000904",
      "_DIV_" : "20164",
      "_DataRole_" : "TEST",
      "_GAMMA_" : "0.836919370521",
      "_GINI_" : "0.820442001808",
      "_KSCut_" : "0.1",
      "_KSPostCutoff_" : "0.4312629833",
      "_KS_" : "0.662083770682",
      "_MCE_" : "0.0645209283872",
      "_MCLL_" : "0.189592673118",
      "_NObs_" : "20164",
      "_PartInd_" : "2",
      "_RASE_" : "0.229013927501",
      "_TAU_" : "0.151746626431",
      "_TargetName_" : "FRAUD_LABEL",
      "_formattedPartition_" : "           2",
      "_miscEvent_" : "0.0645209284",
      "_miscKs_" : "0.1702043245"
    },
    "rowNumber" : 1
  }, {
    "dataMap" : {
      "_ASE_" : "0.0470487309688",
      "_C_" : "0.923914671468",
      "_DIV_" : "120990",
      "_DataRole_" : "TRAIN",
      "_GAMMA_" : "0.86358546341",
      "_GINI_" : "0.847829342937",
      "_KSCut_" : "0.12",
      "_KSPostCutoff_" : "0.4837106895",
      "_KS_" : "0.692131745851",
      "_MCE_" : "0.056533597818",
      "_MCLL_" : "0.174671169621",
      "_NObs_" : "120990",
      "_PartInd_" : "1",
      "_RASE_" : "0.216907194368",
      "_TAU_" : "0.156832122613",
      "_TargetName_" : "FRAUD_LABEL",
      "_formattedPartition_" : "           1",
      "_miscEvent_" : "0.0565335978",
      "_miscKs_" : "0.1343168857"
    },
    "rowNumber" : 2
  }, {
    "dataMap" : {
      "_ASE_" : "0.0526932700166",
      "_C_" : "0.904756725192",
      "_DIV_" : "60496",
      "_DataRole_" : "VALIDATE",
      "_GAMMA_" : "0.826781142621",
      "_GINI_" : "0.809513450383",
      "_KSCut_" : "0.11",
      "_KSPostCutoff_" : "0.4348884403",
      "_KS_" : "0.647831549434",
      "_MCE_" : "0.0639711716477",
      "_MCLL_" : "0.192137693653",
      "_NObs_" : "60496",
      "_PartInd_" : "0",
      "_RASE_" : "0.229550147063",
      "_TAU_" : "0.149754087864",
      "_TargetName_" : "FRAUD_LABEL",
      "_formattedPartition_" : "           0",
      "_miscEvent_" : "0.0639711716",
      "_miscKs_" : "0.1593659085"
    },
    "rowNumber" : 3
  } ],
  "xInteger" : false,
  "yInteger" : false
}