{
  "SASJSONExport" : "1.0 FMTCHARACTER",
  "SASTableData+ARGUMENTS" : [ {
    "name" : "AMOUNT_MCC_DEV",
    "order" : 1,
    "argtype" : "INPUT",
    "type" : "N",
    "vartype" : "double",
    "format" : "",
    "length" : 8
  }, {
    "name" : "AUTH_ADVICE",
    "order" : 2,
    "argtype" : "INPUT",
    "type" : "C",
    "vartype" : "char",
    "format" : "",
    "length" : 3
  }, {
    "name" : "AUTH_AMOUNT",
    "order" : 3,
    "argtype" : "INPUT",
    "type" : "N",
    "vartype" : "double",
    "format" : "",
    "length" : 8
  }, {
    "name" : "AUTH_AVAIL_CREDIT",
    "order" : 4,
    "argtype" : "INPUT",
    "type" : "N",
    "vartype" : "double",
    "format" : "",
    "length" : 8
  }, {
    "name" : "AUTH_CARD_ZIP3_DIFF",
    "order" : 5,
    "argtype" : "INPUT",
    "type" : "N",
    "vartype" : "double",
    "format" : "",
    "length" : 8
  }, {
    "name" : "AUTH_CRED_LINE",
    "order" : 6,
    "argtype" : "INPUT",
    "type" : "N",
    "vartype" : "double",
    "format" : "",
    "length" : 8
  }, {
    "name" : "AUTH_CURR_RATE",
    "order" : 7,
    "argtype" : "INPUT",
    "type" : "N",
    "vartype" : "double",
    "format" : "",
    "length" : 8
  }, {
    "name" : "AUTH_CVV",
    "order" : 8,
    "argtype" : "INPUT",
    "type" : "C",
    "vartype" : "char",
    "format" : "",
    "length" : 3
  }, {
    "name" : "AUTH_HOUR",
    "order" : 9,
    "argtype" : "INPUT",
    "type" : "N",
    "vartype" : "double",
    "format" : "",
    "length" : 8
  }, {
    "name" : "AUTH_KEY_SWIPE",
    "order" : 10,
    "argtype" : "INPUT",
    "type" : "C",
    "vartype" : "char",
    "format" : "",
    "length" : 3
  }, {
    "name" : "AUTH_PIN_VER",
    "order" : 11,
    "argtype" : "INPUT",
    "type" : "C",
    "vartype" : "char",
    "format" : "",
    "length" : 3
  }, {
    "name" : "AUTH_TRAN_TYPE",
    "order" : 12,
    "argtype" : "INPUT",
    "type" : "C",
    "vartype" : "char",
    "format" : "",
    "length" : 3
  }, {
    "name" : "CARD_CRED_LINE",
    "order" : 13,
    "argtype" : "INPUT",
    "type" : "N",
    "vartype" : "double",
    "format" : "",
    "length" : 8
  }, {
    "name" : "CARD_NUM_CARDS",
    "order" : 14,
    "argtype" : "INPUT",
    "type" : "N",
    "vartype" : "double",
    "format" : "",
    "length" : 8
  }, {
    "name" : "CARD_TYPE",
    "order" : 15,
    "argtype" : "INPUT",
    "type" : "C",
    "vartype" : "char",
    "format" : "",
    "length" : 3
  }, {
    "name" : "CARD_USE",
    "order" : 16,
    "argtype" : "INPUT",
    "type" : "C",
    "vartype" : "char",
    "format" : "",
    "length" : 3
  }, {
    "name" : "daily_count",
    "order" : 17,
    "argtype" : "INPUT",
    "type" : "N",
    "vartype" : "double",
    "format" : "",
    "length" : 8
  }, {
    "name" : "daily_sum",
    "order" : 18,
    "argtype" : "INPUT",
    "type" : "N",
    "vartype" : "double",
    "format" : "",
    "length" : 8
  }, {
    "name" : "MCC_RISK",
    "order" : 19,
    "argtype" : "INPUT",
    "type" : "N",
    "vartype" : "double",
    "format" : "",
    "length" : 8
  }, {
    "name" : "sev_2500_to_5000",
    "order" : 20,
    "argtype" : "INPUT",
    "type" : "N",
    "vartype" : "double",
    "format" : "",
    "length" : 8
  }, {
    "name" : "sev_ge_5000",
    "order" : 21,
    "argtype" : "INPUT",
    "type" : "N",
    "vartype" : "double",
    "format" : "",
    "length" : 8
  }, {
    "name" : "weekly_count",
    "order" : 22,
    "argtype" : "INPUT",
    "type" : "N",
    "vartype" : "double",
    "format" : "",
    "length" : 8
  }, {
    "name" : "weekly_sum",
    "order" : 23,
    "argtype" : "INPUT",
    "type" : "N",
    "vartype" : "double",
    "format" : "",
    "length" : 8
  }, {
    "name" : "week_number",
    "order" : 24,
    "argtype" : "INPUT",
    "type" : "N",
    "vartype" : "double",
    "format" : "",
    "length" : 8
  }, {
    "name" : "BIN_AUTH_ADVICE",
    "order" : 25,
    "argtype" : "INPUT_OUTPUT",
    "type" : "C",
    "vartype" : "char",
    "format" : "",
    "length" : 9
  }, {
    "name" : "BIN_AUTH_TRAN_TYPE",
    "order" : 26,
    "argtype" : "INPUT_OUTPUT",
    "type" : "C",
    "vartype" : "char",
    "format" : "",
    "length" : 9
  }, {
    "name" : "BIN_CARD_NUM_CARDS",
    "order" : 27,
    "argtype" : "INPUT_OUTPUT",
    "type" : "C",
    "vartype" : "char",
    "format" : "",
    "length" : 12
  }, {
    "name" : "EM_CLASSIFICATION",
    "order" : 28,
    "argtype" : "INPUT_OUTPUT",
    "type" : "C",
    "vartype" : "char",
    "format" : "",
    "length" : 12
  }, {
    "name" : "EM_EVENTPROBABILITY",
    "order" : 29,
    "argtype" : "INPUT_OUTPUT",
    "type" : "N",
    "vartype" : "double",
    "format" : "",
    "length" : 8
  }, {
    "name" : "EM_PROBABILITY",
    "order" : 30,
    "argtype" : "INPUT_OUTPUT",
    "type" : "N",
    "vartype" : "double",
    "format" : "",
    "length" : 8
  }, {
    "name" : "IMP_INVSQRT_AMOUNT_MCC_DEV",
    "order" : 31,
    "argtype" : "INPUT_OUTPUT",
    "type" : "N",
    "vartype" : "double",
    "format" : "",
    "length" : 8
  }, {
    "name" : "IMP_INV_AUTH_CARD_ZIP3_DIFF",
    "order" : 32,
    "argtype" : "INPUT_OUTPUT",
    "type" : "N",
    "vartype" : "double",
    "format" : "",
    "length" : 8
  }, {
    "name" : "IMP_INV_MCC_RISK",
    "order" : 33,
    "argtype" : "INPUT_OUTPUT",
    "type" : "N",
    "vartype" : "double",
    "format" : "",
    "length" : 8
  }, {
    "name" : "IMP_SQRT_CARD_CRED_LINE",
    "order" : 34,
    "argtype" : "INPUT_OUTPUT",
    "type" : "N",
    "vartype" : "double",
    "format" : "",
    "length" : 8
  }, {
    "name" : "INVSQRT_AMOUNT_MCC_DEV",
    "order" : 35,
    "argtype" : "INPUT_OUTPUT",
    "type" : "N",
    "vartype" : "double",
    "format" : "",
    "length" : 8
  }, {
    "name" : "INVSQR_daily_count",
    "order" : 36,
    "argtype" : "INPUT_OUTPUT",
    "type" : "N",
    "vartype" : "double",
    "format" : "",
    "length" : 8
  }, {
    "name" : "INVSQR_weekly_count",
    "order" : 37,
    "argtype" : "INPUT_OUTPUT",
    "type" : "N",
    "vartype" : "double",
    "format" : "",
    "length" : 8
  }, {
    "name" : "INV_AUTH_CARD_ZIP3_DIFF",
    "order" : 38,
    "argtype" : "INPUT_OUTPUT",
    "type" : "N",
    "vartype" : "double",
    "format" : "",
    "length" : 8
  }, {
    "name" : "INV_MCC_RISK",
    "order" : 39,
    "argtype" : "INPUT_OUTPUT",
    "type" : "N",
    "vartype" : "double",
    "format" : "",
    "length" : 8
  }, {
    "name" : "I_FRAUD_LABEL",
    "order" : 40,
    "argtype" : "INPUT_OUTPUT",
    "type" : "C",
    "vartype" : "char",
    "format" : "",
    "length" : 32
  }, {
    "name" : "LOG_AUTH_AMOUNT",
    "order" : 41,
    "argtype" : "INPUT_OUTPUT",
    "type" : "N",
    "vartype" : "double",
    "format" : "",
    "length" : 8
  }, {
    "name" : "LOG_AUTH_AVAIL_CREDIT",
    "order" : 42,
    "argtype" : "INPUT_OUTPUT",
    "type" : "N",
    "vartype" : "double",
    "format" : "",
    "length" : 8
  }, {
    "name" : "LOG_daily_sum",
    "order" : 43,
    "argtype" : "INPUT_OUTPUT",
    "type" : "N",
    "vartype" : "double",
    "format" : "",
    "length" : 8
  }, {
    "name" : "LOG_weekly_sum",
    "order" : 44,
    "argtype" : "INPUT_OUTPUT",
    "type" : "N",
    "vartype" : "double",
    "format" : "",
    "length" : 8
  }, {
    "name" : "M_AUTH_CURR_RATE",
    "order" : 45,
    "argtype" : "INPUT_OUTPUT",
    "type" : "N",
    "vartype" : "double",
    "format" : "",
    "length" : 8
  }, {
    "name" : "M_CARD_USE",
    "order" : 46,
    "argtype" : "INPUT_OUTPUT",
    "type" : "N",
    "vartype" : "double",
    "format" : "",
    "length" : 8
  }, {
    "name" : "M_INVSQRT_AMOUNT_MCC_DEV",
    "order" : 47,
    "argtype" : "INPUT_OUTPUT",
    "type" : "N",
    "vartype" : "double",
    "format" : "",
    "length" : 8
  }, {
    "name" : "M_INV_AUTH_CARD_ZIP3_DIFF",
    "order" : 48,
    "argtype" : "INPUT_OUTPUT",
    "type" : "N",
    "vartype" : "double",
    "format" : "",
    "length" : 8
  }, {
    "name" : "M_INV_MCC_RISK",
    "order" : 49,
    "argtype" : "INPUT_OUTPUT",
    "type" : "N",
    "vartype" : "double",
    "format" : "",
    "length" : 8
  }, {
    "name" : "M_SQRT_CARD_CRED_LINE",
    "order" : 50,
    "argtype" : "INPUT_OUTPUT",
    "type" : "N",
    "vartype" : "double",
    "format" : "",
    "length" : 8
  }, {
    "name" : "P_FRAUD_LABEL1",
    "order" : 51,
    "argtype" : "INPUT_OUTPUT",
    "type" : "N",
    "vartype" : "double",
    "format" : "",
    "length" : 8
  }, {
    "name" : "P_FRAUD_LABEL_1",
    "order" : 52,
    "argtype" : "INPUT_OUTPUT",
    "type" : "N",
    "vartype" : "double",
    "format" : "",
    "length" : 8
  }, {
    "name" : "SQRT_AUTH_CRED_LINE",
    "order" : 53,
    "argtype" : "INPUT_OUTPUT",
    "type" : "N",
    "vartype" : "double",
    "format" : "",
    "length" : 8
  }, {
    "name" : "SQRT_CARD_CRED_LINE",
    "order" : 54,
    "argtype" : "INPUT_OUTPUT",
    "type" : "N",
    "vartype" : "double",
    "format" : "",
    "length" : 8
  }, {
    "name" : "TARGENC_AUTH_CVV",
    "order" : 55,
    "argtype" : "INPUT_OUTPUT",
    "type" : "N",
    "vartype" : "double",
    "format" : "",
    "length" : 8
  }, {
    "name" : "TARGENC_AUTH_KEY_SWIPE",
    "order" : 56,
    "argtype" : "INPUT_OUTPUT",
    "type" : "N",
    "vartype" : "double",
    "format" : "",
    "length" : 8
  }, {
    "name" : "TARGENC_AUTH_PIN_VER",
    "order" : 57,
    "argtype" : "INPUT_OUTPUT",
    "type" : "N",
    "vartype" : "double",
    "format" : "",
    "length" : 8
  }, {
    "name" : "TARGENC_BIN_AUTH_ADVICE",
    "order" : 58,
    "argtype" : "INPUT_OUTPUT",
    "type" : "N",
    "vartype" : "double",
    "format" : "",
    "length" : 8
  }, {
    "name" : "TARGENC_BIN_AUTH_TRAN_TYPE",
    "order" : 59,
    "argtype" : "INPUT_OUTPUT",
    "type" : "N",
    "vartype" : "double",
    "format" : "",
    "length" : 8
  }, {
    "name" : "TARGENC_BIN_CARD_NUM_CARDS",
    "order" : 60,
    "argtype" : "INPUT_OUTPUT",
    "type" : "N",
    "vartype" : "double",
    "format" : "",
    "length" : 8
  }, {
    "name" : "TARGENC_CARD_TYPE",
    "order" : 61,
    "argtype" : "INPUT_OUTPUT",
    "type" : "N",
    "vartype" : "double",
    "format" : "",
    "length" : 8
  }, {
    "name" : "TARGENC_sev_2500_to_5000",
    "order" : 62,
    "argtype" : "INPUT_OUTPUT",
    "type" : "N",
    "vartype" : "double",
    "format" : "",
    "length" : 8
  }, {
    "name" : "TARGENC_sev_ge_5000",
    "order" : 63,
    "argtype" : "INPUT_OUTPUT",
    "type" : "N",
    "vartype" : "double",
    "format" : "",
    "length" : 8
  }, {
    "name" : "_P_",
    "order" : 64,
    "argtype" : "INPUT_OUTPUT",
    "type" : "N",
    "vartype" : "double",
    "format" : "",
    "length" : 8
  }, {
    "name" : "_WARN_",
    "order" : 65,
    "argtype" : "INPUT_OUTPUT",
    "type" : "C",
    "vartype" : "char",
    "format" : "",
    "length" : 4
  } ]
}