{
  "creationTimeStamp" : "0001-01-01T00:00:00Z",
  "modifiedTimeStamp" : "0001-01-01T00:00:00Z",
  "revision" : 0,
  "name" : "dmcas_scoreoutputs",
  "version" : 0,
  "order" : 0,
  "parameterMap" : {
    "CREATOR" : {
      "label" : "Creator",
      "length" : 255,
      "order" : 8,
      "parameter" : "CREATOR",
      "preformatted" : false,
      "type" : "char",
      "values" : [ "CREATOR" ]
    },
    "CREATORGUID" : {
      "label" : "Creator GUID",
      "length" : 36,
      "order" : 10,
      "parameter" : "CREATORGUID",
      "preformatted" : false,
      "type" : "char",
      "values" : [ "CREATORGUID" ]
    },
    "FORMAT" : {
      "label" : "Variable Format",
      "length" : 36,
      "order" : 6,
      "parameter" : "FORMAT",
      "preformatted" : false,
      "type" : "char",
      "values" : [ "FORMAT" ]
    },
    "FUNCTION" : {
      "label" : "Function",
      "length" : 32,
      "order" : 9,
      "parameter" : "FUNCTION",
      "preformatted" : false,
      "type" : "char",
      "values" : [ "FUNCTION" ]
    },
    "LABEL" : {
      "label" : "Variable Label",
      "length" : 256,
      "order" : 5,
      "parameter" : "LABEL",
      "preformatted" : false,
      "type" : "char",
      "values" : [ "LABEL" ]
    },
    "LENGTH" : {
      "label" : "Variable Length",
      "length" : 8,
      "order" : 7,
      "parameter" : "LENGTH",
      "preformatted" : false,
      "type" : "num",
      "values" : [ "LENGTH" ]
    },
    "NAME" : {
      "label" : "Name",
      "length" : 255,
      "order" : 1,
      "parameter" : "NAME",
      "preformatted" : false,
      "type" : "char",
      "values" : [ "NAME" ]
    },
    "ROLE" : {
      "label" : "Role",
      "length" : 32,
      "order" : 2,
      "parameter" : "ROLE",
      "preformatted" : false,
      "type" : "char",
      "values" : [ "ROLE" ]
    },
    "TYPE" : {
      "label" : "Type",
      "length" : 1,
      "order" : 3,
      "parameter" : "TYPE",
      "preformatted" : false,
      "type" : "char",
      "values" : [ "TYPE" ]
    },
    "VARTYPE" : {
      "label" : "Variable Type",
      "length" : 32,
      "order" : 4,
      "parameter" : "VARTYPE",
      "preformatted" : false,
      "type" : "char",
      "values" : [ "VARTYPE" ]
    }
  },
  "data" : [ {
    "dataMap" : {
      "CREATOR" : "transform",
      "CREATORGUID" : "a54cc7d2-33ce-439e-924f-8772f13faf29",
      "FORMAT" : "",
      "FUNCTION" : "TRANSFORM",
      "LABEL" : "Transformed AUTH_ADVICE",
      "LENGTH" : "9",
      "NAME" : "BIN_AUTH_ADVICE",
      "ROLE" : "REJECTED",
      "TYPE" : "C",
      "VARTYPE" : "char"
    },
    "rowNumber" : 1
  }, {
    "dataMap" : {
      "CREATOR" : "transform",
      "CREATORGUID" : "a54cc7d2-33ce-439e-924f-8772f13faf29",
      "FORMAT" : "",
      "FUNCTION" : "TRANSFORM",
      "LABEL" : "Transformed AUTH_TRAN_TYPE",
      "LENGTH" : "9",
      "NAME" : "BIN_AUTH_TRAN_TYPE",
      "ROLE" : "REJECTED",
      "TYPE" : "C",
      "VARTYPE" : "char"
    },
    "rowNumber" : 2
  }, {
    "dataMap" : {
      "CREATOR" : "transform",
      "CREATORGUID" : "a54cc7d2-33ce-439e-924f-8772f13faf29",
      "FORMAT" : "",
      "FUNCTION" : "TRANSFORM",
      "LABEL" : "Transformed CARD_NUM_CARDS",
      "LENGTH" : "12",
      "NAME" : "BIN_CARD_NUM_CARDS",
      "ROLE" : "REJECTED",
      "TYPE" : "C",
      "VARTYPE" : "char"
    },
    "rowNumber" : 3
  }, {
    "dataMap" : {
      "CREATOR" : "forest",
      "CREATORGUID" : "bda7d9cd-37e4-4ebd-9a63-ec201e6dc546",
      "FORMAT" : "",
      "FUNCTION" : "CLASSIFICATION",
      "LABEL" : "Into: FRAUD_LABEL",
      "LENGTH" : "12",
      "NAME" : "EM_CLASSIFICATION",
      "ROLE" : "CLASSIFICATION",
      "TYPE" : "C",
      "VARTYPE" : "char"
    },
    "rowNumber" : 4
  }, {
    "dataMap" : {
      "CREATOR" : "forest",
      "CREATORGUID" : "bda7d9cd-37e4-4ebd-9a63-ec201e6dc546",
      "FORMAT" : "",
      "FUNCTION" : "PREDICT",
      "LABEL" : "Predicted: FRAUD_LABEL=1",
      "LENGTH" : "8",
      "NAME" : "EM_EVENTPROBABILITY",
      "ROLE" : "PREDICT",
      "TYPE" : "N",
      "VARTYPE" : "double"
    },
    "rowNumber" : 5
  }, {
    "dataMap" : {
      "CREATOR" : "forest",
      "CREATORGUID" : "bda7d9cd-37e4-4ebd-9a63-ec201e6dc546",
      "FORMAT" : "",
      "FUNCTION" : "PREDICT",
      "LABEL" : "Probability of Classification",
      "LENGTH" : "8",
      "NAME" : "EM_PROBABILITY",
      "ROLE" : "PREDICT",
      "TYPE" : "N",
      "VARTYPE" : "double"
    },
    "rowNumber" : 6
  }, {
    "dataMap" : {
      "CREATOR" : "impute",
      "CREATORGUID" : "5f867ada-4eb2-4734-9dc0-f3e247f09cae",
      "FORMAT" : "",
      "FUNCTION" : "TRANSFORM",
      "LABEL" : "Imputed Transformed AMOUNT_MCC_DEV",
      "LENGTH" : "8",
      "NAME" : "IMP_INVSQRT_AMOUNT_MCC_DEV",
      "ROLE" : "INPUT",
      "TYPE" : "N",
      "VARTYPE" : "double"
    },
    "rowNumber" : 7
  }, {
    "dataMap" : {
      "CREATOR" : "impute",
      "CREATORGUID" : "5f867ada-4eb2-4734-9dc0-f3e247f09cae",
      "FORMAT" : "",
      "FUNCTION" : "TRANSFORM",
      "LABEL" : "Imputed Transformed AUTH_CARD_ZIP3_DIFF",
      "LENGTH" : "8",
      "NAME" : "IMP_INV_AUTH_CARD_ZIP3_DIFF",
      "ROLE" : "INPUT",
      "TYPE" : "N",
      "VARTYPE" : "double"
    },
    "rowNumber" : 8
  }, {
    "dataMap" : {
      "CREATOR" : "impute",
      "CREATORGUID" : "5f867ada-4eb2-4734-9dc0-f3e247f09cae",
      "FORMAT" : "",
      "FUNCTION" : "TRANSFORM",
      "LABEL" : "Imputed Transformed MCC_RISK",
      "LENGTH" : "8",
      "NAME" : "IMP_INV_MCC_RISK",
      "ROLE" : "INPUT",
      "TYPE" : "N",
      "VARTYPE" : "double"
    },
    "rowNumber" : 9
  }, {
    "dataMap" : {
      "CREATOR" : "impute",
      "CREATORGUID" : "5f867ada-4eb2-4734-9dc0-f3e247f09cae",
      "FORMAT" : "",
      "FUNCTION" : "TRANSFORM",
      "LABEL" : "Imputed Transformed CARD_CRED_LINE",
      "LENGTH" : "8",
      "NAME" : "IMP_SQRT_CARD_CRED_LINE",
      "ROLE" : "INPUT",
      "TYPE" : "N",
      "VARTYPE" : "double"
    },
    "rowNumber" : 10
  }, {
    "dataMap" : {
      "CREATOR" : "transform",
      "CREATORGUID" : "a54cc7d2-33ce-439e-924f-8772f13faf29",
      "FORMAT" : "",
      "FUNCTION" : "TRANSFORM",
      "LABEL" : "Transformed AMOUNT_MCC_DEV",
      "LENGTH" : "8",
      "NAME" : "INVSQRT_AMOUNT_MCC_DEV",
      "ROLE" : "REJECTED",
      "TYPE" : "N",
      "VARTYPE" : "double"
    },
    "rowNumber" : 11
  }, {
    "dataMap" : {
      "CREATOR" : "transform",
      "CREATORGUID" : "a54cc7d2-33ce-439e-924f-8772f13faf29",
      "FORMAT" : "",
      "FUNCTION" : "TRANSFORM",
      "LABEL" : "Transformed daily_count",
      "LENGTH" : "8",
      "NAME" : "INVSQR_daily_count",
      "ROLE" : "INPUT",
      "TYPE" : "N",
      "VARTYPE" : "double"
    },
    "rowNumber" : 12
  }, {
    "dataMap" : {
      "CREATOR" : "transform",
      "CREATORGUID" : "a54cc7d2-33ce-439e-924f-8772f13faf29",
      "FORMAT" : "",
      "FUNCTION" : "TRANSFORM",
      "LABEL" : "Transformed weekly_count",
      "LENGTH" : "8",
      "NAME" : "INVSQR_weekly_count",
      "ROLE" : "INPUT",
      "TYPE" : "N",
      "VARTYPE" : "double"
    },
    "rowNumber" : 13
  }, {
    "dataMap" : {
      "CREATOR" : "transform",
      "CREATORGUID" : "a54cc7d2-33ce-439e-924f-8772f13faf29",
      "FORMAT" : "",
      "FUNCTION" : "TRANSFORM",
      "LABEL" : "Transformed AUTH_CARD_ZIP3_DIFF",
      "LENGTH" : "8",
      "NAME" : "INV_AUTH_CARD_ZIP3_DIFF",
      "ROLE" : "REJECTED",
      "TYPE" : "N",
      "VARTYPE" : "double"
    },
    "rowNumber" : 14
  }, {
    "dataMap" : {
      "CREATOR" : "transform",
      "CREATORGUID" : "a54cc7d2-33ce-439e-924f-8772f13faf29",
      "FORMAT" : "",
      "FUNCTION" : "TRANSFORM",
      "LABEL" : "Transformed MCC_RISK",
      "LENGTH" : "8",
      "NAME" : "INV_MCC_RISK",
      "ROLE" : "REJECTED",
      "TYPE" : "N",
      "VARTYPE" : "double"
    },
    "rowNumber" : 15
  }, {
    "dataMap" : {
      "CREATOR" : "forest",
      "CREATORGUID" : "bda7d9cd-37e4-4ebd-9a63-ec201e6dc546",
      "FORMAT" : "",
      "FUNCTION" : "CLASSIFICATION",
      "LABEL" : "Into: FRAUD_LABEL",
      "LENGTH" : "32",
      "NAME" : "I_FRAUD_LABEL",
      "ROLE" : "CLASSIFICATION",
      "TYPE" : "C",
      "VARTYPE" : "char"
    },
    "rowNumber" : 16
  }, {
    "dataMap" : {
      "CREATOR" : "transform",
      "CREATORGUID" : "a54cc7d2-33ce-439e-924f-8772f13faf29",
      "FORMAT" : "",
      "FUNCTION" : "TRANSFORM",
      "LABEL" : "Transformed AUTH_AMOUNT",
      "LENGTH" : "8",
      "NAME" : "LOG_AUTH_AMOUNT",
      "ROLE" : "INPUT",
      "TYPE" : "N",
      "VARTYPE" : "double"
    },
    "rowNumber" : 17
  }, {
    "dataMap" : {
      "CREATOR" : "transform",
      "CREATORGUID" : "a54cc7d2-33ce-439e-924f-8772f13faf29",
      "FORMAT" : "",
      "FUNCTION" : "TRANSFORM",
      "LABEL" : "Transformed AUTH_AVAIL_CREDIT",
      "LENGTH" : "8",
      "NAME" : "LOG_AUTH_AVAIL_CREDIT",
      "ROLE" : "INPUT",
      "TYPE" : "N",
      "VARTYPE" : "double"
    },
    "rowNumber" : 18
  }, {
    "dataMap" : {
      "CREATOR" : "transform",
      "CREATORGUID" : "a54cc7d2-33ce-439e-924f-8772f13faf29",
      "FORMAT" : "",
      "FUNCTION" : "TRANSFORM",
      "LABEL" : "Transformed daily_sum",
      "LENGTH" : "8",
      "NAME" : "LOG_daily_sum",
      "ROLE" : "INPUT",
      "TYPE" : "N",
      "VARTYPE" : "double"
    },
    "rowNumber" : 19
  }, {
    "dataMap" : {
      "CREATOR" : "transform",
      "CREATORGUID" : "a54cc7d2-33ce-439e-924f-8772f13faf29",
      "FORMAT" : "",
      "FUNCTION" : "TRANSFORM",
      "LABEL" : "Transformed weekly_sum",
      "LENGTH" : "8",
      "NAME" : "LOG_weekly_sum",
      "ROLE" : "INPUT",
      "TYPE" : "N",
      "VARTYPE" : "double"
    },
    "rowNumber" : 20
  }, {
    "dataMap" : {
      "CREATOR" : "impute",
      "CREATORGUID" : "5f867ada-4eb2-4734-9dc0-f3e247f09cae",
      "FORMAT" : "",
      "FUNCTION" : "TRANSFORM",
      "LABEL" : "Missing Indicator for AUTH_CURR_RATE",
      "LENGTH" : "8",
      "NAME" : "M_AUTH_CURR_RATE",
      "ROLE" : "INPUT",
      "TYPE" : "N",
      "VARTYPE" : "double"
    },
    "rowNumber" : 21
  }, {
    "dataMap" : {
      "CREATOR" : "impute",
      "CREATORGUID" : "5f867ada-4eb2-4734-9dc0-f3e247f09cae",
      "FORMAT" : "",
      "FUNCTION" : "TRANSFORM",
      "LABEL" : "Missing Indicator for CARD_USE",
      "LENGTH" : "8",
      "NAME" : "M_CARD_USE",
      "ROLE" : "INPUT",
      "TYPE" : "N",
      "VARTYPE" : "double"
    },
    "rowNumber" : 22
  }, {
    "dataMap" : {
      "CREATOR" : "impute",
      "CREATORGUID" : "5f867ada-4eb2-4734-9dc0-f3e247f09cae",
      "FORMAT" : "",
      "FUNCTION" : "TRANSFORM",
      "LABEL" : "Missing Indicator for INVSQRT_AMOUNT_MCC_DEV",
      "LENGTH" : "8",
      "NAME" : "M_INVSQRT_AMOUNT_MCC_DEV",
      "ROLE" : "INPUT",
      "TYPE" : "N",
      "VARTYPE" : "double"
    },
    "rowNumber" : 23
  }, {
    "dataMap" : {
      "CREATOR" : "impute",
      "CREATORGUID" : "5f867ada-4eb2-4734-9dc0-f3e247f09cae",
      "FORMAT" : "",
      "FUNCTION" : "TRANSFORM",
      "LABEL" : "Missing Indicator for INV_AUTH_CARD_ZIP3_DIFF",
      "LENGTH" : "8",
      "NAME" : "M_INV_AUTH_CARD_ZIP3_DIFF",
      "ROLE" : "INPUT",
      "TYPE" : "N",
      "VARTYPE" : "double"
    },
    "rowNumber" : 24
  }, {
    "dataMap" : {
      "CREATOR" : "impute",
      "CREATORGUID" : "5f867ada-4eb2-4734-9dc0-f3e247f09cae",
      "FORMAT" : "",
      "FUNCTION" : "TRANSFORM",
      "LABEL" : "Missing Indicator for INV_MCC_RISK",
      "LENGTH" : "8",
      "NAME" : "M_INV_MCC_RISK",
      "ROLE" : "INPUT",
      "TYPE" : "N",
      "VARTYPE" : "double"
    },
    "rowNumber" : 25
  }, {
    "dataMap" : {
      "CREATOR" : "impute",
      "CREATORGUID" : "5f867ada-4eb2-4734-9dc0-f3e247f09cae",
      "FORMAT" : "",
      "FUNCTION" : "TRANSFORM",
      "LABEL" : "Missing Indicator for SQRT_CARD_CRED_LINE",
      "LENGTH" : "8",
      "NAME" : "M_SQRT_CARD_CRED_LINE",
      "ROLE" : "INPUT",
      "TYPE" : "N",
      "VARTYPE" : "double"
    },
    "rowNumber" : 26
  }, {
    "dataMap" : {
      "CREATOR" : "forest",
      "CREATORGUID" : "bda7d9cd-37e4-4ebd-9a63-ec201e6dc546",
      "FORMAT" : "",
      "FUNCTION" : "PREDICT",
      "LABEL" : "Predicted: FRAUD_LABEL=1",
      "LENGTH" : "8",
      "NAME" : "P_FRAUD_LABEL1",
      "ROLE" : "PREDICT",
      "TYPE" : "N",
      "VARTYPE" : "double"
    },
    "rowNumber" : 27
  }, {
    "dataMap" : {
      "CREATOR" : "forest",
      "CREATORGUID" : "bda7d9cd-37e4-4ebd-9a63-ec201e6dc546",
      "FORMAT" : "",
      "FUNCTION" : "PREDICT",
      "LABEL" : "Predicted: FRAUD_LABEL=-1",
      "LENGTH" : "8",
      "NAME" : "P_FRAUD_LABEL_1",
      "ROLE" : "PREDICT",
      "TYPE" : "N",
      "VARTYPE" : "double"
    },
    "rowNumber" : 28
  }, {
    "dataMap" : {
      "CREATOR" : "transform",
      "CREATORGUID" : "a54cc7d2-33ce-439e-924f-8772f13faf29",
      "FORMAT" : "",
      "FUNCTION" : "TRANSFORM",
      "LABEL" : "Transformed AUTH_CRED_LINE",
      "LENGTH" : "8",
      "NAME" : "SQRT_AUTH_CRED_LINE",
      "ROLE" : "INPUT",
      "TYPE" : "N",
      "VARTYPE" : "double"
    },
    "rowNumber" : 29
  }, {
    "dataMap" : {
      "CREATOR" : "transform",
      "CREATORGUID" : "a54cc7d2-33ce-439e-924f-8772f13faf29",
      "FORMAT" : "",
      "FUNCTION" : "TRANSFORM",
      "LABEL" : "Transformed CARD_CRED_LINE",
      "LENGTH" : "8",
      "NAME" : "SQRT_CARD_CRED_LINE",
      "ROLE" : "REJECTED",
      "TYPE" : "N",
      "VARTYPE" : "double"
    },
    "rowNumber" : 30
  }, {
    "dataMap" : {
      "CREATOR" : "transform",
      "CREATORGUID" : "d78a1583-beaa-46be-9562-ce04ce52b6b4",
      "FORMAT" : "",
      "FUNCTION" : "TRANSFORM",
      "LABEL" : "Transformed AUTH_CVV",
      "LENGTH" : "8",
      "NAME" : "TARGENC_AUTH_CVV",
      "ROLE" : "INPUT",
      "TYPE" : "N",
      "VARTYPE" : "double"
    },
    "rowNumber" : 31
  }, {
    "dataMap" : {
      "CREATOR" : "transform",
      "CREATORGUID" : "d78a1583-beaa-46be-9562-ce04ce52b6b4",
      "FORMAT" : "",
      "FUNCTION" : "TRANSFORM",
      "LABEL" : "Transformed AUTH_KEY_SWIPE",
      "LENGTH" : "8",
      "NAME" : "TARGENC_AUTH_KEY_SWIPE",
      "ROLE" : "INPUT",
      "TYPE" : "N",
      "VARTYPE" : "double"
    },
    "rowNumber" : 32
  }, {
    "dataMap" : {
      "CREATOR" : "transform",
      "CREATORGUID" : "d78a1583-beaa-46be-9562-ce04ce52b6b4",
      "FORMAT" : "",
      "FUNCTION" : "TRANSFORM",
      "LABEL" : "Transformed AUTH_PIN_VER",
      "LENGTH" : "8",
      "NAME" : "TARGENC_AUTH_PIN_VER",
      "ROLE" : "INPUT",
      "TYPE" : "N",
      "VARTYPE" : "double"
    },
    "rowNumber" : 33
  }, {
    "dataMap" : {
      "CREATOR" : "transform",
      "CREATORGUID" : "d78a1583-beaa-46be-9562-ce04ce52b6b4",
      "FORMAT" : "",
      "FUNCTION" : "TRANSFORM",
      "LABEL" : "Transformed Transformed AUTH_ADVICE",
      "LENGTH" : "8",
      "NAME" : "TARGENC_BIN_AUTH_ADVICE",
      "ROLE" : "INPUT",
      "TYPE" : "N",
      "VARTYPE" : "double"
    },
    "rowNumber" : 34
  }, {
    "dataMap" : {
      "CREATOR" : "transform",
      "CREATORGUID" : "d78a1583-beaa-46be-9562-ce04ce52b6b4",
      "FORMAT" : "",
      "FUNCTION" : "TRANSFORM",
      "LABEL" : "Transformed Transformed AUTH_TRAN_TYPE",
      "LENGTH" : "8",
      "NAME" : "TARGENC_BIN_AUTH_TRAN_TYPE",
      "ROLE" : "INPUT",
      "TYPE" : "N",
      "VARTYPE" : "double"
    },
    "rowNumber" : 35
  }, {
    "dataMap" : {
      "CREATOR" : "transform",
      "CREATORGUID" : "d78a1583-beaa-46be-9562-ce04ce52b6b4",
      "FORMAT" : "",
      "FUNCTION" : "TRANSFORM",
      "LABEL" : "Transformed Transformed CARD_NUM_CARDS",
      "LENGTH" : "8",
      "NAME" : "TARGENC_BIN_CARD_NUM_CARDS",
      "ROLE" : "INPUT",
      "TYPE" : "N",
      "VARTYPE" : "double"
    },
    "rowNumber" : 36
  }, {
    "dataMap" : {
      "CREATOR" : "transform",
      "CREATORGUID" : "d78a1583-beaa-46be-9562-ce04ce52b6b4",
      "FORMAT" : "",
      "FUNCTION" : "TRANSFORM",
      "LABEL" : "Transformed CARD_TYPE",
      "LENGTH" : "8",
      "NAME" : "TARGENC_CARD_TYPE",
      "ROLE" : "INPUT",
      "TYPE" : "N",
      "VARTYPE" : "double"
    },
    "rowNumber" : 37
  }, {
    "dataMap" : {
      "CREATOR" : "transform",
      "CREATORGUID" : "d78a1583-beaa-46be-9562-ce04ce52b6b4",
      "FORMAT" : "",
      "FUNCTION" : "TRANSFORM",
      "LABEL" : "Transformed sev_2500_to_5000",
      "LENGTH" : "8",
      "NAME" : "TARGENC_sev_2500_to_5000",
      "ROLE" : "INPUT",
      "TYPE" : "N",
      "VARTYPE" : "double"
    },
    "rowNumber" : 38
  }, {
    "dataMap" : {
      "CREATOR" : "transform",
      "CREATORGUID" : "d78a1583-beaa-46be-9562-ce04ce52b6b4",
      "FORMAT" : "",
      "FUNCTION" : "TRANSFORM",
      "LABEL" : "Transformed sev_ge_5000",
      "LENGTH" : "8",
      "NAME" : "TARGENC_sev_ge_5000",
      "ROLE" : "INPUT",
      "TYPE" : "N",
      "VARTYPE" : "double"
    },
    "rowNumber" : 39
  }, {
    "dataMap" : {
      "CREATOR" : "forest",
      "CREATORGUID" : "bda7d9cd-37e4-4ebd-9a63-ec201e6dc546",
      "FORMAT" : "",
      "FUNCTION" : "PREDICT",
      "LABEL" : "",
      "LENGTH" : "8",
      "NAME" : "_P_",
      "ROLE" : "ASSESS",
      "TYPE" : "N",
      "VARTYPE" : "double"
    },
    "rowNumber" : 40
  }, {
    "dataMap" : {
      "CREATOR" : "forest",
      "CREATORGUID" : "bda7d9cd-37e4-4ebd-9a63-ec201e6dc546",
      "FORMAT" : "",
      "FUNCTION" : "ASSESS",
      "LABEL" : "Warnings",
      "LENGTH" : "4",
      "NAME" : "_WARN_",
      "ROLE" : "ASSESS",
      "TYPE" : "C",
      "VARTYPE" : "char"
    },
    "rowNumber" : 41
  } ],
  "xInteger" : false,
  "yInteger" : false
}