{
  "creationTimeStamp" : "0001-01-01T00:00:00Z",
  "modifiedTimeStamp" : "0001-01-01T00:00:00Z",
  "revision" : 0,
  "name" : "dmcas_misc",
  "version" : 0,
  "order" : 0,
  "parameterMap" : {
    "CorrectText" : {
      "label" : "Status",
      "length" : 12,
      "order" : 8,
      "parameter" : "CorrectText",
      "preformatted" : false,
      "type" : "char",
      "values" : [ "CorrectText" ]
    },
    "Outcome" : {
      "label" : "Predicted Outcome",
      "length" : 256,
      "order" : 6,
      "parameter" : "Outcome",
      "preformatted" : false,
      "type" : "char",
      "values" : [ "Outcome" ]
    },
    "OutcomeText" : {
      "label" : "Predicted Outcome (Event/NonEvent)",
      "length" : 12,
      "order" : 7,
      "parameter" : "OutcomeText",
      "preformatted" : false,
      "type" : "char",
      "values" : [ "OutcomeText" ]
    },
    "Target" : {
      "label" : "Target",
      "length" : 256,
      "order" : 4,
      "parameter" : "Target",
      "preformatted" : false,
      "type" : "char",
      "values" : [ "Target" ]
    },
    "TargetText" : {
      "label" : "Target (Event/NonEvent)",
      "length" : 12,
      "order" : 5,
      "parameter" : "TargetText",
      "preformatted" : false,
      "type" : "char",
      "values" : [ "TargetText" ]
    },
    "_Count_" : {
      "label" : "Count",
      "length" : 8,
      "order" : 10,
      "parameter" : "_Count_",
      "preformatted" : false,
      "type" : "num",
      "values" : [ "_Count_" ]
    },
    "_DataRole_" : {
      "label" : "Data Role",
      "length" : 10,
      "order" : 11,
      "parameter" : "_DataRole_",
      "preformatted" : false,
      "type" : "char",
      "values" : [ "_DataRole_" ]
    },
    "_Percent_" : {
      "label" : "Percent",
      "length" : 8,
      "order" : 9,
      "parameter" : "_Percent_",
      "preformatted" : false,
      "type" : "num",
      "values" : [ "_Percent_" ]
    },
    "_TargetName_" : {
      "label" : "Target Name",
      "length" : 11,
      "order" : 1,
      "parameter" : "_TargetName_",
      "preformatted" : false,
      "type" : "char",
      "values" : [ "_TargetName_" ]
    },
    "_cutoffSource_" : {
      "label" : "Cutoff Source",
      "length" : 8,
      "order" : 3,
      "parameter" : "_cutoffSource_",
      "preformatted" : false,
      "type" : "char",
      "values" : [ "_cutoffSource_" ]
    },
    "_cutoff_" : {
      "label" : "Cutoff",
      "length" : 8,
      "order" : 2,
      "parameter" : "_cutoff_",
      "preformatted" : false,
      "type" : "num",
      "values" : [ "_cutoff_" ]
    }
  },
  "data" : [ {
    "dataMap" : {
      "CorrectText" : "Correct",
      "Outcome" : "           1",
      "OutcomeText" : "Event",
      "Target" : "           1",
      "TargetText" : "Event",
      "_Count_" : "1731",
      "_DataRole_" : "TEST",
      "_Percent_" : "83.2611832612",
      "_TargetName_" : "FRAUD_LABEL",
      "_cutoffSource_" : "KS",
      "_cutoff_" : "0.1"
    },
    "rowNumber" : 1
  }, {
    "dataMap" : {
      "CorrectText" : "Incorrect",
      "Outcome" : "          -1",
      "OutcomeText" : "NEvent",
      "Target" : "           1",
      "TargetText" : "Event",
      "_Count_" : "348",
      "_DataRole_" : "TEST",
      "_Percent_" : "16.7388167388",
      "_TargetName_" : "FRAUD_LABEL",
      "_cutoffSource_" : "KS",
      "_cutoff_" : "0.1"
    },
    "rowNumber" : 2
  }, {
    "dataMap" : {
      "CorrectText" : "Correct",
      "Outcome" : "          -1",
      "OutcomeText" : "NEvent",
      "Target" : "          -1",
      "TargetText" : "NEvent",
      "_Count_" : "15001",
      "_DataRole_" : "TEST",
      "_Percent_" : "82.947193807",
      "_TargetName_" : "FRAUD_LABEL",
      "_cutoffSource_" : "KS",
      "_cutoff_" : "0.1"
    },
    "rowNumber" : 3
  }, {
    "dataMap" : {
      "CorrectText" : "Incorrect",
      "Outcome" : "           1",
      "OutcomeText" : "Event",
      "Target" : "          -1",
      "TargetText" : "NEvent",
      "_Count_" : "3084",
      "_DataRole_" : "TEST",
      "_Percent_" : "17.052806193",
      "_TargetName_" : "FRAUD_LABEL",
      "_cutoffSource_" : "KS",
      "_cutoff_" : "0.1"
    },
    "rowNumber" : 4
  }, {
    "dataMap" : {
      "CorrectText" : "Correct",
      "Outcome" : "           1",
      "OutcomeText" : "Event",
      "Target" : "           1",
      "TargetText" : "Event",
      "_Count_" : "912",
      "_DataRole_" : "TEST",
      "_Percent_" : "43.8672438672",
      "_TargetName_" : "FRAUD_LABEL",
      "_cutoffSource_" : "Default",
      "_cutoff_" : "0.5"
    },
    "rowNumber" : 5
  }, {
    "dataMap" : {
      "CorrectText" : "Incorrect",
      "Outcome" : "          -1",
      "OutcomeText" : "NEvent",
      "Target" : "           1",
      "TargetText" : "Event",
      "_Count_" : "1167",
      "_DataRole_" : "TEST",
      "_Percent_" : "56.1327561328",
      "_TargetName_" : "FRAUD_LABEL",
      "_cutoffSource_" : "Default",
      "_cutoff_" : "0.5"
    },
    "rowNumber" : 6
  }, {
    "dataMap" : {
      "CorrectText" : "Correct",
      "Outcome" : "          -1",
      "OutcomeText" : "NEvent",
      "Target" : "          -1",
      "TargetText" : "NEvent",
      "_Count_" : "17951",
      "_DataRole_" : "TEST",
      "_Percent_" : "99.259054465",
      "_TargetName_" : "FRAUD_LABEL",
      "_cutoffSource_" : "Default",
      "_cutoff_" : "0.5"
    },
    "rowNumber" : 7
  }, {
    "dataMap" : {
      "CorrectText" : "Incorrect",
      "Outcome" : "           1",
      "OutcomeText" : "Event",
      "Target" : "          -1",
      "TargetText" : "NEvent",
      "_Count_" : "134",
      "_DataRole_" : "TEST",
      "_Percent_" : "0.740945534974",
      "_TargetName_" : "FRAUD_LABEL",
      "_cutoffSource_" : "Default",
      "_cutoff_" : "0.5"
    },
    "rowNumber" : 8
  }, {
    "dataMap" : {
      "CorrectText" : "Correct",
      "Outcome" : "           1",
      "OutcomeText" : "Event",
      "Target" : "           1",
      "TargetText" : "Event",
      "_Count_" : "10248",
      "_DataRole_" : "TRAIN",
      "_Percent_" : "82.1351286367",
      "_TargetName_" : "FRAUD_LABEL",
      "_cutoffSource_" : "KS",
      "_cutoff_" : "0.12"
    },
    "rowNumber" : 9
  }, {
    "dataMap" : {
      "CorrectText" : "Incorrect",
      "Outcome" : "          -1",
      "OutcomeText" : "NEvent",
      "Target" : "           1",
      "TargetText" : "Event",
      "_Count_" : "2229",
      "_DataRole_" : "TRAIN",
      "_Percent_" : "17.8648713633",
      "_TargetName_" : "FRAUD_LABEL",
      "_cutoffSource_" : "KS",
      "_cutoff_" : "0.12"
    },
    "rowNumber" : 10
  }, {
    "dataMap" : {
      "CorrectText" : "Correct",
      "Outcome" : "          -1",
      "OutcomeText" : "NEvent",
      "Target" : "          -1",
      "TargetText" : "NEvent",
      "_Count_" : "94491",
      "_DataRole_" : "TRAIN",
      "_Percent_" : "87.0780459484",
      "_TargetName_" : "FRAUD_LABEL",
      "_cutoffSource_" : "KS",
      "_cutoff_" : "0.12"
    },
    "rowNumber" : 11
  }, {
    "dataMap" : {
      "CorrectText" : "Incorrect",
      "Outcome" : "           1",
      "OutcomeText" : "Event",
      "Target" : "          -1",
      "TargetText" : "NEvent",
      "_Count_" : "14022",
      "_DataRole_" : "TRAIN",
      "_Percent_" : "12.9219540516",
      "_TargetName_" : "FRAUD_LABEL",
      "_cutoffSource_" : "KS",
      "_cutoff_" : "0.12"
    },
    "rowNumber" : 12
  }, {
    "dataMap" : {
      "CorrectText" : "Correct",
      "Outcome" : "           1",
      "OutcomeText" : "Event",
      "Target" : "           1",
      "TargetText" : "Event",
      "_Count_" : "6087",
      "_DataRole_" : "TRAIN",
      "_Percent_" : "48.7857658091",
      "_TargetName_" : "FRAUD_LABEL",
      "_cutoffSource_" : "Default",
      "_cutoff_" : "0.5"
    },
    "rowNumber" : 13
  }, {
    "dataMap" : {
      "CorrectText" : "Incorrect",
      "Outcome" : "          -1",
      "OutcomeText" : "NEvent",
      "Target" : "           1",
      "TargetText" : "Event",
      "_Count_" : "6390",
      "_DataRole_" : "TRAIN",
      "_Percent_" : "51.2142341909",
      "_TargetName_" : "FRAUD_LABEL",
      "_cutoffSource_" : "Default",
      "_cutoff_" : "0.5"
    },
    "rowNumber" : 14
  }, {
    "dataMap" : {
      "CorrectText" : "Correct",
      "Outcome" : "          -1",
      "OutcomeText" : "NEvent",
      "Target" : "          -1",
      "TargetText" : "NEvent",
      "_Count_" : "108063",
      "_DataRole_" : "TRAIN",
      "_Percent_" : "99.5853031434",
      "_TargetName_" : "FRAUD_LABEL",
      "_cutoffSource_" : "Default",
      "_cutoff_" : "0.5"
    },
    "rowNumber" : 15
  }, {
    "dataMap" : {
      "CorrectText" : "Incorrect",
      "Outcome" : "           1",
      "OutcomeText" : "Event",
      "Target" : "          -1",
      "TargetText" : "NEvent",
      "_Count_" : "450",
      "_DataRole_" : "TRAIN",
      "_Percent_" : "0.414696856598",
      "_TargetName_" : "FRAUD_LABEL",
      "_cutoffSource_" : "Default",
      "_cutoff_" : "0.5"
    },
    "rowNumber" : 16
  }, {
    "dataMap" : {
      "CorrectText" : "Correct",
      "Outcome" : "           1",
      "OutcomeText" : "Event",
      "Target" : "           1",
      "TargetText" : "Event",
      "_Count_" : "5009",
      "_DataRole_" : "VALIDATE",
      "_Percent_" : "80.2853021318",
      "_TargetName_" : "FRAUD_LABEL",
      "_cutoffSource_" : "KS",
      "_cutoff_" : "0.11"
    },
    "rowNumber" : 17
  }, {
    "dataMap" : {
      "CorrectText" : "Incorrect",
      "Outcome" : "          -1",
      "OutcomeText" : "NEvent",
      "Target" : "           1",
      "TargetText" : "Event",
      "_Count_" : "1230",
      "_DataRole_" : "VALIDATE",
      "_Percent_" : "19.7146978682",
      "_TargetName_" : "FRAUD_LABEL",
      "_cutoffSource_" : "KS",
      "_cutoff_" : "0.11"
    },
    "rowNumber" : 18
  }, {
    "dataMap" : {
      "CorrectText" : "Correct",
      "Outcome" : "          -1",
      "OutcomeText" : "NEvent",
      "Target" : "          -1",
      "TargetText" : "NEvent",
      "_Count_" : "45846",
      "_DataRole_" : "VALIDATE",
      "_Percent_" : "84.4978528116",
      "_TargetName_" : "FRAUD_LABEL",
      "_cutoffSource_" : "KS",
      "_cutoff_" : "0.11"
    },
    "rowNumber" : 19
  }, {
    "dataMap" : {
      "CorrectText" : "Incorrect",
      "Outcome" : "           1",
      "OutcomeText" : "Event",
      "Target" : "          -1",
      "TargetText" : "NEvent",
      "_Count_" : "8411",
      "_DataRole_" : "VALIDATE",
      "_Percent_" : "15.5021471884",
      "_TargetName_" : "FRAUD_LABEL",
      "_cutoffSource_" : "KS",
      "_cutoff_" : "0.11"
    },
    "rowNumber" : 20
  }, {
    "dataMap" : {
      "CorrectText" : "Correct",
      "Outcome" : "           1",
      "OutcomeText" : "Event",
      "Target" : "           1",
      "TargetText" : "Event",
      "_Count_" : "2758",
      "_DataRole_" : "VALIDATE",
      "_Percent_" : "44.2058022119",
      "_TargetName_" : "FRAUD_LABEL",
      "_cutoffSource_" : "Default",
      "_cutoff_" : "0.5"
    },
    "rowNumber" : 21
  }, {
    "dataMap" : {
      "CorrectText" : "Incorrect",
      "Outcome" : "          -1",
      "OutcomeText" : "NEvent",
      "Target" : "           1",
      "TargetText" : "Event",
      "_Count_" : "3481",
      "_DataRole_" : "VALIDATE",
      "_Percent_" : "55.7941977881",
      "_TargetName_" : "FRAUD_LABEL",
      "_cutoffSource_" : "Default",
      "_cutoff_" : "0.5"
    },
    "rowNumber" : 22
  }, {
    "dataMap" : {
      "CorrectText" : "Correct",
      "Outcome" : "          -1",
      "OutcomeText" : "NEvent",
      "Target" : "          -1",
      "TargetText" : "NEvent",
      "_Count_" : "53868",
      "_DataRole_" : "VALIDATE",
      "_Percent_" : "99.2830418195",
      "_TargetName_" : "FRAUD_LABEL",
      "_cutoffSource_" : "Default",
      "_cutoff_" : "0.5"
    },
    "rowNumber" : 23
  }, {
    "dataMap" : {
      "CorrectText" : "Incorrect",
      "Outcome" : "           1",
      "OutcomeText" : "Event",
      "Target" : "          -1",
      "TargetText" : "NEvent",
      "_Count_" : "389",
      "_DataRole_" : "VALIDATE",
      "_Percent_" : "0.716958180511",
      "_TargetName_" : "FRAUD_LABEL",
      "_cutoffSource_" : "Default",
      "_cutoff_" : "0.5"
    },
    "rowNumber" : 24
  } ],
  "xInteger" : false,
  "yInteger" : false
}