{
  "creationTimeStamp" : "0001-01-01T00:00:00Z",
  "modifiedTimeStamp" : "0001-01-01T00:00:00Z",
  "revision" : 0,
  "name" : "dmcas_properties",
  "version" : 0,
  "order" : 0,
  "parameterMap" : {
    "propertyName" : {
      "label" : "Property Name",
      "length" : 256,
      "parameter" : "propertyName",
      "preformatted" : false,
      "type" : "undefined",
      "values" : [ "propertyName" ]
    },
    "propertyValue" : {
      "label" : "Property Value",
      "length" : 256,
      "parameter" : "propertyValue",
      "preformatted" : false,
      "type" : "undefined",
      "values" : [ "propertyValue" ]
    }
  },
  "data" : [ {
    "dataMap" : {
      "propertyName" : "atAppendLookup",
      "propertyValue" : "false"
    },
    "rowNumber" : 1
  }, {
    "dataMap" : {
      "propertyName" : "atCreateHistory",
      "propertyValue" : "false"
    },
    "rowNumber" : 2
  }, {
    "dataMap" : {
      "propertyName" : "atHistoryLibUri",
      "propertyValue" : ""
    },
    "rowNumber" : 3
  }, {
    "dataMap" : {
      "propertyName" : "atHistoryTblName",
      "propertyValue" : ""
    },
    "rowNumber" : 4
  }, {
    "dataMap" : {
      "propertyName" : "atLeaveAutotuneOn",
      "propertyValue" : "false"
    },
    "rowNumber" : 5
  }, {
    "dataMap" : {
      "propertyName" : "atLookupTableUri",
      "propertyValue" : ""
    },
    "rowNumber" : 6
  }, {
    "dataMap" : {
      "propertyName" : "atMaxBayes",
      "propertyValue" : "100"
    },
    "rowNumber" : 7
  }, {
    "dataMap" : {
      "propertyName" : "atMaxEval",
      "propertyValue" : "50"
    },
    "rowNumber" : 8
  }, {
    "dataMap" : {
      "propertyName" : "atMaxIter",
      "propertyValue" : "5"
    },
    "rowNumber" : 9
  }, {
    "dataMap" : {
      "propertyName" : "atMaxTime",
      "propertyValue" : "60"
    },
    "rowNumber" : 10
  }, {
    "dataMap" : {
      "propertyName" : "atObjectiveInt",
      "propertyValue" : "ASE"
    },
    "rowNumber" : 11
  }, {
    "dataMap" : {
      "propertyName" : "atObjectiveNom",
      "propertyValue" : "KS"
    },
    "rowNumber" : 12
  }, {
    "dataMap" : {
      "propertyName" : "atPopSize",
      "propertyValue" : "10"
    },
    "rowNumber" : 13
  }, {
    "dataMap" : {
      "propertyName" : "atSampleSize",
      "propertyValue" : "50"
    },
    "rowNumber" : 14
  }, {
    "dataMap" : {
      "propertyName" : "atSearchMethod",
      "propertyValue" : "GA"
    },
    "rowNumber" : 15
  }, {
    "dataMap" : {
      "propertyName" : "atTrainProp",
      "propertyValue" : "0.7"
    },
    "rowNumber" : 16
  }, {
    "dataMap" : {
      "propertyName" : "atUpdateProperties",
      "propertyValue" : "false"
    },
    "rowNumber" : 17
  }, {
    "dataMap" : {
      "propertyName" : "atUseLookup",
      "propertyValue" : "false"
    },
    "rowNumber" : 18
  }, {
    "dataMap" : {
      "propertyName" : "atValidFold",
      "propertyValue" : "5"
    },
    "rowNumber" : 19
  }, {
    "dataMap" : {
      "propertyName" : "atValidMethod",
      "propertyValue" : "PARTITION"
    },
    "rowNumber" : 20
  }, {
    "dataMap" : {
      "propertyName" : "atValidProp",
      "propertyValue" : "0.3"
    },
    "rowNumber" : 21
  }, {
    "dataMap" : {
      "propertyName" : "atintervalBins",
      "propertyValue" : "true"
    },
    "rowNumber" : 22
  }, {
    "dataMap" : {
      "propertyName" : "atintervalBinsInit",
      "propertyValue" : "50"
    },
    "rowNumber" : 23
  }, {
    "dataMap" : {
      "propertyName" : "atintervalBinsLB",
      "propertyValue" : "20"
    },
    "rowNumber" : 24
  }, {
    "dataMap" : {
      "propertyName" : "atintervalBinsUB",
      "propertyValue" : "100"
    },
    "rowNumber" : 25
  }, {
    "dataMap" : {
      "propertyName" : "atleafSize",
      "propertyValue" : "false"
    },
    "rowNumber" : 26
  }, {
    "dataMap" : {
      "propertyName" : "atleafSizeInit",
      "propertyValue" : "5"
    },
    "rowNumber" : 27
  }, {
    "dataMap" : {
      "propertyName" : "atleafSizeLB",
      "propertyValue" : "1"
    },
    "rowNumber" : 28
  }, {
    "dataMap" : {
      "propertyName" : "atleafSizeUB",
      "propertyValue" : "100"
    },
    "rowNumber" : 29
  }, {
    "dataMap" : {
      "propertyName" : "atmaxDepth",
      "propertyValue" : "true"
    },
    "rowNumber" : 30
  }, {
    "dataMap" : {
      "propertyName" : "atmaxDepthInit",
      "propertyValue" : "20"
    },
    "rowNumber" : 31
  }, {
    "dataMap" : {
      "propertyName" : "atmaxDepthLB",
      "propertyValue" : "1"
    },
    "rowNumber" : 32
  }, {
    "dataMap" : {
      "propertyName" : "atmaxDepthUB",
      "propertyValue" : "29"
    },
    "rowNumber" : 33
  }, {
    "dataMap" : {
      "propertyName" : "atmaxTrees",
      "propertyValue" : "true"
    },
    "rowNumber" : 34
  }, {
    "dataMap" : {
      "propertyName" : "atmaxTreesInit",
      "propertyValue" : "100"
    },
    "rowNumber" : 35
  }, {
    "dataMap" : {
      "propertyName" : "atmaxTreesLB",
      "propertyValue" : "20"
    },
    "rowNumber" : 36
  }, {
    "dataMap" : {
      "propertyName" : "atmaxTreesUB",
      "propertyValue" : "150"
    },
    "rowNumber" : 37
  }, {
    "dataMap" : {
      "propertyName" : "attrainFraction",
      "propertyValue" : "true"
    },
    "rowNumber" : 38
  }, {
    "dataMap" : {
      "propertyName" : "attrainFractionInit",
      "propertyValue" : "0.6"
    },
    "rowNumber" : 39
  }, {
    "dataMap" : {
      "propertyName" : "attrainFractionLB",
      "propertyValue" : "0.1"
    },
    "rowNumber" : 40
  }, {
    "dataMap" : {
      "propertyName" : "attrainFractionUB",
      "propertyValue" : "0.9"
    },
    "rowNumber" : 41
  }, {
    "dataMap" : {
      "propertyName" : "atvarsToTry",
      "propertyValue" : "true"
    },
    "rowNumber" : 42
  }, {
    "dataMap" : {
      "propertyName" : "atvarsToTryInit",
      "propertyValue" : "100"
    },
    "rowNumber" : 43
  }, {
    "dataMap" : {
      "propertyName" : "atvarsToTryLB",
      "propertyValue" : "1"
    },
    "rowNumber" : 44
  }, {
    "dataMap" : {
      "propertyName" : "atvarsToTryUB",
      "propertyValue" : "100"
    },
    "rowNumber" : 45
  }, {
    "dataMap" : {
      "propertyName" : "autotune_enabled",
      "propertyValue" : "false"
    },
    "rowNumber" : 46
  }, {
    "dataMap" : {
      "propertyName" : "binaryProbCutoff",
      "propertyValue" : "0.5"
    },
    "rowNumber" : 47
  }, {
    "dataMap" : {
      "propertyName" : "codeLocation",
      "propertyValue" : "mlearning"
    },
    "rowNumber" : 48
  }, {
    "dataMap" : {
      "propertyName" : "criterionMethod",
      "propertyValue" : "IGR"
    },
    "rowNumber" : 49
  }, {
    "dataMap" : {
      "propertyName" : "dataMiningVersion",
      "propertyValue" : "V2021.2.5"
    },
    "rowNumber" : 50
  }, {
    "dataMap" : {
      "propertyName" : "defaultVarsPerTree",
      "propertyValue" : "true"
    },
    "rowNumber" : 51
  }, {
    "dataMap" : {
      "propertyName" : "exactPctlLift",
      "propertyValue" : "true"
    },
    "rowNumber" : 52
  }, {
    "dataMap" : {
      "propertyName" : "explainFidelity",
      "propertyValue" : "false"
    },
    "rowNumber" : 53
  }, {
    "dataMap" : {
      "propertyName" : "explainInfo",
      "propertyValue" : "false"
    },
    "rowNumber" : 54
  }, {
    "dataMap" : {
      "propertyName" : "fullDatasetReconstitution",
      "propertyValue" : "false"
    },
    "rowNumber" : 55
  }, {
    "dataMap" : {
      "propertyName" : "iCriterionMethod",
      "propertyValue" : "VARIANCE"
    },
    "rowNumber" : 56
  }, {
    "dataMap" : {
      "propertyName" : "icePlots",
      "propertyValue" : "false"
    },
    "rowNumber" : 57
  }, {
    "dataMap" : {
      "propertyName" : "intBinMethod",
      "propertyValue" : "QUANTILE"
    },
    "rowNumber" : 58
  }, {
    "dataMap" : {
      "propertyName" : "intervalBins",
      "propertyValue" : "50"
    },
    "rowNumber" : 59
  }, {
    "dataMap" : {
      "propertyName" : "leafProp",
      "propertyValue" : "5.0E-5"
    },
    "rowNumber" : 60
  }, {
    "dataMap" : {
      "propertyName" : "leafSize",
      "propertyValue" : "5"
    },
    "rowNumber" : 61
  }, {
    "dataMap" : {
      "propertyName" : "leafSpec",
      "propertyValue" : "COUNT"
    },
    "rowNumber" : 62
  }, {
    "dataMap" : {
      "propertyName" : "loh",
      "propertyValue" : "0"
    },
    "rowNumber" : 63
  }, {
    "dataMap" : {
      "propertyName" : "maxBranch",
      "propertyValue" : "2"
    },
    "rowNumber" : 64
  }, {
    "dataMap" : {
      "propertyName" : "maxCategories",
      "propertyValue" : "128"
    },
    "rowNumber" : 65
  }, {
    "dataMap" : {
      "propertyName" : "maxDepth",
      "propertyValue" : "20"
    },
    "rowNumber" : 66
  }, {
    "dataMap" : {
      "propertyName" : "maxNumShapVars",
      "propertyValue" : "20"
    },
    "rowNumber" : 67
  }, {
    "dataMap" : {
      "propertyName" : "maxTrees",
      "propertyValue" : "100"
    },
    "rowNumber" : 68
  }, {
    "dataMap" : {
      "propertyName" : "minUseInSearch",
      "propertyValue" : "1"
    },
    "rowNumber" : 69
  }, {
    "dataMap" : {
      "propertyName" : "missingValue",
      "propertyValue" : "USEINSEARCH"
    },
    "rowNumber" : 70
  }, {
    "dataMap" : {
      "propertyName" : "mlpa_nodeid",
      "propertyValue" : "forest25"
    },
    "rowNumber" : 71
  }, {
    "dataMap" : {
      "propertyName" : "nBins",
      "propertyValue" : "50"
    },
    "rowNumber" : 72
  }, {
    "dataMap" : {
      "propertyName" : "pdNumImportantInputs",
      "propertyValue" : "5"
    },
    "rowNumber" : 73
  }, {
    "dataMap" : {
      "propertyName" : "pdObsSamples",
      "propertyValue" : "1000"
    },
    "rowNumber" : 74
  }, {
    "dataMap" : {
      "propertyName" : "pdPlots",
      "propertyValue" : "false"
    },
    "rowNumber" : 75
  }, {
    "dataMap" : {
      "propertyName" : "performKernelShap",
      "propertyValue" : "false"
    },
    "rowNumber" : 76
  }, {
    "dataMap" : {
      "propertyName" : "performLime",
      "propertyValue" : "false"
    },
    "rowNumber" : 77
  }, {
    "dataMap" : {
      "propertyName" : "performVI",
      "propertyValue" : "false"
    },
    "rowNumber" : 78
  }, {
    "dataMap" : {
      "propertyName" : "reportingOnly",
      "propertyValue" : "false"
    },
    "rowNumber" : 79
  }, {
    "dataMap" : {
      "propertyName" : "seed",
      "propertyValue" : "12345"
    },
    "rowNumber" : 80
  }, {
    "dataMap" : {
      "propertyName" : "seedId",
      "propertyValue" : "12345"
    },
    "rowNumber" : 81
  }, {
    "dataMap" : {
      "propertyName" : "specifyRows",
      "propertyValue" : "RANDOM"
    },
    "rowNumber" : 82
  }, {
    "dataMap" : {
      "propertyName" : "templateRevision",
      "propertyValue" : "4"
    },
    "rowNumber" : 83
  }, {
    "dataMap" : {
      "propertyName" : "train",
      "propertyValue" : "true"
    },
    "rowNumber" : 84
  }, {
    "dataMap" : {
      "propertyName" : "trainFraction",
      "propertyValue" : "0.6"
    },
    "rowNumber" : 85
  }, {
    "dataMap" : {
      "propertyName" : "truncateLl",
      "propertyValue" : "5"
    },
    "rowNumber" : 86
  }, {
    "dataMap" : {
      "propertyName" : "truncateUl",
      "propertyValue" : "95"
    },
    "rowNumber" : 87
  }, {
    "dataMap" : {
      "propertyName" : "userProbCutoff",
      "propertyValue" : "false"
    },
    "rowNumber" : 88
  }, {
    "dataMap" : {
      "propertyName" : "varsToTry",
      "propertyValue" : "100"
    },
    "rowNumber" : 89
  }, {
    "dataMap" : {
      "propertyName" : "voteMethod",
      "propertyValue" : "PROBABILITY"
    },
    "rowNumber" : 90
  } ],
  "xInteger" : false,
  "yInteger" : false
}