{
  "creationTimeStamp" : "0001-01-01T00:00:00Z",
  "modifiedTimeStamp" : "0001-01-01T00:00:00Z",
  "revision" : 0,
  "name" : "dmcas_miscTable",
  "version" : 0,
  "order" : 0,
  "parameterMap" : {
    "_Cutoff_" : {
      "label" : "Cutoff",
      "length" : 8,
      "order" : 1,
      "parameter" : "_Cutoff_",
      "preformatted" : false,
      "type" : "num",
      "values" : [ "_Cutoff_" ]
    },
    "_Event_" : {
      "label" : "Event",
      "length" : 256,
      "order" : 5,
      "parameter" : "_Event_",
      "preformatted" : false,
      "type" : "char",
      "values" : [ "_Event_" ]
    },
    "_Response_" : {
      "label" : "Response",
      "length" : 10,
      "order" : 4,
      "parameter" : "_Response_",
      "preformatted" : false,
      "type" : "char",
      "values" : [ "_Response_" ]
    },
    "_TestCount_" : {
      "label" : "Test Frequency",
      "length" : 8,
      "order" : 9,
      "parameter" : "_TestCount_",
      "preformatted" : false,
      "type" : "num",
      "values" : [ "_TestCount_" ]
    },
    "_TestPct_" : {
      "label" : "Test Percentage",
      "length" : 8,
      "order" : 12,
      "parameter" : "_TestPct_",
      "preformatted" : false,
      "type" : "num",
      "values" : [ "_TestPct_" ]
    },
    "_TrainCount_" : {
      "label" : "Training Frequency",
      "length" : 8,
      "order" : 7,
      "parameter" : "_TrainCount_",
      "preformatted" : false,
      "type" : "num",
      "values" : [ "_TrainCount_" ]
    },
    "_TrainPct_" : {
      "label" : "Training Percentage",
      "length" : 8,
      "order" : 10,
      "parameter" : "_TrainPct_",
      "preformatted" : false,
      "type" : "num",
      "values" : [ "_TrainPct_" ]
    },
    "_ValidateCount_" : {
      "label" : "Validation Frequency",
      "length" : 8,
      "order" : 8,
      "parameter" : "_ValidateCount_",
      "preformatted" : false,
      "type" : "num",
      "values" : [ "_ValidateCount_" ]
    },
    "_ValidatePct_" : {
      "label" : "Validation Percentage",
      "length" : 8,
      "order" : 11,
      "parameter" : "_ValidatePct_",
      "preformatted" : false,
      "type" : "num",
      "values" : [ "_ValidatePct_" ]
    },
    "_Value_" : {
      "label" : "Value",
      "length" : 16,
      "order" : 6,
      "parameter" : "_Value_",
      "preformatted" : false,
      "type" : "char",
      "values" : [ "_Value_" ]
    },
    "_cutoffSource_" : {
      "label" : "Cutoff Source",
      "length" : 8,
      "order" : 2,
      "parameter" : "_cutoffSource_",
      "preformatted" : false,
      "type" : "char",
      "values" : [ "_cutoffSource_" ]
    },
    "_targetName_" : {
      "label" : "Target Name",
      "length" : 256,
      "order" : 3,
      "parameter" : "_targetName_",
      "preformatted" : false,
      "type" : "char",
      "values" : [ "_targetName_" ]
    }
  },
  "data" : [ {
    "dataMap" : {
      "_Cutoff_" : "0.1",
      "_Event_" : "           1",
      "_Response_" : "Correct",
      "_TestCount_" : "1731",
      "_TestPct_" : "83.2611832612",
      "_Value_" : "True Positive",
      "_cutoffSource_" : "KS",
      "_targetName_" : "FRAUD_LABEL"
    },
    "rowNumber" : 1
  }, {
    "dataMap" : {
      "_Cutoff_" : "0.1",
      "_Event_" : "           1",
      "_Response_" : "Incorrect",
      "_TestCount_" : "348",
      "_TestPct_" : "16.7388167388",
      "_Value_" : "False Negative",
      "_cutoffSource_" : "KS",
      "_targetName_" : "FRAUD_LABEL"
    },
    "rowNumber" : 2
  }, {
    "dataMap" : {
      "_Cutoff_" : "0.1",
      "_Event_" : "          -1",
      "_Response_" : "Correct",
      "_TestCount_" : "15001",
      "_TestPct_" : "82.947193807",
      "_Value_" : "True Negative",
      "_cutoffSource_" : "KS",
      "_targetName_" : "FRAUD_LABEL"
    },
    "rowNumber" : 3
  }, {
    "dataMap" : {
      "_Cutoff_" : "0.1",
      "_Event_" : "          -1",
      "_Response_" : "Incorrect",
      "_TestCount_" : "3084",
      "_TestPct_" : "17.052806193",
      "_Value_" : "False Positive",
      "_cutoffSource_" : "KS",
      "_targetName_" : "FRAUD_LABEL"
    },
    "rowNumber" : 4
  }, {
    "dataMap" : {
      "_Cutoff_" : "0.11",
      "_Event_" : "           1",
      "_Response_" : "Correct",
      "_ValidateCount_" : "5009",
      "_ValidatePct_" : "80.2853021318",
      "_Value_" : "True Positive",
      "_cutoffSource_" : "KS",
      "_targetName_" : "FRAUD_LABEL"
    },
    "rowNumber" : 5
  }, {
    "dataMap" : {
      "_Cutoff_" : "0.11",
      "_Event_" : "           1",
      "_Response_" : "Incorrect",
      "_ValidateCount_" : "1230",
      "_ValidatePct_" : "19.7146978682",
      "_Value_" : "False Negative",
      "_cutoffSource_" : "KS",
      "_targetName_" : "FRAUD_LABEL"
    },
    "rowNumber" : 6
  }, {
    "dataMap" : {
      "_Cutoff_" : "0.11",
      "_Event_" : "          -1",
      "_Response_" : "Correct",
      "_ValidateCount_" : "45846",
      "_ValidatePct_" : "84.4978528116",
      "_Value_" : "True Negative",
      "_cutoffSource_" : "KS",
      "_targetName_" : "FRAUD_LABEL"
    },
    "rowNumber" : 7
  }, {
    "dataMap" : {
      "_Cutoff_" : "0.11",
      "_Event_" : "          -1",
      "_Response_" : "Incorrect",
      "_ValidateCount_" : "8411",
      "_ValidatePct_" : "15.5021471884",
      "_Value_" : "False Positive",
      "_cutoffSource_" : "KS",
      "_targetName_" : "FRAUD_LABEL"
    },
    "rowNumber" : 8
  }, {
    "dataMap" : {
      "_Cutoff_" : "0.12",
      "_Event_" : "           1",
      "_Response_" : "Correct",
      "_TrainCount_" : "10248",
      "_TrainPct_" : "82.1351286367",
      "_Value_" : "True Positive",
      "_cutoffSource_" : "KS",
      "_targetName_" : "FRAUD_LABEL"
    },
    "rowNumber" : 9
  }, {
    "dataMap" : {
      "_Cutoff_" : "0.12",
      "_Event_" : "           1",
      "_Response_" : "Incorrect",
      "_TrainCount_" : "2229",
      "_TrainPct_" : "17.8648713633",
      "_Value_" : "False Negative",
      "_cutoffSource_" : "KS",
      "_targetName_" : "FRAUD_LABEL"
    },
    "rowNumber" : 10
  }, {
    "dataMap" : {
      "_Cutoff_" : "0.12",
      "_Event_" : "          -1",
      "_Response_" : "Correct",
      "_TrainCount_" : "94491",
      "_TrainPct_" : "87.0780459484",
      "_Value_" : "True Negative",
      "_cutoffSource_" : "KS",
      "_targetName_" : "FRAUD_LABEL"
    },
    "rowNumber" : 11
  }, {
    "dataMap" : {
      "_Cutoff_" : "0.12",
      "_Event_" : "          -1",
      "_Response_" : "Incorrect",
      "_TrainCount_" : "14022",
      "_TrainPct_" : "12.9219540516",
      "_Value_" : "False Positive",
      "_cutoffSource_" : "KS",
      "_targetName_" : "FRAUD_LABEL"
    },
    "rowNumber" : 12
  }, {
    "dataMap" : {
      "_Cutoff_" : "0.5",
      "_Event_" : "           1",
      "_Response_" : "Correct",
      "_TestCount_" : "912",
      "_TestPct_" : "43.8672438672",
      "_TrainCount_" : "6087",
      "_TrainPct_" : "48.7857658091",
      "_ValidateCount_" : "2758",
      "_ValidatePct_" : "44.2058022119",
      "_Value_" : "True Positive",
      "_cutoffSource_" : "Default",
      "_targetName_" : "FRAUD_LABEL"
    },
    "rowNumber" : 13
  }, {
    "dataMap" : {
      "_Cutoff_" : "0.5",
      "_Event_" : "           1",
      "_Response_" : "Incorrect",
      "_TestCount_" : "1167",
      "_TestPct_" : "56.1327561328",
      "_TrainCount_" : "6390",
      "_TrainPct_" : "51.2142341909",
      "_ValidateCount_" : "3481",
      "_ValidatePct_" : "55.7941977881",
      "_Value_" : "False Negative",
      "_cutoffSource_" : "Default",
      "_targetName_" : "FRAUD_LABEL"
    },
    "rowNumber" : 14
  }, {
    "dataMap" : {
      "_Cutoff_" : "0.5",
      "_Event_" : "          -1",
      "_Response_" : "Correct",
      "_TestCount_" : "17951",
      "_TestPct_" : "99.259054465",
      "_TrainCount_" : "108063",
      "_TrainPct_" : "99.5853031434",
      "_ValidateCount_" : "53868",
      "_ValidatePct_" : "99.2830418195",
      "_Value_" : "True Negative",
      "_cutoffSource_" : "Default",
      "_targetName_" : "FRAUD_LABEL"
    },
    "rowNumber" : 15
  }, {
    "dataMap" : {
      "_Cutoff_" : "0.5",
      "_Event_" : "          -1",
      "_Response_" : "Incorrect",
      "_TestCount_" : "134",
      "_TestPct_" : "0.740945534974",
      "_TrainCount_" : "450",
      "_TrainPct_" : "0.414696856598",
      "_ValidateCount_" : "389",
      "_ValidatePct_" : "0.716958180511",
      "_Value_" : "False Positive",
      "_cutoffSource_" : "Default",
      "_targetName_" : "FRAUD_LABEL"
    },
    "rowNumber" : 16
  } ],
  "xInteger" : false,
  "yInteger" : false
}