{
  "custom properties": [],
  "externalUrl": "",
  "predictionVariable": "",
  "modelVersionName": "1.0",
  "trainTable": "/dataTables/dataSources/cas~fs~cas-shared-default~fs~Public/tables/FRAUD_2019",
  "trainCodeType": "",
  "description": "",
  "tool": "Model Studio",
  "toolVersion": "V2021.2.5",
  "targetVariable": "FRAUD_LABEL",
  "scoreCodeType": "ds2MultiType",
  "externalModelId": "bda7d9cd-37e4-4ebd-9a63-ec201e6dc546",
  "createdBy": "Sophia.Rowland@sas.com",
  "function": "classification",
  "eventProbVar": "P_FRAUD_LABEL1",
  "modeler": "Sophia.Rowland@sas.com",
  "name": "Forest (1) (AutoML)",
  "modifiedTimeStamp": "2022-06-12T17:47:45 UTC",
  "modifiedBy": "Sophia.Rowland@sas.com",
  "id": "8681fe3d-d0a7-4caa-9e14-8ed9f7c77d00",
  "creationTimeStamp": "2022-06-12T17:47:45 UTC",
  "targetEvent": "1",
  "targetLevel": "BINARY",
  "algorithm": "forest"
}
