[
  {
    "level": "",
    "name": "_P_",
    "length": 8,
    "description": "",
    "type": "decimal"
  },
  {
    "level": "",
    "name": "_WARN_",
    "length": 4,
    "description": "Warnings",
    "type": "string"
  },
  {
    "level": "",
    "name": "BIN_AUTH_ADVICE",
    "length": 9,
    "description": "Transformed AUTH_ADVICE",
    "type": "string"
  },
  {
    "level": "",
    "name": "BIN_AUTH_TRAN_TYPE",
    "length": 9,
    "description": "Transformed AUTH_TRAN_TYPE",
    "type": "string"
  },
  {
    "level": "",
    "name": "BIN_CARD_NUM_CARDS",
    "length": 12,
    "description": "Transformed CARD_NUM_CARDS",
    "type": "string"
  },
  {
    "level": "",
    "name": "EM_CLASSIFICATION",
    "length": 12,
    "description": "Into: FRAUD_LABEL",
    "type": "string"
  },
  {
    "level": "",
    "name": "EM_EVENTPROBABILITY",
    "length": 8,
    "description": "Predicted: FRAUD_LABEL\u003d1",
    "type": "decimal"
  },
  {
    "level": "",
    "name": "EM_PROBABILITY",
    "length": 8,
    "description": "Probability of Classification",
    "type": "decimal"
  },
  {
    "level": "",
    "name": "I_FRAUD_LABEL",
    "length": 32,
    "description": "Into: FRAUD_LABEL",
    "type": "string"
  },
  {
    "level": "",
    "name": "IMP_INV_AUTH_CARD_ZIP3_DIFF",
    "length": 8,
    "description": "Imputed Transformed AUTH_CARD_ZIP3_DIFF",
    "type": "decimal"
  },
  {
    "level": "",
    "name": "IMP_INV_MCC_RISK",
    "length": 8,
    "description": "Imputed Transformed MCC_RISK",
    "type": "decimal"
  },
  {
    "level": "",
    "name": "IMP_INVSQRT_AMOUNT_MCC_DEV",
    "length": 8,
    "description": "Imputed Transformed AMOUNT_MCC_DEV",
    "type": "decimal"
  },
  {
    "level": "",
    "name": "IMP_SQRT_CARD_CRED_LINE",
    "length": 8,
    "description": "Imputed Transformed CARD_CRED_LINE",
    "type": "decimal"
  },
  {
    "level": "",
    "name": "INV_AUTH_CARD_ZIP3_DIFF",
    "length": 8,
    "description": "Transformed AUTH_CARD_ZIP3_DIFF",
    "type": "decimal"
  },
  {
    "level": "",
    "name": "INV_MCC_RISK",
    "length": 8,
    "description": "Transformed MCC_RISK",
    "type": "decimal"
  },
  {
    "level": "",
    "name": "INVSQR_daily_count",
    "length": 8,
    "description": "Transformed daily_count",
    "type": "decimal"
  },
  {
    "level": "",
    "name": "INVSQR_weekly_count",
    "length": 8,
    "description": "Transformed weekly_count",
    "type": "decimal"
  },
  {
    "level": "",
    "name": "INVSQRT_AMOUNT_MCC_DEV",
    "length": 8,
    "description": "Transformed AMOUNT_MCC_DEV",
    "type": "decimal"
  },
  {
    "level": "",
    "name": "LOG_AUTH_AMOUNT",
    "length": 8,
    "description": "Transformed AUTH_AMOUNT",
    "type": "decimal"
  },
  {
    "level": "",
    "name": "LOG_AUTH_AVAIL_CREDIT",
    "length": 8,
    "description": "Transformed AUTH_AVAIL_CREDIT",
    "type": "decimal"
  },
  {
    "level": "",
    "name": "LOG_daily_sum",
    "length": 8,
    "description": "Transformed daily_sum",
    "type": "decimal"
  },
  {
    "level": "",
    "name": "LOG_weekly_sum",
    "length": 8,
    "description": "Transformed weekly_sum",
    "type": "decimal"
  },
  {
    "level": "",
    "name": "M_AUTH_CURR_RATE",
    "length": 8,
    "description": "Missing Indicator for AUTH_CURR_RATE",
    "type": "decimal"
  },
  {
    "level": "",
    "name": "M_CARD_USE",
    "length": 8,
    "description": "Missing Indicator for CARD_USE",
    "type": "decimal"
  },
  {
    "level": "",
    "name": "M_INV_AUTH_CARD_ZIP3_DIFF",
    "length": 8,
    "description": "Missing Indicator for INV_AUTH_CARD_ZIP3_DIFF",
    "type": "decimal"
  },
  {
    "level": "",
    "name": "M_INV_MCC_RISK",
    "length": 8,
    "description": "Missing Indicator for INV_MCC_RISK",
    "type": "decimal"
  },
  {
    "level": "",
    "name": "M_INVSQRT_AMOUNT_MCC_DEV",
    "length": 8,
    "description": "Missing Indicator for INVSQRT_AMOUNT_MCC_DEV",
    "type": "decimal"
  },
  {
    "level": "",
    "name": "M_SQRT_CARD_CRED_LINE",
    "length": 8,
    "description": "Missing Indicator for SQRT_CARD_CRED_LINE",
    "type": "decimal"
  },
  {
    "level": "",
    "name": "P_FRAUD_LABEL_1",
    "length": 8,
    "description": "Predicted: FRAUD_LABEL\u003d-1",
    "type": "decimal"
  },
  {
    "level": "",
    "name": "P_FRAUD_LABEL1",
    "length": 8,
    "description": "Predicted: FRAUD_LABEL\u003d1",
    "type": "decimal"
  },
  {
    "level": "",
    "name": "SQRT_AUTH_CRED_LINE",
    "length": 8,
    "description": "Transformed AUTH_CRED_LINE",
    "type": "decimal"
  },
  {
    "level": "",
    "name": "SQRT_CARD_CRED_LINE",
    "length": 8,
    "description": "Transformed CARD_CRED_LINE",
    "type": "decimal"
  },
  {
    "level": "",
    "name": "TARGENC_AUTH_CVV",
    "length": 8,
    "description": "Transformed AUTH_CVV",
    "type": "decimal"
  },
  {
    "level": "",
    "name": "TARGENC_AUTH_KEY_SWIPE",
    "length": 8,
    "description": "Transformed AUTH_KEY_SWIPE",
    "type": "decimal"
  },
  {
    "level": "",
    "name": "TARGENC_AUTH_PIN_VER",
    "length": 8,
    "description": "Transformed AUTH_PIN_VER",
    "type": "decimal"
  },
  {
    "level": "",
    "name": "TARGENC_BIN_AUTH_ADVICE",
    "length": 8,
    "description": "Transformed Transformed AUTH_ADVICE",
    "type": "decimal"
  },
  {
    "level": "",
    "name": "TARGENC_BIN_AUTH_TRAN_TYPE",
    "length": 8,
    "description": "Transformed Transformed AUTH_TRAN_TYPE",
    "type": "decimal"
  },
  {
    "level": "",
    "name": "TARGENC_BIN_CARD_NUM_CARDS",
    "length": 8,
    "description": "Transformed Transformed CARD_NUM_CARDS",
    "type": "decimal"
  },
  {
    "level": "",
    "name": "TARGENC_CARD_TYPE",
    "length": 8,
    "description": "Transformed CARD_TYPE",
    "type": "decimal"
  },
  {
    "level": "",
    "name": "TARGENC_sev_2500_to_5000",
    "length": 8,
    "description": "Transformed sev_2500_to_5000",
    "type": "decimal"
  },
  {
    "level": "",
    "name": "TARGENC_sev_ge_5000",
    "length": 8,
    "description": "Transformed sev_ge_5000",
    "type": "decimal"
  }
]