{
  "creationTimeStamp": "0001-01-01T00:00:00Z",
  "modifiedTimeStamp": "0001-01-01T00:00:00Z",
  "revision": 0,
  "name": "dmcas_properties",
  "version": 0,
  "order": 0,
  "parameterMap": {
    "propertyName": {
      "label": "Property Name",
      "length": 256,
      "parameter": "propertyName",
      "preformatted": false,
      "type": "undefined",
      "values": [
        "propertyName"
      ]
    },
    "propertyValue": {
      "label": "Property Value",
      "length": 256,
      "parameter": "propertyValue",
      "preformatted": false,
      "type": "undefined",
      "values": [
        "propertyValue"
      ]
    }
  },
  "data": [
    {
      "dataMap": {
        "propertyName": "alpha",
        "propertyValue": "0.2"
      },
      "rowNumber": 1
    },
    {
      "dataMap": {
        "propertyName": "atAppendLookup",
        "propertyValue": "false"
      },
      "rowNumber": 2
    },
    {
      "dataMap": {
        "propertyName": "atCreateHistory",
        "propertyValue": "false"
      },
      "rowNumber": 3
    },
    {
      "dataMap": {
        "propertyName": "atHistoryLibUri",
        "propertyValue": ""
      },
      "rowNumber": 4
    },
    {
      "dataMap": {
        "propertyName": "atHistoryTblName",
        "propertyValue": ""
      },
      "rowNumber": 5
    },
    {
      "dataMap": {
        "propertyName": "atLeaveAutotuneOn",
        "propertyValue": "false"
      },
      "rowNumber": 6
    },
    {
      "dataMap": {
        "propertyName": "atLookupTableUri",
        "propertyValue": ""
      },
      "rowNumber": 7
    },
    {
      "dataMap": {
        "propertyName": "atMaxBayes",
        "propertyValue": "100"
      },
      "rowNumber": 8
    },
    {
      "dataMap": {
        "propertyName": "atMaxEval",
        "propertyValue": "50"
      },
      "rowNumber": 9
    },
    {
      "dataMap": {
        "propertyName": "atMaxIter",
        "propertyValue": "5"
      },
      "rowNumber": 10
    },
    {
      "dataMap": {
        "propertyName": "atMaxTime",
        "propertyValue": "60"
      },
      "rowNumber": 11
    },
    {
      "dataMap": {
        "propertyName": "atObjectiveInt",
        "propertyValue": "ASE"
      },
      "rowNumber": 12
    },
    {
      "dataMap": {
        "propertyName": "atObjectiveNom",
        "propertyValue": "KS"
      },
      "rowNumber": 13
    },
    {
      "dataMap": {
        "propertyName": "atPopSize",
        "propertyValue": "10"
      },
      "rowNumber": 14
    },
    {
      "dataMap": {
        "propertyName": "atSampleSize",
        "propertyValue": "50"
      },
      "rowNumber": 15
    },
    {
      "dataMap": {
        "propertyName": "atSearchMethod",
        "propertyValue": "GA"
      },
      "rowNumber": 16
    },
    {
      "dataMap": {
        "propertyName": "atTrainProp",
        "propertyValue": "0.7"
      },
      "rowNumber": 17
    },
    {
      "dataMap": {
        "propertyName": "atUpdateProperties",
        "propertyValue": "false"
      },
      "rowNumber": 18
    },
    {
      "dataMap": {
        "propertyName": "atUseLookup",
        "propertyValue": "false"
      },
      "rowNumber": 19
    },
    {
      "dataMap": {
        "propertyName": "atValidFold",
        "propertyValue": "5"
      },
      "rowNumber": 20
    },
    {
      "dataMap": {
        "propertyName": "atValidMethod",
        "propertyValue": "PARTITION"
      },
      "rowNumber": 21
    },
    {
      "dataMap": {
        "propertyName": "atValidProp",
        "propertyValue": "0.3"
      },
      "rowNumber": 22
    },
    {
      "dataMap": {
        "propertyName": "atgrowcrit",
        "propertyValue": "true"
      },
      "rowNumber": 23
    },
    {
      "dataMap": {
        "propertyName": "atgrowcritValsi",
        "propertyValue": " VARIANCE   FTEST   CHAID"
      },
      "rowNumber": 24
    },
    {
      "dataMap": {
        "propertyName": "atgrowcritValsn",
        "propertyValue": " ENTROPY   CHAID   IGR   GINI   CHISQUARE"
      },
      "rowNumber": 25
    },
    {
      "dataMap": {
        "propertyName": "atleafSize",
        "propertyValue": "false"
      },
      "rowNumber": 26
    },
    {
      "dataMap": {
        "propertyName": "atleafSizeInit",
        "propertyValue": "5"
      },
      "rowNumber": 27
    },
    {
      "dataMap": {
        "propertyName": "atleafSizeLB",
        "propertyValue": "1"
      },
      "rowNumber": 28
    },
    {
      "dataMap": {
        "propertyName": "atleafSizeUB",
        "propertyValue": "100"
      },
      "rowNumber": 29
    },
    {
      "dataMap": {
        "propertyName": "atmaxdepth",
        "propertyValue": "true"
      },
      "rowNumber": 30
    },
    {
      "dataMap": {
        "propertyName": "atmaxdepthInit",
        "propertyValue": "10"
      },
      "rowNumber": 31
    },
    {
      "dataMap": {
        "propertyName": "atmaxdepthLB",
        "propertyValue": "1"
      },
      "rowNumber": 32
    },
    {
      "dataMap": {
        "propertyName": "atmaxdepthUB",
        "propertyValue": "19"
      },
      "rowNumber": 33
    },
    {
      "dataMap": {
        "propertyName": "atnumbin",
        "propertyValue": "true"
      },
      "rowNumber": 34
    },
    {
      "dataMap": {
        "propertyName": "atnumbinInit",
        "propertyValue": "50"
      },
      "rowNumber": 35
    },
    {
      "dataMap": {
        "propertyName": "atnumbinLB",
        "propertyValue": "20"
      },
      "rowNumber": 36
    },
    {
      "dataMap": {
        "propertyName": "atnumbinUB",
        "propertyValue": "200"
      },
      "rowNumber": 37
    },
    {
      "dataMap": {
        "propertyName": "autotune_enabled",
        "propertyValue": "false"
      },
      "rowNumber": 38
    },
    {
      "dataMap": {
        "propertyName": "binaryProbCutoff",
        "propertyValue": "0.5"
      },
      "rowNumber": 39
    },
    {
      "dataMap": {
        "propertyName": "bonferroni",
        "propertyValue": "false"
      },
      "rowNumber": 40
    },
    {
      "dataMap": {
        "propertyName": "ccAlpha",
        "propertyValue": "0"
      },
      "rowNumber": 41
    },
    {
      "dataMap": {
        "propertyName": "codeLocation",
        "propertyValue": "mlearning"
      },
      "rowNumber": 42
    },
    {
      "dataMap": {
        "propertyName": "confidence",
        "propertyValue": "0.25"
      },
      "rowNumber": 43
    },
    {
      "dataMap": {
        "propertyName": "criterionMethod",
        "propertyValue": "IGR"
      },
      "rowNumber": 44
    },
    {
      "dataMap": {
        "propertyName": "cvccFolds",
        "propertyValue": "10"
      },
      "rowNumber": 45
    },
    {
      "dataMap": {
        "propertyName": "dataMiningVersion",
        "propertyValue": "V2024.09"
      },
      "rowNumber": 46
    },
    {
      "dataMap": {
        "propertyName": "embeddedBarChart",
        "propertyValue": "true"
      },
      "rowNumber": 47
    },
    {
      "dataMap": {
        "propertyName": "exactPctlLift",
        "propertyValue": "true"
      },
      "rowNumber": 48
    },
    {
      "dataMap": {
        "propertyName": "explainFidelity",
        "propertyValue": "false"
      },
      "rowNumber": 49
    },
    {
      "dataMap": {
        "propertyName": "explainInfo",
        "propertyValue": "false"
      },
      "rowNumber": 50
    },
    {
      "dataMap": {
        "propertyName": "fullDatasetReconstitution",
        "propertyValue": "false"
      },
      "rowNumber": 51
    },
    {
      "dataMap": {
        "propertyName": "hLeafSize",
        "propertyValue": "5"
      },
      "rowNumber": 52
    },
    {
      "dataMap": {
        "propertyName": "iCriterionMethod",
        "propertyValue": "VARIANCE"
      },
      "rowNumber": 53
    },
    {
      "dataMap": {
        "propertyName": "icePlots",
        "propertyValue": "false"
      },
      "rowNumber": 54
    },
    {
      "dataMap": {
        "propertyName": "inodeColor",
        "propertyValue": "AVERAGE"
      },
      "rowNumber": 55
    },
    {
      "dataMap": {
        "propertyName": "intBinMethod",
        "propertyValue": "QUANTILE"
      },
      "rowNumber": 56
    },
    {
      "dataMap": {
        "propertyName": "intervalBins",
        "propertyValue": "50"
      },
      "rowNumber": 57
    },
    {
      "dataMap": {
        "propertyName": "maxBranch",
        "propertyValue": "2"
      },
      "rowNumber": 58
    },
    {
      "dataMap": {
        "propertyName": "maxCategories",
        "propertyValue": "128"
      },
      "rowNumber": 59
    },
    {
      "dataMap": {
        "propertyName": "maxDepth",
        "propertyValue": "10"
      },
      "rowNumber": 60
    },
    {
      "dataMap": {
        "propertyName": "maxNumShapVars",
        "propertyValue": "20"
      },
      "rowNumber": 61
    },
    {
      "dataMap": {
        "propertyName": "minUseinsearch",
        "propertyValue": "1"
      },
      "rowNumber": 62
    },
    {
      "dataMap": {
        "propertyName": "missingValue",
        "propertyValue": "USEINSEARCH"
      },
      "rowNumber": 63
    },
    {
      "dataMap": {
        "propertyName": "nBins",
        "propertyValue": "50"
      },
      "rowNumber": 64
    },
    {
      "dataMap": {
        "propertyName": "nPLeaves",
        "propertyValue": "1"
      },
      "rowNumber": 65
    },
    {
      "dataMap": {
        "propertyName": "nodeColor",
        "propertyValue": "PROBEVENT"
      },
      "rowNumber": 66
    },
    {
      "dataMap": {
        "propertyName": "pdNumImportantInputs",
        "propertyValue": "5"
      },
      "rowNumber": 67
    },
    {
      "dataMap": {
        "propertyName": "pdObsSamples",
        "propertyValue": "1000"
      },
      "rowNumber": 68
    },
    {
      "dataMap": {
        "propertyName": "pdPlots",
        "propertyValue": "false"
      },
      "rowNumber": 69
    },
    {
      "dataMap": {
        "propertyName": "performKernelShap",
        "propertyValue": "false"
      },
      "rowNumber": 70
    },
    {
      "dataMap": {
        "propertyName": "performLime",
        "propertyValue": "false"
      },
      "rowNumber": 71
    },
    {
      "dataMap": {
        "propertyName": "performVI",
        "propertyValue": "false"
      },
      "rowNumber": 72
    },
    {
      "dataMap": {
        "propertyName": "pruningMethod",
        "propertyValue": "COSTCOMPLEXITY"
      },
      "rowNumber": 73
    },
    {
      "dataMap": {
        "propertyName": "reportingOnly",
        "propertyValue": "true"
      },
      "rowNumber": 74
    },
    {
      "dataMap": {
        "propertyName": "seRule",
        "propertyValue": "false"
      },
      "rowNumber": 75
    },
    {
      "dataMap": {
        "propertyName": "seed",
        "propertyValue": "12345"
      },
      "rowNumber": 76
    },
    {
      "dataMap": {
        "propertyName": "seedId",
        "propertyValue": "12345"
      },
      "rowNumber": 77
    },
    {
      "dataMap": {
        "propertyName": "selMethod",
        "propertyValue": "AUTOMATIC"
      },
      "rowNumber": 78
    },
    {
      "dataMap": {
        "propertyName": "specifyRows",
        "propertyValue": "RANDOM"
      },
      "rowNumber": 79
    },
    {
      "dataMap": {
        "propertyName": "templateRevision",
        "propertyValue": "4"
      },
      "rowNumber": 80
    },
    {
      "dataMap": {
        "propertyName": "train",
        "propertyValue": "true"
      },
      "rowNumber": 81
    },
    {
      "dataMap": {
        "propertyName": "truncateLl",
        "propertyValue": "5"
      },
      "rowNumber": 82
    },
    {
      "dataMap": {
        "propertyName": "truncateUl",
        "propertyValue": "95"
      },
      "rowNumber": 83
    },
    {
      "dataMap": {
        "propertyName": "useVarOnce",
        "propertyValue": "false"
      },
      "rowNumber": 84
    },
    {
      "dataMap": {
        "propertyName": "userProbCutoff",
        "propertyValue": "false"
      },
      "rowNumber": 85
    }
  ],
  "xInteger": false,
  "yInteger": false
}