{
  "creationTimeStamp": "0001-01-01T00:00:00Z",
  "modifiedTimeStamp": "0001-01-01T00:00:00Z",
  "revision": 0,
  "name": "dmcas_miscTable",
  "version": 0,
  "order": 0,
  "parameterMap": {
    "_Cutoff_": {
      "label": "Cutoff",
      "length": 8,
      "order": 1,
      "parameter": "_Cutoff_",
      "preformatted": false,
      "type": "num",
      "values": [
        "_Cutoff_"
      ]
    },
    "_Event_": {
      "label": "Event",
      "length": 256,
      "order": 5,
      "parameter": "_Event_",
      "preformatted": false,
      "type": "char",
      "values": [
        "_Event_"
      ]
    },
    "_Response_": {
      "label": "Response",
      "length": 10,
      "order": 4,
      "parameter": "_Response_",
      "preformatted": false,
      "type": "char",
      "values": [
        "_Response_"
      ]
    },
    "_TestCount_": {
      "label": "Test Frequency",
      "length": 8,
      "order": 9,
      "parameter": "_TestCount_",
      "preformatted": false,
      "type": "num",
      "values": [
        "_TestCount_"
      ]
    },
    "_TestPct_": {
      "label": "Test Percentage",
      "length": 8,
      "order": 12,
      "parameter": "_TestPct_",
      "preformatted": false,
      "type": "num",
      "values": [
        "_TestPct_"
      ]
    },
    "_TrainCount_": {
      "label": "Training Frequency",
      "length": 8,
      "order": 7,
      "parameter": "_TrainCount_",
      "preformatted": false,
      "type": "num",
      "values": [
        "_TrainCount_"
      ]
    },
    "_TrainPct_": {
      "label": "Training Percentage",
      "length": 8,
      "order": 10,
      "parameter": "_TrainPct_",
      "preformatted": false,
      "type": "num",
      "values": [
        "_TrainPct_"
      ]
    },
    "_ValidateCount_": {
      "label": "Validation Frequency",
      "length": 8,
      "order": 8,
      "parameter": "_ValidateCount_",
      "preformatted": false,
      "type": "num",
      "values": [
        "_ValidateCount_"
      ]
    },
    "_ValidatePct_": {
      "label": "Validation Percentage",
      "length": 8,
      "order": 11,
      "parameter": "_ValidatePct_",
      "preformatted": false,
      "type": "num",
      "values": [
        "_ValidatePct_"
      ]
    },
    "_Value_": {
      "label": "Value",
      "length": 16,
      "order": 6,
      "parameter": "_Value_",
      "preformatted": false,
      "type": "char",
      "values": [
        "_Value_"
      ]
    },
    "_cutoffSource_": {
      "label": "Cutoff Source",
      "length": 8,
      "order": 2,
      "parameter": "_cutoffSource_",
      "preformatted": false,
      "type": "char",
      "values": [
        "_cutoffSource_"
      ]
    },
    "_targetName_": {
      "label": "Target Name",
      "length": 256,
      "order": 3,
      "parameter": "_targetName_",
      "preformatted": false,
      "type": "char",
      "values": [
        "_targetName_"
      ]
    }
  },
  "data": [
    {
      "dataMap": {
        "_Cutoff_": "0.15",
        "_Event_": "           1",
        "_Response_": "CORRECT",
        "_TestCount_": null,
        "_TestPct_": null,
        "_TrainCount_": null,
        "_TrainPct_": null,
        "_ValidateCount_": "1966",
        "_ValidatePct_": "83.5884353741",
        "_Value_": "True Positive",
        "_cutoffSource_": "KS",
        "_targetName_": "GE50K"
      },
      "rowNumber": 1
    },
    {
      "dataMap": {
        "_Cutoff_": "0.15",
        "_Event_": "           1",
        "_Response_": "INCORRECT",
        "_TestCount_": null,
        "_TestPct_": null,
        "_TrainCount_": null,
        "_TrainPct_": null,
        "_ValidateCount_": "386",
        "_ValidatePct_": "16.4115646259",
        "_Value_": "False Negative",
        "_cutoffSource_": "KS",
        "_targetName_": "GE50K"
      },
      "rowNumber": 2
    },
    {
      "dataMap": {
        "_Cutoff_": "0.15",
        "_Event_": "           0",
        "_Response_": "CORRECT",
        "_TestCount_": null,
        "_TestPct_": null,
        "_TrainCount_": null,
        "_TrainPct_": null,
        "_ValidateCount_": "5361",
        "_ValidatePct_": "72.2896440129",
        "_Value_": "True Negative",
        "_cutoffSource_": "KS",
        "_targetName_": "GE50K"
      },
      "rowNumber": 3
    },
    {
      "dataMap": {
        "_Cutoff_": "0.15",
        "_Event_": "           0",
        "_Response_": "INCORRECT",
        "_TestCount_": null,
        "_TestPct_": null,
        "_TrainCount_": null,
        "_TrainPct_": null,
        "_ValidateCount_": "2055",
        "_ValidatePct_": "27.7103559871",
        "_Value_": "False Positive",
        "_cutoffSource_": "KS",
        "_targetName_": "GE50K"
      },
      "rowNumber": 4
    },
    {
      "dataMap": {
        "_Cutoff_": "0.21",
        "_Event_": "           1",
        "_Response_": "CORRECT",
        "_TestCount_": null,
        "_TestPct_": null,
        "_TrainCount_": "3973",
        "_TrainPct_": "84.4420828905",
        "_ValidateCount_": null,
        "_ValidatePct_": null,
        "_Value_": "True Positive",
        "_cutoffSource_": "KS",
        "_targetName_": "GE50K"
      },
      "rowNumber": 5
    },
    {
      "dataMap": {
        "_Cutoff_": "0.21",
        "_Event_": "           1",
        "_Response_": "INCORRECT",
        "_TestCount_": null,
        "_TestPct_": null,
        "_TrainCount_": "732",
        "_TrainPct_": "15.5579171095",
        "_ValidateCount_": null,
        "_ValidatePct_": null,
        "_Value_": "False Negative",
        "_cutoffSource_": "KS",
        "_targetName_": "GE50K"
      },
      "rowNumber": 6
    },
    {
      "dataMap": {
        "_Cutoff_": "0.21",
        "_Event_": "           0",
        "_Response_": "CORRECT",
        "_TestCount_": null,
        "_TestPct_": null,
        "_TrainCount_": "10759",
        "_TrainPct_": "72.5391046386",
        "_ValidateCount_": null,
        "_ValidatePct_": null,
        "_Value_": "True Negative",
        "_cutoffSource_": "KS",
        "_targetName_": "GE50K"
      },
      "rowNumber": 7
    },
    {
      "dataMap": {
        "_Cutoff_": "0.21",
        "_Event_": "           0",
        "_Response_": "INCORRECT",
        "_TestCount_": null,
        "_TestPct_": null,
        "_TrainCount_": "4073",
        "_TrainPct_": "27.4608953614",
        "_ValidateCount_": null,
        "_ValidatePct_": null,
        "_Value_": "False Positive",
        "_cutoffSource_": "KS",
        "_targetName_": "GE50K"
      },
      "rowNumber": 8
    },
    {
      "dataMap": {
        "_Cutoff_": "0.3",
        "_Event_": "           1",
        "_Response_": "CORRECT",
        "_TestCount_": "660",
        "_TestPct_": "84.1836734694",
        "_TrainCount_": null,
        "_TrainPct_": null,
        "_ValidateCount_": null,
        "_ValidatePct_": null,
        "_Value_": "True Positive",
        "_cutoffSource_": "KS",
        "_targetName_": "GE50K"
      },
      "rowNumber": 9
    },
    {
      "dataMap": {
        "_Cutoff_": "0.3",
        "_Event_": "           1",
        "_Response_": "INCORRECT",
        "_TestCount_": "124",
        "_TestPct_": "15.8163265306",
        "_TrainCount_": null,
        "_TrainPct_": null,
        "_ValidateCount_": null,
        "_ValidatePct_": null,
        "_Value_": "False Negative",
        "_cutoffSource_": "KS",
        "_targetName_": "GE50K"
      },
      "rowNumber": 10
    },
    {
      "dataMap": {
        "_Cutoff_": "0.3",
        "_Event_": "           0",
        "_Response_": "CORRECT",
        "_TestCount_": "1763",
        "_TestPct_": "71.3187702265",
        "_TrainCount_": null,
        "_TrainPct_": null,
        "_ValidateCount_": null,
        "_ValidatePct_": null,
        "_Value_": "True Negative",
        "_cutoffSource_": "KS",
        "_targetName_": "GE50K"
      },
      "rowNumber": 11
    },
    {
      "dataMap": {
        "_Cutoff_": "0.3",
        "_Event_": "           0",
        "_Response_": "INCORRECT",
        "_TestCount_": "709",
        "_TestPct_": "28.6812297735",
        "_TrainCount_": null,
        "_TrainPct_": null,
        "_ValidateCount_": null,
        "_ValidatePct_": null,
        "_Value_": "False Positive",
        "_cutoffSource_": "KS",
        "_targetName_": "GE50K"
      },
      "rowNumber": 12
    },
    {
      "dataMap": {
        "_Cutoff_": "0.5",
        "_Event_": "           1",
        "_Response_": "CORRECT",
        "_TestCount_": "378",
        "_TestPct_": "48.2142857143",
        "_TrainCount_": "2193",
        "_TrainPct_": "46.609989373",
        "_ValidateCount_": "1062",
        "_ValidatePct_": "45.1530612245",
        "_Value_": "True Positive",
        "_cutoffSource_": "Default",
        "_targetName_": "GE50K"
      },
      "rowNumber": 13
    },
    {
      "dataMap": {
        "_Cutoff_": "0.5",
        "_Event_": "           1",
        "_Response_": "INCORRECT",
        "_TestCount_": "406",
        "_TestPct_": "51.7857142857",
        "_TrainCount_": "2512",
        "_TrainPct_": "53.390010627",
        "_ValidateCount_": "1290",
        "_ValidatePct_": "54.8469387755",
        "_Value_": "False Negative",
        "_cutoffSource_": "Default",
        "_targetName_": "GE50K"
      },
      "rowNumber": 14
    },
    {
      "dataMap": {
        "_Cutoff_": "0.5",
        "_Event_": "           0",
        "_Response_": "CORRECT",
        "_TestCount_": "2312",
        "_TestPct_": "93.5275080906",
        "_TrainCount_": "14013",
        "_TrainPct_": "94.4781553398",
        "_ValidateCount_": "7022",
        "_ValidatePct_": "94.687162891",
        "_Value_": "True Negative",
        "_cutoffSource_": "Default",
        "_targetName_": "GE50K"
      },
      "rowNumber": 15
    },
    {
      "dataMap": {
        "_Cutoff_": "0.5",
        "_Event_": "           0",
        "_Response_": "INCORRECT",
        "_TestCount_": "160",
        "_TestPct_": "6.47249190939",
        "_TrainCount_": "819",
        "_TrainPct_": "5.52184466019",
        "_ValidateCount_": "394",
        "_ValidatePct_": "5.31283710895",
        "_Value_": "False Positive",
        "_cutoffSource_": "Default",
        "_targetName_": "GE50K"
      },
      "rowNumber": 16
    }
  ],
  "xInteger": false,
  "yInteger": false
}