{
  "creationTimeStamp": "0001-01-01T00:00:00Z",
  "modifiedTimeStamp": "0001-01-01T00:00:00Z",
  "revision": 0,
  "name": "dmcas_lift",
  "version": 0,
  "order": 0,
  "parameterMap": {
    "_Column_": {
      "label": "Analysis Variable",
      "length": 8,
      "order": 5,
      "parameter": "_Column_",
      "preformatted": false,
      "type": "char",
      "values": [
        "_Column_"
      ]
    },
    "_CumLiftBest_": {
      "label": "Best Cumulative Lift",
      "length": 8,
      "order": 19,
      "parameter": "_CumLiftBest_",
      "preformatted": false,
      "type": "num",
      "values": [
        "_CumLiftBest_"
      ]
    },
    "_CumLift_": {
      "label": "Cumulative Lift",
      "length": 8,
      "order": 18,
      "parameter": "_CumLift_",
      "preformatted": false,
      "type": "num",
      "values": [
        "_CumLift_"
      ]
    },
    "_CumPctRespBest_": {
      "label": "Best Cumulative Response Percentage",
      "length": 8,
      "order": 23,
      "parameter": "_CumPctRespBest_",
      "preformatted": false,
      "type": "num",
      "values": [
        "_CumPctRespBest_"
      ]
    },
    "_CumPctResp_": {
      "label": "Cumulative Response Percentage",
      "length": 8,
      "order": 22,
      "parameter": "_CumPctResp_",
      "preformatted": false,
      "type": "num",
      "values": [
        "_CumPctResp_"
      ]
    },
    "_CumRespBest_": {
      "label": "Best Cumulative Captured Response Percentage",
      "length": 8,
      "order": 17,
      "parameter": "_CumRespBest_",
      "preformatted": false,
      "type": "num",
      "values": [
        "_CumRespBest_"
      ]
    },
    "_CumResp_": {
      "label": "Cumulative Captured Response Percentage",
      "length": 8,
      "order": 16,
      "parameter": "_CumResp_",
      "preformatted": false,
      "type": "num",
      "values": [
        "_CumResp_"
      ]
    },
    "_DataRole_": {
      "label": "Data Role",
      "length": 10,
      "order": 2,
      "parameter": "_DataRole_",
      "preformatted": false,
      "type": "char",
      "values": [
        "_DataRole_"
      ]
    },
    "_Depth_": {
      "label": "Depth",
      "length": 8,
      "order": 7,
      "parameter": "_Depth_",
      "preformatted": false,
      "type": "num",
      "values": [
        "_Depth_"
      ]
    },
    "_Event_": {
      "label": "Event",
      "length": 12,
      "order": 6,
      "parameter": "_Event_",
      "preformatted": false,
      "type": "char",
      "values": [
        "_Event_"
      ]
    },
    "_GainBest_": {
      "label": "Best Gain",
      "length": 8,
      "order": 25,
      "parameter": "_GainBest_",
      "preformatted": false,
      "type": "num",
      "values": [
        "_GainBest_"
      ]
    },
    "_Gain_": {
      "label": "Gain",
      "length": 8,
      "order": 24,
      "parameter": "_Gain_",
      "preformatted": false,
      "type": "num",
      "values": [
        "_Gain_"
      ]
    },
    "_LiftBest_": {
      "label": "Best Lift",
      "length": 8,
      "order": 15,
      "parameter": "_LiftBest_",
      "preformatted": false,
      "type": "num",
      "values": [
        "_LiftBest_"
      ]
    },
    "_Lift_": {
      "label": "Lift",
      "length": 8,
      "order": 14,
      "parameter": "_Lift_",
      "preformatted": false,
      "type": "num",
      "values": [
        "_Lift_"
      ]
    },
    "_NEventsBest_": {
      "label": "Best Number of Events",
      "length": 8,
      "order": 11,
      "parameter": "_NEventsBest_",
      "preformatted": false,
      "type": "num",
      "values": [
        "_NEventsBest_"
      ]
    },
    "_NEvents_": {
      "label": "Number of Events",
      "length": 8,
      "order": 10,
      "parameter": "_NEvents_",
      "preformatted": false,
      "type": "num",
      "values": [
        "_NEvents_"
      ]
    },
    "_NObs_": {
      "label": "Number of Observations",
      "length": 8,
      "order": 9,
      "parameter": "_NObs_",
      "preformatted": false,
      "type": "num",
      "values": [
        "_NObs_"
      ]
    },
    "_PartInd_": {
      "label": "Partition Indicator",
      "length": 8,
      "order": 3,
      "parameter": "_PartInd_",
      "preformatted": false,
      "type": "num",
      "values": [
        "_PartInd_"
      ]
    },
    "_PctRespBest_": {
      "label": "Best Response Percentage",
      "length": 8,
      "order": 21,
      "parameter": "_PctRespBest_",
      "preformatted": false,
      "type": "num",
      "values": [
        "_PctRespBest_"
      ]
    },
    "_PctResp_": {
      "label": "Response Percentage",
      "length": 8,
      "order": 20,
      "parameter": "_PctResp_",
      "preformatted": false,
      "type": "num",
      "values": [
        "_PctResp_"
      ]
    },
    "_RespBest_": {
      "label": "Best Captured Response Percentage",
      "length": 8,
      "order": 13,
      "parameter": "_RespBest_",
      "preformatted": false,
      "type": "num",
      "values": [
        "_RespBest_"
      ]
    },
    "_Resp_": {
      "label": "Captured Response Percentage",
      "length": 8,
      "order": 12,
      "parameter": "_Resp_",
      "preformatted": false,
      "type": "num",
      "values": [
        "_Resp_"
      ]
    },
    "_TargetName_": {
      "label": "Target Name",
      "length": 5,
      "order": 1,
      "parameter": "_TargetName_",
      "preformatted": false,
      "type": "char",
      "values": [
        "_TargetName_"
      ]
    },
    "_Value_": {
      "label": "Value",
      "length": 8,
      "order": 8,
      "parameter": "_Value_",
      "preformatted": false,
      "type": "num",
      "values": [
        "_Value_"
      ]
    },
    "_formattedPartition_": {
      "label": "Formatted Partition",
      "length": 12,
      "order": 4,
      "parameter": "_formattedPartition_",
      "preformatted": false,
      "type": "char",
      "values": [
        "_formattedPartition_"
      ]
    }
  },
  "data": [
    {
      "dataMap": {
        "_Column_": "P_GE50K1",
        "_CumLiftBest_": null,
        "_CumLift_": null,
        "_CumPctRespBest_": null,
        "_CumPctResp_": null,
        "_CumRespBest_": "0",
        "_CumResp_": "0",
        "_DataRole_": "VALIDATE",
        "_Depth_": "0",
        "_Event_": "           1",
        "_GainBest_": null,
        "_Gain_": null,
        "_LiftBest_": null,
        "_Lift_": null,
        "_NEventsBest_": "0",
        "_NEvents_": "0",
        "_NObs_": "0",
        "_PartInd_": "0",
        "_PctRespBest_": null,
        "_PctResp_": null,
        "_RespBest_": "0",
        "_Resp_": "0",
        "_TargetName_": "GE50K",
        "_Value_": "0",
        "_formattedPartition_": "           0"
      },
      "rowNumber": 1
    },
    {
      "dataMap": {
        "_Column_": "P_GE50K1",
        "_CumLiftBest_": "4.15816326531",
        "_CumLift_": "3.13650152936",
        "_CumPctRespBest_": "100",
        "_CumPctResp_": "75.42997543",
        "_CumRespBest_": "20.7908163265",
        "_CumResp_": "15.6825076468",
        "_DataRole_": "VALIDATE",
        "_Depth_": "5",
        "_Event_": "           1",
        "_GainBest_": "3.15816326531",
        "_Gain_": "2.13650152936",
        "_LiftBest_": "4.15816326531",
        "_Lift_": "3.13650152936",
        "_NEventsBest_": "489",
        "_NEvents_": "368.852579853",
        "_NObs_": "489",
        "_PartInd_": "0",
        "_PctRespBest_": "100",
        "_PctResp_": "75.42997543",
        "_RespBest_": "20.7908163265",
        "_Resp_": "15.6825076468",
        "_TargetName_": "GE50K",
        "_Value_": "0.747576736672",
        "_formattedPartition_": "           0"
      },
      "rowNumber": 2
    },
    {
      "dataMap": {
        "_Column_": "P_GE50K1",
        "_CumLiftBest_": "4.15816326531",
        "_CumLift_": "3.13650152936",
        "_CumPctRespBest_": "100",
        "_CumPctResp_": "75.42997543",
        "_CumRespBest_": "41.5816326531",
        "_CumResp_": "31.3650152936",
        "_DataRole_": "VALIDATE",
        "_Depth_": "10",
        "_Event_": "           1",
        "_GainBest_": "3.15816326531",
        "_Gain_": "2.13650152936",
        "_LiftBest_": "4.15816326531",
        "_Lift_": "3.13650152936",
        "_NEventsBest_": "489",
        "_NEvents_": "368.852579853",
        "_NObs_": "489",
        "_PartInd_": "0",
        "_PctRespBest_": "100",
        "_PctResp_": "75.42997543",
        "_RespBest_": "20.7908163265",
        "_Resp_": "15.6825076468",
        "_TargetName_": "GE50K",
        "_Value_": "0.747576736672",
        "_formattedPartition_": "           0"
      },
      "rowNumber": 3
    },
    {
      "dataMap": {
        "_Column_": "P_GE50K1",
        "_CumLiftBest_": "4.15816326531",
        "_CumLift_": "3.02384495465",
        "_CumPctRespBest_": "100",
        "_CumPctResp_": "72.7206884799",
        "_CumRespBest_": "62.3724489796",
        "_CumResp_": "45.3576743197",
        "_DataRole_": "VALIDATE",
        "_Depth_": "15",
        "_Event_": "           1",
        "_GainBest_": "3.15816326531",
        "_Gain_": "2.02384495465",
        "_LiftBest_": "4.15816326531",
        "_Lift_": "2.79853180523",
        "_NEventsBest_": "489",
        "_NEvents_": "329.107340295",
        "_NObs_": "489",
        "_PartInd_": "0",
        "_PctRespBest_": "100",
        "_PctResp_": "67.3021145797",
        "_RespBest_": "20.7908163265",
        "_Resp_": "13.9926590261",
        "_TargetName_": "GE50K",
        "_Value_": "0.436363636364",
        "_formattedPartition_": "           0"
      },
      "rowNumber": 4
    },
    {
      "dataMap": {
        "_Column_": "P_GE50K1",
        "_CumLiftBest_": "4.15816326531",
        "_CumLift_": "2.63727972043",
        "_CumPctRespBest_": "100",
        "_CumPctResp_": "63.4241503319",
        "_CumRespBest_": "83.1632653061",
        "_CumResp_": "52.7455944087",
        "_DataRole_": "VALIDATE",
        "_Depth_": "20",
        "_Event_": "           1",
        "_GainBest_": "3.15816326531",
        "_Gain_": "1.63727972043",
        "_LiftBest_": "4.15816326531",
        "_Lift_": "1.47758401779",
        "_NEventsBest_": "489",
        "_NEvents_": "173.763880492",
        "_NObs_": "489",
        "_PartInd_": "0",
        "_PctRespBest_": "100",
        "_PctResp_": "35.5345358879",
        "_RespBest_": "20.7908163265",
        "_Resp_": "7.38792008893",
        "_TargetName_": "GE50K",
        "_Value_": "0.352977539666",
        "_formattedPartition_": "           0"
      },
      "rowNumber": 5
    },
    {
      "dataMap": {
        "_Column_": "P_GE50K1",
        "_CumLiftBest_": "4",
        "_CumLift_": "2.40178348647",
        "_CumPctRespBest_": "96.1963190184",
        "_CumPctResp_": "57.7606826194",
        "_CumRespBest_": "100",
        "_CumResp_": "60.0445871617",
        "_DataRole_": "VALIDATE",
        "_Depth_": "25",
        "_Event_": "           1",
        "_GainBest_": "3",
        "_Gain_": "1.40178348647",
        "_LiftBest_": "3.36734693878",
        "_Lift_": "1.45979855062",
        "_NEventsBest_": "396",
        "_NEvents_": "171.672309553",
        "_NObs_": "489",
        "_PartInd_": "0",
        "_PctRespBest_": "80.981595092",
        "_PctResp_": "35.1068117694",
        "_RespBest_": "16.8367346939",
        "_Resp_": "7.29899275309",
        "_TargetName_": "GE50K",
        "_Value_": "0.352977539666",
        "_formattedPartition_": "           0"
      },
      "rowNumber": 6
    },
    {
      "dataMap": {
        "_Column_": "P_GE50K1",
        "_CumLiftBest_": "3.33333333333",
        "_CumLift_": "2.24478599716",
        "_CumPctRespBest_": "80.163599182",
        "_CumPctResp_": "53.9850374777",
        "_CumRespBest_": "100",
        "_CumResp_": "67.3435799148",
        "_DataRole_": "VALIDATE",
        "_Depth_": "30",
        "_Event_": "           1",
        "_GainBest_": "2.33333333333",
        "_Gain_": "1.24478599716",
        "_LiftBest_": "0",
        "_Lift_": "1.45979855062",
        "_NEventsBest_": "0",
        "_NEvents_": "171.672309553",
        "_NObs_": "489",
        "_PartInd_": "0",
        "_PctRespBest_": "0",
        "_PctResp_": "35.1068117694",
        "_RespBest_": "0",
        "_Resp_": "7.29899275309",
        "_TargetName_": "GE50K",
        "_Value_": "0.352977539666",
        "_formattedPartition_": "           0"
      },
      "rowNumber": 7
    },
    {
      "dataMap": {
        "_Column_": "P_GE50K1",
        "_CumLiftBest_": "2.85714285714",
        "_CumLift_": "2.13264493337",
        "_CumPctRespBest_": "68.7116564417",
        "_CumPctResp_": "51.2881480908",
        "_CumRespBest_": "100",
        "_CumResp_": "74.6425726679",
        "_DataRole_": "VALIDATE",
        "_Depth_": "35",
        "_Event_": "           1",
        "_GainBest_": "1.85714285714",
        "_Gain_": "1.13264493337",
        "_LiftBest_": "0",
        "_Lift_": "1.45979855062",
        "_NEventsBest_": "0",
        "_NEvents_": "171.672309553",
        "_NObs_": "489",
        "_PartInd_": "0",
        "_PctRespBest_": "0",
        "_PctResp_": "35.1068117694",
        "_RespBest_": "0",
        "_Resp_": "7.29899275309",
        "_TargetName_": "GE50K",
        "_Value_": "0.352977539666",
        "_formattedPartition_": "           0"
      },
      "rowNumber": 8
    },
    {
      "dataMap": {
        "_Column_": "P_GE50K1",
        "_CumLiftBest_": "2.5",
        "_CumLift_": "2.04853913553",
        "_CumPctRespBest_": "60.1226993865",
        "_CumPctResp_": "49.2654810507",
        "_CumRespBest_": "100",
        "_CumResp_": "81.941565421",
        "_DataRole_": "VALIDATE",
        "_Depth_": "40",
        "_Event_": "           1",
        "_GainBest_": "1.5",
        "_Gain_": "1.04853913553",
        "_LiftBest_": "0",
        "_Lift_": "1.45979855062",
        "_NEventsBest_": "0",
        "_NEvents_": "171.672309553",
        "_NObs_": "489",
        "_PartInd_": "0",
        "_PctRespBest_": "0",
        "_PctResp_": "35.1068117694",
        "_RespBest_": "0",
        "_Resp_": "7.29899275309",
        "_TargetName_": "GE50K",
        "_Value_": "0.352977539666",
        "_formattedPartition_": "           0"
      },
      "rowNumber": 9
    },
    {
      "dataMap": {
        "_Column_": "P_GE50K1",
        "_CumLiftBest_": "2.22222222222",
        "_CumLift_": "1.9142101285",
        "_CumPctRespBest_": "53.4423994547",
        "_CumPctResp_": "46.0349920473",
        "_CumRespBest_": "100",
        "_CumResp_": "86.1394557823",
        "_DataRole_": "VALIDATE",
        "_Depth_": "45",
        "_Event_": "           1",
        "_GainBest_": "1.22222222222",
        "_Gain_": "0.914210128496",
        "_LiftBest_": "0",
        "_Lift_": "0.839578072261",
        "_NEventsBest_": "0",
        "_NEvents_": "98.7343812979",
        "_NObs_": "489",
        "_PartInd_": "0",
        "_PctRespBest_": "0",
        "_PctResp_": "20.19108002",
        "_RespBest_": "0",
        "_Resp_": "4.1978903613",
        "_TargetName_": "GE50K",
        "_Value_": "0.0852272727273",
        "_formattedPartition_": "           0"
      },
      "rowNumber": 10
    },
    {
      "dataMap": {
        "_Column_": "P_GE50K1",
        "_CumLiftBest_": "2",
        "_CumLift_": "1.74880768576",
        "_CumPctRespBest_": "48.0981595092",
        "_CumPctResp_": "42.0572155103",
        "_CumRespBest_": "100",
        "_CumResp_": "87.440384288",
        "_DataRole_": "VALIDATE",
        "_Depth_": "50",
        "_Event_": "           1",
        "_GainBest_": "1",
        "_Gain_": "0.748807685759",
        "_LiftBest_": "0",
        "_Lift_": "0.260185701129",
        "_NEventsBest_": "0",
        "_NEvents_": "30.5978384528",
        "_NObs_": "489",
        "_PartInd_": "0",
        "_PctRespBest_": "0",
        "_PctResp_": "6.25722667746",
        "_RespBest_": "0",
        "_Resp_": "1.30092850565",
        "_TargetName_": "GE50K",
        "_Value_": "0.0578386605784",
        "_formattedPartition_": "           0"
      },
      "rowNumber": 11
    },
    {
      "dataMap": {
        "_Column_": "P_GE50K1",
        "_CumLiftBest_": "1.81818181818",
        "_CumLift_": "1.61283289818",
        "_CumPctRespBest_": "43.7255995538",
        "_CumPctResp_": "38.7871469992",
        "_CumRespBest_": "100",
        "_CumResp_": "88.7058094",
        "_DataRole_": "VALIDATE",
        "_Depth_": "55",
        "_Event_": "           1",
        "_GainBest_": "0.818181818182",
        "_Gain_": "0.612832898182",
        "_LiftBest_": "0",
        "_Lift_": "0.253085022405",
        "_NEventsBest_": "0",
        "_NEvents_": "29.7627986348",
        "_NObs_": "489",
        "_PartInd_": "0",
        "_PctRespBest_": "0",
        "_PctResp_": "6.08646188851",
        "_RespBest_": "0",
        "_Resp_": "1.26542511202",
        "_TargetName_": "GE50K",
        "_Value_": "0.0578386605784",
        "_formattedPartition_": "           0"
      },
      "rowNumber": 12
    },
    {
      "dataMap": {
        "_Column_": "P_GE50K1",
        "_CumLiftBest_": "1.66666666667",
        "_CumLift_": "1.4995205752",
        "_CumPctRespBest_": "40.081799591",
        "_CumPctResp_": "36.0620899067",
        "_CumRespBest_": "100",
        "_CumResp_": "89.971234512",
        "_DataRole_": "VALIDATE",
        "_Depth_": "60",
        "_Event_": "           1",
        "_GainBest_": "0.666666666667",
        "_Gain_": "0.4995205752",
        "_LiftBest_": "0",
        "_Lift_": "0.253085022405",
        "_NEventsBest_": "0",
        "_NEvents_": "29.7627986348",
        "_NObs_": "489",
        "_PartInd_": "0",
        "_PctRespBest_": "0",
        "_PctResp_": "6.08646188851",
        "_RespBest_": "0",
        "_Resp_": "1.26542511202",
        "_TargetName_": "GE50K",
        "_Value_": "0.0578386605784",
        "_formattedPartition_": "           0"
      },
      "rowNumber": 13
    },
    {
      "dataMap": {
        "_Column_": "P_GE50K1",
        "_CumLiftBest_": "1.53846153846",
        "_CumLift_": "1.40364091729",
        "_CumPctRespBest_": "36.9985842378",
        "_CumPctResp_": "33.7562723668",
        "_CumRespBest_": "100",
        "_CumResp_": "91.236659624",
        "_DataRole_": "VALIDATE",
        "_Depth_": "65",
        "_Event_": "           1",
        "_GainBest_": "0.538461538462",
        "_Gain_": "0.403640917293",
        "_LiftBest_": "0",
        "_Lift_": "0.253085022405",
        "_NEventsBest_": "0",
        "_NEvents_": "29.7627986348",
        "_NObs_": "489",
        "_PartInd_": "0",
        "_PctRespBest_": "0",
        "_PctResp_": "6.08646188851",
        "_RespBest_": "0",
        "_Resp_": "1.26542511202",
        "_TargetName_": "GE50K",
        "_Value_": "0.0578386605784",
        "_formattedPartition_": "           0"
      },
      "rowNumber": 14
    },
    {
      "dataMap": {
        "_Column_": "P_GE50K1",
        "_CumLiftBest_": "1.42857142857",
        "_CumLift_": "1.32145835337",
        "_CumPctRespBest_": "34.3558282209",
        "_CumPctResp_": "31.7798573326",
        "_CumRespBest_": "100",
        "_CumResp_": "92.5020847361",
        "_DataRole_": "VALIDATE",
        "_Depth_": "70",
        "_Event_": "           1",
        "_GainBest_": "0.428571428571",
        "_Gain_": "0.321458353372",
        "_LiftBest_": "0",
        "_Lift_": "0.253085022405",
        "_NEventsBest_": "0",
        "_NEvents_": "29.7627986348",
        "_NObs_": "489",
        "_PartInd_": "0",
        "_PctRespBest_": "0",
        "_PctResp_": "6.08646188851",
        "_RespBest_": "0",
        "_Resp_": "1.26542511202",
        "_TargetName_": "GE50K",
        "_Value_": "0.0578386605784",
        "_formattedPartition_": "           0"
      },
      "rowNumber": 15
    },
    {
      "dataMap": {
        "_Column_": "P_GE50K1",
        "_CumLiftBest_": "1.33333333333",
        "_CumLift_": "1.25023346464",
        "_CumPctRespBest_": "32.0654396728",
        "_CumPctResp_": "30.066964303",
        "_CumRespBest_": "100",
        "_CumResp_": "93.7675098481",
        "_DataRole_": "VALIDATE",
        "_Depth_": "75",
        "_Event_": "           1",
        "_GainBest_": "0.333333333333",
        "_Gain_": "0.250233464641",
        "_LiftBest_": "0",
        "_Lift_": "0.253085022405",
        "_NEventsBest_": "0",
        "_NEvents_": "29.7627986348",
        "_NObs_": "489",
        "_PartInd_": "0",
        "_PctRespBest_": "0",
        "_PctResp_": "6.08646188851",
        "_RespBest_": "0",
        "_Resp_": "1.26542511202",
        "_TargetName_": "GE50K",
        "_Value_": "0.0578386605784",
        "_formattedPartition_": "           0"
      },
      "rowNumber": 16
    },
    {
      "dataMap": {
        "_Column_": "P_GE50K1",
        "_CumLiftBest_": "1.25",
        "_CumLift_": "1.187911687",
        "_CumPctRespBest_": "30.0613496933",
        "_CumPctResp_": "28.5681829021",
        "_CumRespBest_": "100",
        "_CumResp_": "95.0329349601",
        "_DataRole_": "VALIDATE",
        "_Depth_": "80",
        "_Event_": "           1",
        "_GainBest_": "0.25",
        "_Gain_": "0.187911687001",
        "_LiftBest_": "0",
        "_Lift_": "0.253085022405",
        "_NEventsBest_": "0",
        "_NEvents_": "29.7627986348",
        "_NObs_": "489",
        "_PartInd_": "0",
        "_PctRespBest_": "0",
        "_PctResp_": "6.08646188851",
        "_RespBest_": "0",
        "_Resp_": "1.26542511202",
        "_TargetName_": "GE50K",
        "_Value_": "0.0578386605784",
        "_formattedPartition_": "           0"
      },
      "rowNumber": 17
    },
    {
      "dataMap": {
        "_Column_": "P_GE50K1",
        "_CumLiftBest_": "1.17647058824",
        "_CumLift_": "1.1329218832",
        "_CumPctRespBest_": "28.2930350054",
        "_CumPctResp_": "27.2457287248",
        "_CumRespBest_": "100",
        "_CumResp_": "96.2983600721",
        "_DataRole_": "VALIDATE",
        "_Depth_": "85",
        "_Event_": "           1",
        "_GainBest_": "0.176470588235",
        "_Gain_": "0.132921883202",
        "_LiftBest_": "0",
        "_Lift_": "0.253085022405",
        "_NEventsBest_": "0",
        "_NEvents_": "29.7627986348",
        "_NObs_": "489",
        "_PartInd_": "0",
        "_PctRespBest_": "0",
        "_PctResp_": "6.08646188851",
        "_RespBest_": "0",
        "_Resp_": "1.26542511202",
        "_TargetName_": "GE50K",
        "_Value_": "0.0578386605784",
        "_formattedPartition_": "           0"
      },
      "rowNumber": 18
    },
    {
      "dataMap": {
        "_Column_": "P_GE50K1",
        "_CumLiftBest_": "1.11111111111",
        "_CumLift_": "1.0840420576",
        "_CumPctRespBest_": "26.7211997273",
        "_CumPctResp_": "26.0702139006",
        "_CumRespBest_": "100",
        "_CumResp_": "97.5637851842",
        "_DataRole_": "VALIDATE",
        "_Depth_": "90",
        "_Event_": "           1",
        "_GainBest_": "0.111111111111",
        "_Gain_": "0.0840420576017",
        "_LiftBest_": "0",
        "_Lift_": "0.253085022405",
        "_NEventsBest_": "0",
        "_NEvents_": "29.7627986348",
        "_NObs_": "489",
        "_PartInd_": "0",
        "_PctRespBest_": "0",
        "_PctResp_": "6.08646188851",
        "_RespBest_": "0",
        "_Resp_": "1.26542511202",
        "_TargetName_": "GE50K",
        "_Value_": "0.0578386605784",
        "_formattedPartition_": "           0"
      },
      "rowNumber": 19
    },
    {
      "dataMap": {
        "_Column_": "P_GE50K1",
        "_CumLiftBest_": "1.05263157895",
        "_CumLift_": "1.0403074768",
        "_CumPctRespBest_": "25.3148207943",
        "_CumPctResp_": "25.0184374789",
        "_CumRespBest_": "100",
        "_CumResp_": "98.8292102962",
        "_DataRole_": "VALIDATE",
        "_Depth_": "95",
        "_Event_": "           1",
        "_GainBest_": "0.0526315789474",
        "_Gain_": "0.0403074768019",
        "_LiftBest_": "0",
        "_Lift_": "0.253085022405",
        "_NEventsBest_": "0",
        "_NEvents_": "29.7627986348",
        "_NObs_": "489",
        "_PartInd_": "0",
        "_PctRespBest_": "0",
        "_PctResp_": "6.08646188851",
        "_RespBest_": "0",
        "_Resp_": "1.26542511202",
        "_TargetName_": "GE50K",
        "_Value_": "0.0578386605784",
        "_formattedPartition_": "           0"
      },
      "rowNumber": 20
    },
    {
      "dataMap": {
        "_Column_": "P_GE50K1",
        "_CumLiftBest_": "1",
        "_CumLift_": "1",
        "_CumPctRespBest_": "24.0786240786",
        "_CumPctResp_": "24.0786240786",
        "_CumRespBest_": "100",
        "_CumResp_": "100",
        "_DataRole_": "VALIDATE",
        "_Depth_": "100",
        "_Event_": "           1",
        "_GainBest_": "0",
        "_Gain_": "8.881784197e-16",
        "_LiftBest_": "0",
        "_Lift_": "0.234157940764",
        "_NEventsBest_": "0",
        "_NEvents_": "27.5369738339",
        "_NObs_": "477",
        "_PartInd_": "0",
        "_PctRespBest_": "0",
        "_PctResp_": "5.77295048929",
        "_RespBest_": "0",
        "_Resp_": "1.17078970382",
        "_TargetName_": "GE50K",
        "_Value_": "0",
        "_formattedPartition_": "           0"
      },
      "rowNumber": 21
    },
    {
      "dataMap": {
        "_Column_": "P_GE50K1",
        "_CumLiftBest_": null,
        "_CumLift_": null,
        "_CumPctRespBest_": null,
        "_CumPctResp_": null,
        "_CumRespBest_": "0",
        "_CumResp_": "0",
        "_DataRole_": "TRAIN",
        "_Depth_": "0",
        "_Event_": "           1",
        "_GainBest_": null,
        "_Gain_": null,
        "_LiftBest_": null,
        "_Lift_": null,
        "_NEventsBest_": "0",
        "_NEvents_": "0",
        "_NObs_": "0",
        "_PartInd_": "1",
        "_PctRespBest_": null,
        "_PctResp_": null,
        "_RespBest_": "0",
        "_Resp_": "0",
        "_TargetName_": "GE50K",
        "_Value_": "0",
        "_formattedPartition_": "           1"
      },
      "rowNumber": 22
    },
    {
      "dataMap": {
        "_Column_": "P_GE50K1",
        "_CumLiftBest_": "4.15302869288",
        "_CumLift_": "3.10470763753",
        "_CumPctRespBest_": "100",
        "_CumPctResp_": "74.7576736672",
        "_CumRespBest_": "20.7651434644",
        "_CumResp_": "15.5235381876",
        "_DataRole_": "TRAIN",
        "_Depth_": "5",
        "_Event_": "           1",
        "_GainBest_": "3.15302869288",
        "_Gain_": "2.10470763753",
        "_LiftBest_": "4.15302869288",
        "_Lift_": "3.10470763753",
        "_NEventsBest_": "977",
        "_NEvents_": "730.382471729",
        "_NObs_": "977",
        "_PartInd_": "1",
        "_PctRespBest_": "100",
        "_PctResp_": "74.7576736672",
        "_RespBest_": "20.7651434644",
        "_Resp_": "15.5235381876",
        "_TargetName_": "GE50K",
        "_Value_": "0.747576736672",
        "_formattedPartition_": "           1"
      },
      "rowNumber": 23
    },
    {
      "dataMap": {
        "_Column_": "P_GE50K1",
        "_CumLiftBest_": "4.15302869288",
        "_CumLift_": "3.10470763753",
        "_CumPctRespBest_": "100",
        "_CumPctResp_": "74.7576736672",
        "_CumRespBest_": "41.5302869288",
        "_CumResp_": "31.0470763753",
        "_DataRole_": "TRAIN",
        "_Depth_": "10",
        "_Event_": "           1",
        "_GainBest_": "3.15302869288",
        "_Gain_": "2.10470763753",
        "_LiftBest_": "4.15302869288",
        "_Lift_": "3.10470763753",
        "_NEventsBest_": "977",
        "_NEvents_": "730.382471729",
        "_NObs_": "977",
        "_PartInd_": "1",
        "_PctRespBest_": "100",
        "_PctResp_": "74.7576736672",
        "_RespBest_": "20.7651434644",
        "_Resp_": "15.5235381876",
        "_TargetName_": "GE50K",
        "_Value_": "0.747576736672",
        "_formattedPartition_": "           1"
      },
      "rowNumber": 24
    },
    {
      "dataMap": {
        "_Column_": "P_GE50K1",
        "_CumLiftBest_": "4.15302869288",
        "_CumLift_": "3.03617973501",
        "_CumPctRespBest_": "100",
        "_CumPctResp_": "73.1076031382",
        "_CumRespBest_": "62.2954303932",
        "_CumResp_": "45.5426960251",
        "_DataRole_": "TRAIN",
        "_Depth_": "15",
        "_Event_": "           1",
        "_GainBest_": "3.15302869288",
        "_Gain_": "2.03617973501",
        "_LiftBest_": "4.15302869288",
        "_Lift_": "2.89912392996",
        "_NEventsBest_": "977",
        "_NEvents_": "682.018904524",
        "_NObs_": "977",
        "_PartInd_": "1",
        "_PctRespBest_": "100",
        "_PctResp_": "69.8074620802",
        "_RespBest_": "20.7651434644",
        "_Resp_": "14.4956196498",
        "_TargetName_": "GE50K",
        "_Value_": "0.619952494062",
        "_formattedPartition_": "           1"
      },
      "rowNumber": 25
    },
    {
      "dataMap": {
        "_Column_": "P_GE50K1",
        "_CumLiftBest_": "4.15302869288",
        "_CumLift_": "2.67328052611",
        "_CumPctRespBest_": "100",
        "_CumPctResp_": "64.3694210611",
        "_CumRespBest_": "83.0605738576",
        "_CumResp_": "53.4656105221",
        "_DataRole_": "TRAIN",
        "_Depth_": "20",
        "_Event_": "           1",
        "_GainBest_": "3.15302869288",
        "_Gain_": "1.67328052611",
        "_LiftBest_": "4.15302869288",
        "_Lift_": "1.58458289941",
        "_NEventsBest_": "977",
        "_NEvents_": "372.773127086",
        "_NObs_": "977",
        "_PartInd_": "1",
        "_PctRespBest_": "100",
        "_PctResp_": "38.1548748297",
        "_RespBest_": "20.7651434644",
        "_Resp_": "7.92291449705",
        "_TargetName_": "GE50K",
        "_Value_": "0.352977539666",
        "_formattedPartition_": "           1"
      },
      "rowNumber": 26
    },
    {
      "dataMap": {
        "_Column_": "P_GE50K1",
        "_CumLiftBest_": "4",
        "_CumLift_": "2.43180959092",
        "_CumPctRespBest_": "96.3152507677",
        "_CumPctResp_": "58.5550876422",
        "_CumRespBest_": "100",
        "_CumResp_": "60.795239773",
        "_DataRole_": "TRAIN",
        "_Depth_": "25",
        "_Event_": "           1",
        "_GainBest_": "3",
        "_Gain_": "1.43180959092",
        "_LiftBest_": "3.38788522848",
        "_Lift_": "1.46592585018",
        "_NEventsBest_": "797",
        "_NEvents_": "344.859056254",
        "_NObs_": "977",
        "_PartInd_": "1",
        "_PctRespBest_": "81.5762538383",
        "_PctResp_": "35.2977539666",
        "_RespBest_": "16.9394261424",
        "_Resp_": "7.32962925088",
        "_TargetName_": "GE50K",
        "_Value_": "0.352977539666",
        "_formattedPartition_": "           1"
      },
      "rowNumber": 27
    },
    {
      "dataMap": {
        "_Column_": "P_GE50K1",
        "_CumLiftBest_": "3.33333333333",
        "_CumLift_": "2.27082896746",
        "_CumPctRespBest_": "80.262708973",
        "_CumPctResp_": "54.6788653629",
        "_CumRespBest_": "100",
        "_CumResp_": "68.1248690239",
        "_DataRole_": "TRAIN",
        "_Depth_": "30",
        "_Event_": "           1",
        "_GainBest_": "2.33333333333",
        "_Gain_": "1.27082896746",
        "_LiftBest_": "0",
        "_Lift_": "1.46592585018",
        "_NEventsBest_": "0",
        "_NEvents_": "344.859056254",
        "_NObs_": "977",
        "_PartInd_": "1",
        "_PctRespBest_": "0",
        "_PctResp_": "35.2977539666",
        "_RespBest_": "0",
        "_Resp_": "7.32962925088",
        "_TargetName_": "GE50K",
        "_Value_": "0.352977539666",
        "_formattedPartition_": "           1"
      },
      "rowNumber": 28
    },
    {
      "dataMap": {
        "_Column_": "P_GE50K1",
        "_CumLiftBest_": "2.85714285714",
        "_CumLift_": "2.15584280785",
        "_CumPctRespBest_": "68.7966076912",
        "_CumPctResp_": "51.9101351635",
        "_CumRespBest_": "100",
        "_CumResp_": "75.4544982748",
        "_DataRole_": "TRAIN",
        "_Depth_": "35",
        "_Event_": "           1",
        "_GainBest_": "1.85714285714",
        "_Gain_": "1.15584280785",
        "_LiftBest_": "0",
        "_Lift_": "1.46592585018",
        "_NEventsBest_": "0",
        "_NEvents_": "344.859056254",
        "_NObs_": "977",
        "_PartInd_": "1",
        "_PctRespBest_": "0",
        "_PctResp_": "35.2977539666",
        "_RespBest_": "0",
        "_Resp_": "7.32962925088",
        "_TargetName_": "GE50K",
        "_Value_": "0.352977539666",
        "_formattedPartition_": "           1"
      },
      "rowNumber": 29
    },
    {
      "dataMap": {
        "_Column_": "P_GE50K1",
        "_CumLiftBest_": "2.5",
        "_CumLift_": "2.06960318814",
        "_CumPctRespBest_": "60.1970317298",
        "_CumPctResp_": "49.8335875138",
        "_CumRespBest_": "100",
        "_CumResp_": "82.7841275257",
        "_DataRole_": "TRAIN",
        "_Depth_": "40",
        "_Event_": "           1",
        "_GainBest_": "1.5",
        "_Gain_": "1.06960318814",
        "_LiftBest_": "0",
        "_Lift_": "1.46592585018",
        "_NEventsBest_": "0",
        "_NEvents_": "344.859056254",
        "_NObs_": "977",
        "_PartInd_": "1",
        "_PctRespBest_": "0",
        "_PctResp_": "35.2977539666",
        "_RespBest_": "0",
        "_Resp_": "7.32962925088",
        "_TargetName_": "GE50K",
        "_Value_": "0.352977539666",
        "_formattedPartition_": "           1"
      },
      "rowNumber": 30
    },
    {
      "dataMap": {
        "_Column_": "P_GE50K1",
        "_CumLiftBest_": "2.22222222222",
        "_CumLift_": "1.92809336725",
        "_CumPctRespBest_": "53.5084726487",
        "_CumPctResp_": "46.4261990426",
        "_CumRespBest_": "100",
        "_CumResp_": "86.7642015264",
        "_DataRole_": "TRAIN",
        "_Depth_": "45",
        "_Event_": "           1",
        "_GainBest_": "1.22222222222",
        "_Gain_": "0.928093367254",
        "_LiftBest_": "0",
        "_Lift_": "0.796014800152",
        "_NEventsBest_": "0",
        "_NEvents_": "187.262481736",
        "_NObs_": "977",
        "_PartInd_": "1",
        "_PctRespBest_": "0",
        "_PctResp_": "19.1670912729",
        "_RespBest_": "0",
        "_Resp_": "3.98007400076",
        "_TargetName_": "GE50K",
        "_Value_": "0.0852272727273",
        "_formattedPartition_": "           1"
      },
      "rowNumber": 31
    },
    {
      "dataMap": {
        "_Column_": "P_GE50K1",
        "_CumLiftBest_": "2",
        "_CumLift_": "1.76131871758",
        "_CumPctRespBest_": "48.1576253838",
        "_CumPctResp_": "42.4104634914",
        "_CumRespBest_": "100",
        "_CumResp_": "88.065935879",
        "_DataRole_": "TRAIN",
        "_Depth_": "50",
        "_Event_": "           1",
        "_GainBest_": "1",
        "_Gain_": "0.761318717579",
        "_LiftBest_": "0",
        "_Lift_": "0.260346870507",
        "_NEventsBest_": "0",
        "_NEvents_": "61.2466012868",
        "_NObs_": "977",
        "_PartInd_": "1",
        "_PctRespBest_": "0",
        "_PctResp_": "6.26884352987",
        "_RespBest_": "0",
        "_Resp_": "1.30173435254",
        "_TargetName_": "GE50K",
        "_Value_": "0.0578386605784",
        "_formattedPartition_": "           1"
      },
      "rowNumber": 32
    },
    {
      "dataMap": {
        "_Column_": "P_GE50K1",
        "_CumLiftBest_": "1.81818181818",
        "_CumLift_": "1.62303570843",
        "_CumPctRespBest_": "43.7796594398",
        "_CumPctResp_": "39.0807728156",
        "_CumRespBest_": "100",
        "_CumResp_": "89.2669639637",
        "_DataRole_": "TRAIN",
        "_Depth_": "55",
        "_Event_": "           1",
        "_GainBest_": "0.818181818182",
        "_Gain_": "0.62303570843",
        "_LiftBest_": "0",
        "_Lift_": "0.24020561694",
        "_NEventsBest_": "0",
        "_NEvents_": "56.5083713851",
        "_NObs_": "977",
        "_PartInd_": "1",
        "_PctRespBest_": "0",
        "_PctResp_": "5.78386605784",
        "_RespBest_": "0",
        "_Resp_": "1.2010280847",
        "_TargetName_": "GE50K",
        "_Value_": "0.0578386605784",
        "_formattedPartition_": "           1"
      },
      "rowNumber": 33
    },
    {
      "dataMap": {
        "_Column_": "P_GE50K1",
        "_CumLiftBest_": "1.66666666667",
        "_CumLift_": "1.50779986747",
        "_CumPctRespBest_": "40.1313544865",
        "_CumPctResp_": "36.3060305858",
        "_CumRespBest_": "100",
        "_CumResp_": "90.4679920484",
        "_DataRole_": "TRAIN",
        "_Depth_": "60",
        "_Event_": "           1",
        "_GainBest_": "0.666666666667",
        "_Gain_": "0.507799867473",
        "_LiftBest_": "0",
        "_Lift_": "0.24020561694",
        "_NEventsBest_": "0",
        "_NEvents_": "56.5083713851",
        "_NObs_": "977",
        "_PartInd_": "1",
        "_PctRespBest_": "0",
        "_PctResp_": "5.78386605784",
        "_RespBest_": "0",
        "_Resp_": "1.2010280847",
        "_TargetName_": "GE50K",
        "_Value_": "0.0578386605784",
        "_formattedPartition_": "           1"
      },
      "rowNumber": 34
    },
    {
      "dataMap": {
        "_Column_": "P_GE50K1",
        "_CumLiftBest_": "1.53846153846",
        "_CumLift_": "1.41029261743",
        "_CumPctRespBest_": "37.0443272183",
        "_CumPctResp_": "33.9581717759",
        "_CumRespBest_": "100",
        "_CumResp_": "91.6690201331",
        "_DataRole_": "TRAIN",
        "_Depth_": "65",
        "_Event_": "           1",
        "_GainBest_": "0.538461538462",
        "_Gain_": "0.410292617432",
        "_LiftBest_": "0",
        "_Lift_": "0.24020561694",
        "_NEventsBest_": "0",
        "_NEvents_": "56.5083713851",
        "_NObs_": "977",
        "_PartInd_": "1",
        "_PctRespBest_": "0",
        "_PctResp_": "5.78386605784",
        "_RespBest_": "0",
        "_Resp_": "1.2010280847",
        "_TargetName_": "GE50K",
        "_Value_": "0.0578386605784",
        "_formattedPartition_": "           1"
      },
      "rowNumber": 35
    },
    {
      "dataMap": {
        "_Column_": "P_GE50K1",
        "_CumLiftBest_": "1.42857142857",
        "_CumLift_": "1.32671497454",
        "_CumPctRespBest_": "34.3983038456",
        "_CumPctResp_": "31.9457213675",
        "_CumRespBest_": "100",
        "_CumResp_": "92.8700482178",
        "_DataRole_": "TRAIN",
        "_Depth_": "70",
        "_Event_": "           1",
        "_GainBest_": "0.428571428571",
        "_Gain_": "0.326714974539",
        "_LiftBest_": "0",
        "_Lift_": "0.24020561694",
        "_NEventsBest_": "0",
        "_NEvents_": "56.5083713851",
        "_NObs_": "977",
        "_PartInd_": "1",
        "_PctRespBest_": "0",
        "_PctResp_": "5.78386605784",
        "_RespBest_": "0",
        "_Resp_": "1.2010280847",
        "_TargetName_": "GE50K",
        "_Value_": "0.0578386605784",
        "_formattedPartition_": "           1"
      },
      "rowNumber": 36
    },
    {
      "dataMap": {
        "_Column_": "P_GE50K1",
        "_CumLiftBest_": "1.33333333333",
        "_CumLift_": "1.25428101737",
        "_CumPctRespBest_": "32.1050835892",
        "_CumPctResp_": "30.2015976802",
        "_CumRespBest_": "100",
        "_CumResp_": "94.0710763025",
        "_DataRole_": "TRAIN",
        "_Depth_": "75",
        "_Event_": "           1",
        "_GainBest_": "0.333333333333",
        "_Gain_": "0.254281017366",
        "_LiftBest_": "0",
        "_Lift_": "0.24020561694",
        "_NEventsBest_": "0",
        "_NEvents_": "56.5083713851",
        "_NObs_": "977",
        "_PartInd_": "1",
        "_PctRespBest_": "0",
        "_PctResp_": "5.78386605784",
        "_RespBest_": "0",
        "_Resp_": "1.2010280847",
        "_TargetName_": "GE50K",
        "_Value_": "0.0578386605784",
        "_formattedPartition_": "           1"
      },
      "rowNumber": 37
    },
    {
      "dataMap": {
        "_Column_": "P_GE50K1",
        "_CumLiftBest_": "1.25",
        "_CumLift_": "1.19090130484",
        "_CumPctRespBest_": "30.0985158649",
        "_CumPctResp_": "28.6754894538",
        "_CumRespBest_": "100",
        "_CumResp_": "95.2721043872",
        "_DataRole_": "TRAIN",
        "_Depth_": "80",
        "_Event_": "           1",
        "_GainBest_": "0.25",
        "_Gain_": "0.190901304839",
        "_LiftBest_": "0",
        "_Lift_": "0.24020561694",
        "_NEventsBest_": "0",
        "_NEvents_": "56.5083713851",
        "_NObs_": "977",
        "_PartInd_": "1",
        "_PctRespBest_": "0",
        "_PctResp_": "5.78386605784",
        "_RespBest_": "0",
        "_Resp_": "1.2010280847",
        "_TargetName_": "GE50K",
        "_Value_": "0.0578386605784",
        "_formattedPartition_": "           1"
      },
      "rowNumber": 38
    },
    {
      "dataMap": {
        "_Column_": "P_GE50K1",
        "_CumLiftBest_": "1.17647058824",
        "_CumLift_": "1.13497802908",
        "_CumPctRespBest_": "28.3280149317",
        "_CumPctResp_": "27.3289233717",
        "_CumRespBest_": "100",
        "_CumResp_": "96.4731324719",
        "_DataRole_": "TRAIN",
        "_Depth_": "85",
        "_Event_": "           1",
        "_GainBest_": "0.176470588235",
        "_Gain_": "0.134978029081",
        "_LiftBest_": "0",
        "_Lift_": "0.24020561694",
        "_NEventsBest_": "0",
        "_NEvents_": "56.5083713851",
        "_NObs_": "977",
        "_PartInd_": "1",
        "_PctRespBest_": "0",
        "_PctResp_": "5.78386605784",
        "_RespBest_": "0",
        "_Resp_": "1.2010280847",
        "_TargetName_": "GE50K",
        "_Value_": "0.0578386605784",
        "_formattedPartition_": "           1"
      },
      "rowNumber": 39
    },
    {
      "dataMap": {
        "_Column_": "P_GE50K1",
        "_CumLiftBest_": "1.11111111111",
        "_CumLift_": "1.08526845063",
        "_CumPctRespBest_": "26.7542363243",
        "_CumPctResp_": "26.1319757431",
        "_CumRespBest_": "100",
        "_CumResp_": "97.6741605566",
        "_DataRole_": "TRAIN",
        "_Depth_": "90",
        "_Event_": "           1",
        "_GainBest_": "0.111111111111",
        "_Gain_": "0.0852684506283",
        "_LiftBest_": "0",
        "_Lift_": "0.24020561694",
        "_NEventsBest_": "0",
        "_NEvents_": "56.5083713851",
        "_NObs_": "977",
        "_PartInd_": "1",
        "_PctRespBest_": "0",
        "_PctResp_": "5.78386605784",
        "_RespBest_": "0",
        "_Resp_": "1.2010280847",
        "_TargetName_": "GE50K",
        "_Value_": "0.0578386605784",
        "_formattedPartition_": "           1"
      },
      "rowNumber": 40
    },
    {
      "dataMap": {
        "_Column_": "P_GE50K1",
        "_CumLiftBest_": "1.05263157895",
        "_CumLift_": "1.04079145938",
        "_CumPctRespBest_": "25.3461186231",
        "_CumPctResp_": "25.0610226018",
        "_CumRespBest_": "100",
        "_CumResp_": "98.8751886412",
        "_DataRole_": "TRAIN",
        "_Depth_": "95",
        "_Event_": "           1",
        "_GainBest_": "0.0526315789474",
        "_Gain_": "0.0407914593816",
        "_LiftBest_": "0",
        "_Lift_": "0.24020561694",
        "_NEventsBest_": "0",
        "_NEvents_": "56.5083713851",
        "_NObs_": "977",
        "_PartInd_": "1",
        "_PctRespBest_": "0",
        "_PctResp_": "5.78386605784",
        "_RespBest_": "0",
        "_Resp_": "1.2010280847",
        "_TargetName_": "GE50K",
        "_Value_": "0.0578386605784",
        "_formattedPartition_": "           1"
      },
      "rowNumber": 41
    },
    {
      "dataMap": {
        "_Column_": "P_GE50K1",
        "_CumLiftBest_": "1",
        "_CumLift_": "1",
        "_CumPctRespBest_": "24.082510109",
        "_CumPctResp_": "24.082510109",
        "_CumRespBest_": "100",
        "_CumResp_": "100",
        "_DataRole_": "TRAIN",
        "_Depth_": "100",
        "_Event_": "           1",
        "_GainBest_": "0",
        "_Gain_": "-4.4408920985e-16",
        "_LiftBest_": "0",
        "_Lift_": "0.22496227175",
        "_NEventsBest_": "0",
        "_NEvents_": "52.9223744292",
        "_NObs_": "974",
        "_PartInd_": "1",
        "_PctRespBest_": "0",
        "_PctResp_": "5.4335086683",
        "_RespBest_": "0",
        "_Resp_": "1.12481135875",
        "_TargetName_": "GE50K",
        "_Value_": "0",
        "_formattedPartition_": "           1"
      },
      "rowNumber": 42
    },
    {
      "dataMap": {
        "_Column_": "P_GE50K1",
        "_CumLiftBest_": null,
        "_CumLift_": null,
        "_CumPctRespBest_": null,
        "_CumPctResp_": null,
        "_CumRespBest_": "0",
        "_CumResp_": "0",
        "_DataRole_": "TEST",
        "_Depth_": "0",
        "_Event_": "           1",
        "_GainBest_": null,
        "_Gain_": null,
        "_LiftBest_": null,
        "_Lift_": null,
        "_NEventsBest_": "0",
        "_NEvents_": "0",
        "_NObs_": "0",
        "_PartInd_": "2",
        "_PctRespBest_": null,
        "_PctResp_": null,
        "_RespBest_": "0",
        "_Resp_": "0",
        "_TargetName_": "GE50K",
        "_Value_": "0",
        "_formattedPartition_": "           2"
      },
      "rowNumber": 43
    },
    {
      "dataMap": {
        "_Column_": "P_GE50K1",
        "_CumLiftBest_": "4.15816326531",
        "_CumLift_": "3.003639379",
        "_CumPctRespBest_": "100",
        "_CumPctResp_": "72.2347629797",
        "_CumRespBest_": "20.7908163265",
        "_CumResp_": "15.018196895",
        "_DataRole_": "TEST",
        "_Depth_": "5",
        "_Event_": "           1",
        "_GainBest_": "3.15816326531",
        "_Gain_": "2.003639379",
        "_LiftBest_": "4.15816326531",
        "_Lift_": "3.003639379",
        "_NEventsBest_": "163",
        "_NEvents_": "117.742663657",
        "_NObs_": "163",
        "_PartInd_": "2",
        "_PctRespBest_": "100",
        "_PctResp_": "72.2347629797",
        "_RespBest_": "20.7908163265",
        "_Resp_": "15.018196895",
        "_TargetName_": "GE50K",
        "_Value_": "0.747576736672",
        "_formattedPartition_": "           2"
      },
      "rowNumber": 44
    },
    {
      "dataMap": {
        "_Column_": "P_GE50K1",
        "_CumLiftBest_": "4.15816326531",
        "_CumLift_": "3.003639379",
        "_CumPctRespBest_": "100",
        "_CumPctResp_": "72.2347629797",
        "_CumRespBest_": "41.5816326531",
        "_CumResp_": "30.03639379",
        "_DataRole_": "TEST",
        "_Depth_": "10",
        "_Event_": "           1",
        "_GainBest_": "3.15816326531",
        "_Gain_": "2.003639379",
        "_LiftBest_": "4.15816326531",
        "_Lift_": "3.003639379",
        "_NEventsBest_": "163",
        "_NEvents_": "117.742663657",
        "_NObs_": "163",
        "_PartInd_": "2",
        "_PctRespBest_": "100",
        "_PctResp_": "72.2347629797",
        "_RespBest_": "20.7908163265",
        "_Resp_": "15.018196895",
        "_TargetName_": "GE50K",
        "_Value_": "0.747576736672",
        "_formattedPartition_": "           2"
      },
      "rowNumber": 45
    },
    {
      "dataMap": {
        "_Column_": "P_GE50K1",
        "_CumLiftBest_": "4.15816326531",
        "_CumLift_": "2.97166968053",
        "_CumPctRespBest_": "100",
        "_CumPctResp_": "71.4659211514",
        "_CumRespBest_": "62.3724489796",
        "_CumResp_": "44.575045208",
        "_DataRole_": "TEST",
        "_Depth_": "15",
        "_Event_": "           1",
        "_GainBest_": "3.15816326531",
        "_Gain_": "1.97166968053",
        "_LiftBest_": "4.15816326531",
        "_Lift_": "2.90773028359",
        "_NEventsBest_": "163",
        "_NEvents_": "113.983027117",
        "_NObs_": "163",
        "_PartInd_": "2",
        "_PctRespBest_": "100",
        "_PctResp_": "69.9282374949",
        "_RespBest_": "20.7908163265",
        "_Resp_": "14.5386514179",
        "_TargetName_": "GE50K",
        "_Value_": "0.619952494062",
        "_formattedPartition_": "           2"
      },
      "rowNumber": 46
    },
    {
      "dataMap": {
        "_Column_": "P_GE50K1",
        "_CumLiftBest_": "4.15816326531",
        "_CumLift_": "2.67906079511",
        "_CumPctRespBest_": "100",
        "_CumPctResp_": "64.428946729",
        "_CumRespBest_": "83.1632653061",
        "_CumResp_": "53.5812159022",
        "_DataRole_": "TEST",
        "_Depth_": "20",
        "_Event_": "           1",
        "_GainBest_": "3.15816326531",
        "_Gain_": "1.67906079511",
        "_LiftBest_": "4.15816326531",
        "_Lift_": "1.80123413885",
        "_NEventsBest_": "163",
        "_NEvents_": "70.6083782429",
        "_NObs_": "163",
        "_PartInd_": "2",
        "_PctRespBest_": "100",
        "_PctResp_": "43.3180234619",
        "_RespBest_": "20.7908163265",
        "_Resp_": "9.00617069425",
        "_TargetName_": "GE50K",
        "_Value_": "0.352977539666",
        "_formattedPartition_": "           2"
      },
      "rowNumber": 47
    },
    {
      "dataMap": {
        "_Column_": "P_GE50K1",
        "_CumLiftBest_": "4",
        "_CumLift_": "2.421145686",
        "_CumPctRespBest_": "96.1963190184",
        "_CumPctResp_": "58.2263257001",
        "_CumRespBest_": "100",
        "_CumResp_": "60.5286421499",
        "_DataRole_": "TEST",
        "_Depth_": "25",
        "_Event_": "           1",
        "_GainBest_": "3",
        "_Gain_": "1.421145686",
        "_LiftBest_": "3.36734693878",
        "_Lift_": "1.38948524955",
        "_NEventsBest_": "132",
        "_NEvents_": "54.4678217822",
        "_NObs_": "163",
        "_PartInd_": "2",
        "_PctRespBest_": "80.981595092",
        "_PctResp_": "33.4158415842",
        "_RespBest_": "16.8367346939",
        "_Resp_": "6.94742624773",
        "_TargetName_": "GE50K",
        "_Value_": "0.352977539666",
        "_formattedPartition_": "           2"
      },
      "rowNumber": 48
    },
    {
      "dataMap": {
        "_Column_": "P_GE50K1",
        "_CumLiftBest_": "3.33333333333",
        "_CumLift_": "2.24920227992",
        "_CumPctRespBest_": "80.163599182",
        "_CumPctResp_": "54.0912450141",
        "_CumRespBest_": "100",
        "_CumResp_": "67.4760683977",
        "_DataRole_": "TEST",
        "_Depth_": "30",
        "_Event_": "           1",
        "_GainBest_": "2.33333333333",
        "_Gain_": "1.24920227992",
        "_LiftBest_": "0",
        "_Lift_": "1.38948524955",
        "_NEventsBest_": "0",
        "_NEvents_": "54.4678217822",
        "_NObs_": "163",
        "_PartInd_": "2",
        "_PctRespBest_": "0",
        "_PctResp_": "33.4158415842",
        "_RespBest_": "0",
        "_Resp_": "6.94742624773",
        "_TargetName_": "GE50K",
        "_Value_": "0.352977539666",
        "_formattedPartition_": "           2"
      },
      "rowNumber": 49
    },
    {
      "dataMap": {
        "_Column_": "P_GE50K1",
        "_CumLiftBest_": "2.85714285714",
        "_CumLift_": "2.1263855613",
        "_CumPctRespBest_": "68.7116564417",
        "_CumPctResp_": "51.1376159527",
        "_CumRespBest_": "100",
        "_CumResp_": "74.4234946454",
        "_DataRole_": "TEST",
        "_Depth_": "35",
        "_Event_": "           1",
        "_GainBest_": "1.85714285714",
        "_Gain_": "1.1263855613",
        "_LiftBest_": "0",
        "_Lift_": "1.38948524955",
        "_NEventsBest_": "0",
        "_NEvents_": "54.4678217822",
        "_NObs_": "163",
        "_PartInd_": "2",
        "_PctRespBest_": "0",
        "_PctResp_": "33.4158415842",
        "_RespBest_": "0",
        "_Resp_": "6.94742624773",
        "_TargetName_": "GE50K",
        "_Value_": "0.352977539666",
        "_formattedPartition_": "           2"
      },
      "rowNumber": 50
    },
    {
      "dataMap": {
        "_Column_": "P_GE50K1",
        "_CumLiftBest_": "2.5",
        "_CumLift_": "2.03427302233",
        "_CumPctRespBest_": "60.1226993865",
        "_CumPctResp_": "48.9223941566",
        "_CumRespBest_": "100",
        "_CumResp_": "81.3709208931",
        "_DataRole_": "TEST",
        "_Depth_": "40",
        "_Event_": "           1",
        "_GainBest_": "1.5",
        "_Gain_": "1.03427302233",
        "_LiftBest_": "0",
        "_Lift_": "1.38948524955",
        "_NEventsBest_": "0",
        "_NEvents_": "54.4678217822",
        "_NObs_": "163",
        "_PartInd_": "2",
        "_PctRespBest_": "0",
        "_PctResp_": "33.4158415842",
        "_RespBest_": "0",
        "_Resp_": "6.94742624773",
        "_TargetName_": "GE50K",
        "_Value_": "0.352977539666",
        "_formattedPartition_": "           2"
      },
      "rowNumber": 51
    },
    {
      "dataMap": {
        "_Column_": "P_GE50K1",
        "_CumLiftBest_": "2.22222222222",
        "_CumLift_": "1.90355515143",
        "_CumPctRespBest_": "53.4423994547",
        "_CumPctResp_": "45.7787496541",
        "_CumRespBest_": "100",
        "_CumResp_": "85.6599818145",
        "_DataRole_": "TEST",
        "_Depth_": "45",
        "_Event_": "           1",
        "_GainBest_": "1.22222222222",
        "_Gain_": "0.903555151434",
        "_LiftBest_": "0",
        "_Lift_": "0.85781218428",
        "_NEventsBest_": "0",
        "_NEvents_": "33.6262376238",
        "_NObs_": "163",
        "_PartInd_": "2",
        "_PctRespBest_": "0",
        "_PctResp_": "20.6295936342",
        "_RespBest_": "0",
        "_Resp_": "4.2890609214",
        "_TargetName_": "GE50K",
        "_Value_": "0.145896656535",
        "_formattedPartition_": "           2"
      },
      "rowNumber": 52
    },
    {
      "dataMap": {
        "_Column_": "P_GE50K1",
        "_CumLiftBest_": "2",
        "_CumLift_": "1.74864074043",
        "_CumPctRespBest_": "48.0981595092",
        "_CumPctResp_": "42.0532006288",
        "_CumRespBest_": "100",
        "_CumResp_": "87.4320370217",
        "_DataRole_": "TEST",
        "_Depth_": "50",
        "_Event_": "           1",
        "_GainBest_": "1",
        "_Gain_": "0.748640740433",
        "_LiftBest_": "0",
        "_Lift_": "0.354411041431",
        "_NEventsBest_": "0",
        "_NEvents_": "13.8929128241",
        "_NObs_": "163",
        "_PartInd_": "2",
        "_PctRespBest_": "0",
        "_PctResp_": "8.5232594013",
        "_RespBest_": "0",
        "_Resp_": "1.77205520716",
        "_TargetName_": "GE50K",
        "_Value_": "0.0578386605784",
        "_formattedPartition_": "           2"
      },
      "rowNumber": 53
    },
    {
      "dataMap": {
        "_Column_": "P_GE50K1",
        "_CumLiftBest_": "1.81818181818",
        "_CumLift_": "1.61273647909",
        "_CumPctRespBest_": "43.7255995538",
        "_CumPctResp_": "38.7848282089",
        "_CumRespBest_": "100",
        "_CumResp_": "88.7005063501",
        "_DataRole_": "TEST",
        "_Depth_": "55",
        "_Event_": "           1",
        "_GainBest_": "0.818181818182",
        "_Gain_": "0.612736479093",
        "_LiftBest_": "0",
        "_Lift_": "0.253693865693",
        "_NEventsBest_": "0",
        "_NEvents_": "9.94479953515",
        "_NObs_": "163",
        "_PartInd_": "2",
        "_PctRespBest_": "0",
        "_PctResp_": "6.1011040093",
        "_RespBest_": "0",
        "_Resp_": "1.26846932846",
        "_TargetName_": "GE50K",
        "_Value_": "0.0578386605784",
        "_formattedPartition_": "           2"
      },
      "rowNumber": 54
    },
    {
      "dataMap": {
        "_Column_": "P_GE50K1",
        "_CumLiftBest_": "1.66666666667",
        "_CumLift_": "1.49948292798",
        "_CumPctRespBest_": "40.081799591",
        "_CumPctResp_": "36.0611845256",
        "_CumRespBest_": "100",
        "_CumResp_": "89.9689756786",
        "_DataRole_": "TEST",
        "_Depth_": "60",
        "_Event_": "           1",
        "_GainBest_": "0.666666666667",
        "_Gain_": "0.499482927977",
        "_LiftBest_": "0",
        "_Lift_": "0.253693865693",
        "_NEventsBest_": "0",
        "_NEvents_": "9.94479953515",
        "_NObs_": "163",
        "_PartInd_": "2",
        "_PctRespBest_": "0",
        "_PctResp_": "6.1011040093",
        "_RespBest_": "0",
        "_Resp_": "1.26846932846",
        "_TargetName_": "GE50K",
        "_Value_": "0.0578386605784",
        "_formattedPartition_": "           2"
      },
      "rowNumber": 55
    },
    {
      "dataMap": {
        "_Column_": "P_GE50K1",
        "_CumLiftBest_": "1.53846153846",
        "_CumLift_": "1.40365300011",
        "_CumPctRespBest_": "36.9985842378",
        "_CumPctResp_": "33.7565629474",
        "_CumRespBest_": "100",
        "_CumResp_": "91.2374450071",
        "_DataRole_": "TEST",
        "_Depth_": "65",
        "_Event_": "           1",
        "_GainBest_": "0.538461538462",
        "_Gain_": "0.403653000109",
        "_LiftBest_": "0",
        "_Lift_": "0.253693865693",
        "_NEventsBest_": "0",
        "_NEvents_": "9.94479953515",
        "_NObs_": "163",
        "_PartInd_": "2",
        "_PctRespBest_": "0",
        "_PctResp_": "6.1011040093",
        "_RespBest_": "0",
        "_Resp_": "1.26846932846",
        "_TargetName_": "GE50K",
        "_Value_": "0.0578386605784",
        "_formattedPartition_": "           2"
      },
      "rowNumber": 56
    },
    {
      "dataMap": {
        "_Column_": "P_GE50K1",
        "_CumLiftBest_": "1.42857142857",
        "_CumLift_": "1.32151306194",
        "_CumPctRespBest_": "34.3558282209",
        "_CumPctResp_": "31.7811730232",
        "_CumRespBest_": "100",
        "_CumResp_": "92.5059143355",
        "_DataRole_": "TEST",
        "_Depth_": "70",
        "_Event_": "           1",
        "_GainBest_": "0.428571428571",
        "_Gain_": "0.321513061936",
        "_LiftBest_": "0",
        "_Lift_": "0.253693865693",
        "_NEventsBest_": "0",
        "_NEvents_": "9.94479953515",
        "_NObs_": "163",
        "_PartInd_": "2",
        "_PctRespBest_": "0",
        "_PctResp_": "6.1011040093",
        "_RespBest_": "0",
        "_Resp_": "1.26846932846",
        "_TargetName_": "GE50K",
        "_Value_": "0.0578386605784",
        "_formattedPartition_": "           2"
      },
      "rowNumber": 57
    },
    {
      "dataMap": {
        "_Column_": "P_GE50K1",
        "_CumLiftBest_": "1.33333333333",
        "_CumLift_": "1.25032511552",
        "_CumPctRespBest_": "32.0654396728",
        "_CumPctResp_": "30.0691684223",
        "_CumRespBest_": "100",
        "_CumResp_": "93.774383664",
        "_DataRole_": "TEST",
        "_Depth_": "75",
        "_Event_": "           1",
        "_GainBest_": "0.333333333333",
        "_Gain_": "0.25032511552",
        "_LiftBest_": "0",
        "_Lift_": "0.253693865693",
        "_NEventsBest_": "0",
        "_NEvents_": "9.94479953515",
        "_NObs_": "163",
        "_PartInd_": "2",
        "_PctRespBest_": "0",
        "_PctResp_": "6.1011040093",
        "_RespBest_": "0",
        "_Resp_": "1.26846932846",
        "_TargetName_": "GE50K",
        "_Value_": "0.0578386605784",
        "_formattedPartition_": "           2"
      },
      "rowNumber": 58
    },
    {
      "dataMap": {
        "_Column_": "P_GE50K1",
        "_CumLiftBest_": "1.25",
        "_CumLift_": "1.18803566241",
        "_CumPctRespBest_": "30.0613496933",
        "_CumPctResp_": "28.5711643965",
        "_CumRespBest_": "100",
        "_CumResp_": "95.0428529924",
        "_DataRole_": "TEST",
        "_Depth_": "80",
        "_Event_": "           1",
        "_GainBest_": "0.25",
        "_Gain_": "0.188035662406",
        "_LiftBest_": "0",
        "_Lift_": "0.253693865693",
        "_NEventsBest_": "0",
        "_NEvents_": "9.94479953515",
        "_NObs_": "163",
        "_PartInd_": "2",
        "_PctRespBest_": "0",
        "_PctResp_": "6.1011040093",
        "_RespBest_": "0",
        "_Resp_": "1.26846932846",
        "_TargetName_": "GE50K",
        "_Value_": "0.0578386605784",
        "_formattedPartition_": "           2"
      },
      "rowNumber": 59
    },
    {
      "dataMap": {
        "_Column_": "P_GE50K1",
        "_CumLiftBest_": "1.17647058824",
        "_CumLift_": "1.13307438025",
        "_CumPctRespBest_": "28.2930350054",
        "_CumPctResp_": "27.2493961384",
        "_CumRespBest_": "100",
        "_CumResp_": "96.3113223209",
        "_DataRole_": "TEST",
        "_Depth_": "85",
        "_Event_": "           1",
        "_GainBest_": "0.176470588235",
        "_Gain_": "0.133074380246",
        "_LiftBest_": "0",
        "_Lift_": "0.253693865693",
        "_NEventsBest_": "0",
        "_NEvents_": "9.94479953515",
        "_NObs_": "163",
        "_PartInd_": "2",
        "_PctRespBest_": "0",
        "_PctResp_": "6.1011040093",
        "_RespBest_": "0",
        "_Resp_": "1.26846932846",
        "_TargetName_": "GE50K",
        "_Value_": "0.0578386605784",
        "_formattedPartition_": "           2"
      },
      "rowNumber": 60
    },
    {
      "dataMap": {
        "_Column_": "P_GE50K1",
        "_CumLiftBest_": "1.11111111111",
        "_CumLift_": "1.08421990722",
        "_CumPctRespBest_": "26.7211997273",
        "_CumPctResp_": "26.0744910201",
        "_CumRespBest_": "100",
        "_CumResp_": "97.5797916494",
        "_DataRole_": "TEST",
        "_Depth_": "90",
        "_Event_": "           1",
        "_GainBest_": "0.111111111111",
        "_Gain_": "0.0842199072153",
        "_LiftBest_": "0",
        "_Lift_": "0.253693865693",
        "_NEventsBest_": "0",
        "_NEvents_": "9.94479953515",
        "_NObs_": "163",
        "_PartInd_": "2",
        "_PctRespBest_": "0",
        "_PctResp_": "6.1011040093",
        "_RespBest_": "0",
        "_Resp_": "1.26846932846",
        "_TargetName_": "GE50K",
        "_Value_": "0.0578386605784",
        "_formattedPartition_": "           2"
      },
      "rowNumber": 61
    },
    {
      "dataMap": {
        "_Column_": "P_GE50K1",
        "_CumLiftBest_": "1.05263157895",
        "_CumLift_": "1.04050801029",
        "_CumPctRespBest_": "25.3148207943",
        "_CumPctResp_": "25.0232601248",
        "_CumRespBest_": "100",
        "_CumResp_": "98.8482609778",
        "_DataRole_": "TEST",
        "_Depth_": "95",
        "_Event_": "           1",
        "_GainBest_": "0.0526315789474",
        "_Gain_": "0.040508010293",
        "_LiftBest_": "0",
        "_Lift_": "0.253693865693",
        "_NEventsBest_": "0",
        "_NEvents_": "9.94479953515",
        "_NObs_": "163",
        "_PartInd_": "2",
        "_PctRespBest_": "0",
        "_PctResp_": "6.1011040093",
        "_RespBest_": "0",
        "_Resp_": "1.26846932846",
        "_TargetName_": "GE50K",
        "_Value_": "0.0578386605784",
        "_formattedPartition_": "           2"
      },
      "rowNumber": 62
    },
    {
      "dataMap": {
        "_Column_": "P_GE50K1",
        "_CumLiftBest_": "1",
        "_CumLift_": "1",
        "_CumPctRespBest_": "24.0786240786",
        "_CumPctResp_": "24.0786240786",
        "_CumRespBest_": "100",
        "_CumResp_": "100",
        "_DataRole_": "TEST",
        "_Depth_": "100",
        "_Event_": "           1",
        "_GainBest_": "0",
        "_Gain_": "-1.11022302463e-16",
        "_LiftBest_": "0",
        "_Lift_": "0.230347804433",
        "_NEventsBest_": "0",
        "_NEvents_": "9.02963393376",
        "_NObs_": "159",
        "_PartInd_": "2",
        "_PctRespBest_": "0",
        "_PctResp_": "5.67901505268",
        "_RespBest_": "0",
        "_Resp_": "1.15173902216",
        "_TargetName_": "GE50K",
        "_Value_": "0",
        "_formattedPartition_": "           2"
      },
      "rowNumber": 63
    }
  ],
  "xInteger": false,
  "yInteger": false
}