{
  "creationTimeStamp": "0001-01-01T00:00:00Z",
  "modifiedTimeStamp": "0001-01-01T00:00:00Z",
  "revision": 0,
  "name": "dmcas_fitstat",
  "version": 0,
  "order": 0,
  "parameterMap": {
    "_ASE_": {
      "label": "Average Squared Error",
      "length": 8,
      "order": 6,
      "parameter": "_ASE_",
      "preformatted": false,
      "type": "num",
      "values": [
        "_ASE_"
      ]
    },
    "_C_": {
      "label": "Area Under ROC",
      "length": 8,
      "order": 12,
      "parameter": "_C_",
      "preformatted": false,
      "type": "num",
      "values": [
        "_C_"
      ]
    },
    "_DIV_": {
      "label": "Divisor for ASE",
      "length": 8,
      "order": 7,
      "parameter": "_DIV_",
      "preformatted": false,
      "type": "num",
      "values": [
        "_DIV_"
      ]
    },
    "_DataRole_": {
      "label": "Data Role",
      "length": 10,
      "order": 2,
      "parameter": "_DataRole_",
      "preformatted": false,
      "type": "char",
      "values": [
        "_DataRole_"
      ]
    },
    "_GAMMA_": {
      "label": "Gamma",
      "length": 8,
      "order": 14,
      "parameter": "_GAMMA_",
      "preformatted": false,
      "type": "num",
      "values": [
        "_GAMMA_"
      ]
    },
    "_GINI_": {
      "label": "Gini Coefficient",
      "length": 8,
      "order": 13,
      "parameter": "_GINI_",
      "preformatted": false,
      "type": "num",
      "values": [
        "_GINI_"
      ]
    },
    "_KSCut_": {
      "label": "KS Cutoff",
      "length": 8,
      "order": 16,
      "parameter": "_KSCut_",
      "preformatted": false,
      "type": "num",
      "values": [
        "_KSCut_"
      ]
    },
    "_KSPostCutoff_": {
      "label": "KS at User-Specified Cutoff",
      "length": 8,
      "order": 17,
      "parameter": "_KSPostCutoff_",
      "preformatted": false,
      "type": "num",
      "values": [
        "_KSPostCutoff_"
      ]
    },
    "_KS_": {
      "label": "KS (Youden)",
      "length": 8,
      "order": 11,
      "parameter": "_KS_",
      "preformatted": false,
      "type": "num",
      "values": [
        "_KS_"
      ]
    },
    "_MCE_": {
      "label": "Misclassification Rate",
      "length": 8,
      "order": 9,
      "parameter": "_MCE_",
      "preformatted": false,
      "type": "num",
      "values": [
        "_MCE_"
      ]
    },
    "_MCLL_": {
      "label": "Multi-Class Log Loss",
      "length": 8,
      "order": 10,
      "parameter": "_MCLL_",
      "preformatted": false,
      "type": "num",
      "values": [
        "_MCLL_"
      ]
    },
    "_NObs_": {
      "label": "Number of Observations",
      "length": 8,
      "order": 5,
      "parameter": "_NObs_",
      "preformatted": false,
      "type": "num",
      "values": [
        "_NObs_"
      ]
    },
    "_PartInd_": {
      "label": "Partition Indicator",
      "length": 8,
      "order": 3,
      "parameter": "_PartInd_",
      "preformatted": false,
      "type": "num",
      "values": [
        "_PartInd_"
      ]
    },
    "_RASE_": {
      "label": "Root Average Squared Error",
      "length": 8,
      "order": 8,
      "parameter": "_RASE_",
      "preformatted": false,
      "type": "num",
      "values": [
        "_RASE_"
      ]
    },
    "_TAU_": {
      "label": "Tau",
      "length": 8,
      "order": 15,
      "parameter": "_TAU_",
      "preformatted": false,
      "type": "num",
      "values": [
        "_TAU_"
      ]
    },
    "_TargetName_": {
      "label": "Target Name",
      "length": 5,
      "order": 1,
      "parameter": "_TargetName_",
      "preformatted": false,
      "type": "char",
      "values": [
        "_TargetName_"
      ]
    },
    "_formattedPartition_": {
      "label": "Formatted Partition",
      "length": 12,
      "order": 4,
      "parameter": "_formattedPartition_",
      "preformatted": false,
      "type": "char",
      "values": [
        "_formattedPartition_"
      ]
    },
    "_miscEvent_": {
      "label": "Misclassification Rate (Event)",
      "length": 8,
      "order": 19,
      "parameter": "_miscEvent_",
      "preformatted": false,
      "type": "num",
      "values": [
        "_miscEvent_"
      ]
    },
    "_miscKs_": {
      "label": "Misclassification Rate at KS Cutoff (Event)",
      "length": 8,
      "order": 18,
      "parameter": "_miscKs_",
      "preformatted": false,
      "type": "num",
      "values": [
        "_miscKs_"
      ]
    }
  },
  "data": [
    {
      "dataMap": {
        "_ASE_": "0.126953842222",
        "_C_": "0.826125565517",
        "_DIV_": "3256",
        "_DataRole_": "TEST",
        "_GAMMA_": "0.800508386348",
        "_GINI_": "0.652251131035",
        "_KSCut_": "0.3",
        "_KSPostCutoff_": "0.417417938",
        "_KS_": "0.555024436959",
        "_MCE_": "0.173832923833",
        "_MCLL_": "0.402833649581",
        "_NObs_": "3256",
        "_PartInd_": "2",
        "_RASE_": "0.356305826815",
        "_TAU_": "0.238547009515",
        "_TargetName_": "GE50K",
        "_formattedPartition_": "           2",
        "_miscEvent_": "0.1738329238",
        "_miscKs_": "0.2558353808"
      },
      "rowNumber": 1
    },
    {
      "dataMap": {
        "_ASE_": "0.123843355966",
        "_C_": "0.832699948241",
        "_DIV_": "19537",
        "_DataRole_": "TRAIN",
        "_GAMMA_": "0.813955311394",
        "_GINI_": "0.665399896481",
        "_KSCut_": "0.21",
        "_KSPostCutoff_": "0.4108814471",
        "_KS_": "0.569811875292",
        "_MCE_": "0.170497005682",
        "_MCLL_": "0.394144366049",
        "_NObs_": "19537",
        "_PartInd_": "1",
        "_RASE_": "0.351913847364",
        "_TAU_": "0.243320413645",
        "_TargetName_": "GE50K",
        "_formattedPartition_": "           1",
        "_miscEvent_": "0.1704970057",
        "_miscKs_": "0.2459435942"
      },
      "rowNumber": 2
    },
    {
      "dataMap": {
        "_ASE_": "0.125461327145",
        "_C_": "0.827163924159",
        "_DIV_": "9768",
        "_DataRole_": "VALIDATE",
        "_GAMMA_": "0.807720395825",
        "_GINI_": "0.654327848318",
        "_KSCut_": "0.15",
        "_KSPostCutoff_": "0.3984022412",
        "_KS_": "0.558780793871",
        "_MCE_": "0.1723996724",
        "_MCLL_": "0.401112793565",
        "_NObs_": "9768",
        "_PartInd_": "0",
        "_RASE_": "0.354205204853",
        "_TAU_": "0.239257521714",
        "_TargetName_": "GE50K",
        "_formattedPartition_": "           0",
        "_miscEvent_": "0.1723996724",
        "_miscKs_": "0.2498976249"
      },
      "rowNumber": 3
    }
  ],
  "xInteger": false,
  "yInteger": false
}