{
  "creationTimeStamp": "0001-01-01T00:00:00Z",
  "modifiedTimeStamp": "0001-01-01T00:00:00Z",
  "revision": 0,
  "name": "groupMetrics",
  "version": 0,
  "order": 0,
  "parameterMap": {
    "INTO_EVENT": {
      "label": "Proportion Into Event Level",
      "length": 8,
      "order": 32,
      "parameter": "INTO_EVENT",
      "preformatted": false,
      "type": "num",
      "values": [
        "INTO_EVENT"
      ]
    },
    "LEVEL": {
      "label": "Variable Level",
      "length": 100,
      "order": 4,
      "parameter": "LEVEL",
      "preformatted": false,
      "type": "char",
      "values": [
        "LEVEL"
      ]
    },
    "PREDICTED_EVENT": {
      "label": "Average Prediction for Event",
      "length": 8,
      "order": 33,
      "parameter": "PREDICTED_EVENT",
      "preformatted": false,
      "type": "num",
      "values": [
        "PREDICTED_EVENT"
      ]
    },
    "P_GE50K0": {
      "label": "P_GE50K0",
      "length": 8,
      "order": 35,
      "parameter": "P_GE50K0",
      "preformatted": false,
      "type": "num",
      "values": [
        "P_GE50K0"
      ]
    },
    "P_GE50K1": {
      "label": "P_GE50K1",
      "length": 8,
      "order": 34,
      "parameter": "P_GE50K1",
      "preformatted": false,
      "type": "num",
      "values": [
        "P_GE50K1"
      ]
    },
    "VLABEL": {
      "label": "Variable Label",
      "length": 256,
      "order": 2,
      "parameter": "VLABEL",
      "preformatted": false,
      "type": "char",
      "values": [
        "VLABEL"
      ]
    },
    "_DATAROLE_": {
      "label": "Data Role",
      "length": 8,
      "order": 3,
      "parameter": "_DATAROLE_",
      "preformatted": false,
      "type": "char",
      "values": [
        "_DATAROLE_"
      ]
    },
    "_VARIABLE_": {
      "label": "Variable",
      "length": 255,
      "order": 1,
      "parameter": "_VARIABLE_",
      "preformatted": false,
      "type": "char",
      "values": [
        "_VARIABLE_"
      ]
    },
    "_acc_": {
      "label": "Accuracy",
      "length": 8,
      "order": 15,
      "parameter": "_acc_",
      "preformatted": false,
      "type": "num",
      "values": [
        "_acc_"
      ]
    },
    "_ase_": {
      "label": "Average Squared Error",
      "length": 8,
      "order": 22,
      "parameter": "_ase_",
      "preformatted": false,
      "type": "num",
      "values": [
        "_ase_"
      ]
    },
    "_c_": {
      "label": "Area Under ROC",
      "length": 8,
      "order": 16,
      "parameter": "_c_",
      "preformatted": false,
      "type": "num",
      "values": [
        "_c_"
      ]
    },
    "_cumlift_": {
      "label": "Cumulative Lift",
      "length": 8,
      "order": 31,
      "parameter": "_cumlift_",
      "preformatted": false,
      "type": "num",
      "values": [
        "_cumlift_"
      ]
    },
    "_cumresp_": {
      "label": "Cumulative Captured Response Percentage",
      "length": 8,
      "order": 30,
      "parameter": "_cumresp_",
      "preformatted": false,
      "type": "num",
      "values": [
        "_cumresp_"
      ]
    },
    "_f1_": {
      "label": "F1 Score",
      "length": 8,
      "order": 17,
      "parameter": "_f1_",
      "preformatted": false,
      "type": "num",
      "values": [
        "_f1_"
      ]
    },
    "_fdr_": {
      "label": "False Discovery Rate",
      "length": 8,
      "order": 14,
      "parameter": "_fdr_",
      "preformatted": false,
      "type": "num",
      "values": [
        "_fdr_"
      ]
    },
    "_fn_": {
      "label": "False Negative",
      "length": 8,
      "order": 9,
      "parameter": "_fn_",
      "preformatted": false,
      "type": "num",
      "values": [
        "_fn_"
      ]
    },
    "_fnr_": {
      "label": "False Negative Rate",
      "length": 8,
      "order": 13,
      "parameter": "_fnr_",
      "preformatted": false,
      "type": "num",
      "values": [
        "_fnr_"
      ]
    },
    "_fp_": {
      "label": "False Positive",
      "length": 8,
      "order": 7,
      "parameter": "_fp_",
      "preformatted": false,
      "type": "num",
      "values": [
        "_fp_"
      ]
    },
    "_fpr_": {
      "label": "False Positive Rate",
      "length": 8,
      "order": 11,
      "parameter": "_fpr_",
      "preformatted": false,
      "type": "num",
      "values": [
        "_fpr_"
      ]
    },
    "_gain_": {
      "label": "Gain",
      "length": 8,
      "order": 27,
      "parameter": "_gain_",
      "preformatted": false,
      "type": "num",
      "values": [
        "_gain_"
      ]
    },
    "_gini_": {
      "label": "Gini Coefficient",
      "length": 8,
      "order": 18,
      "parameter": "_gini_",
      "preformatted": false,
      "type": "num",
      "values": [
        "_gini_"
      ]
    },
    "_ks_": {
      "label": "KS (Youden)",
      "length": 8,
      "order": 25,
      "parameter": "_ks_",
      "preformatted": false,
      "type": "num",
      "values": [
        "_ks_"
      ]
    },
    "_kscut_": {
      "label": "KS Cutoff",
      "length": 8,
      "order": 26,
      "parameter": "_kscut_",
      "preformatted": false,
      "type": "num",
      "values": [
        "_kscut_"
      ]
    },
    "_lift_": {
      "label": "Lift",
      "length": 8,
      "order": 28,
      "parameter": "_lift_",
      "preformatted": false,
      "type": "num",
      "values": [
        "_lift_"
      ]
    },
    "_mce_": {
      "label": "Misclassification Rate",
      "length": 8,
      "order": 21,
      "parameter": "_mce_",
      "preformatted": false,
      "type": "num",
      "values": [
        "_mce_"
      ]
    },
    "_mcll_": {
      "label": "Multi-Class Log Loss",
      "length": 8,
      "order": 24,
      "parameter": "_mcll_",
      "preformatted": false,
      "type": "num",
      "values": [
        "_mcll_"
      ]
    },
    "_misccutoff_": {
      "label": "Misclassification at Cutoff",
      "length": 8,
      "order": 19,
      "parameter": "_misccutoff_",
      "preformatted": false,
      "type": "num",
      "values": [
        "_misccutoff_"
      ]
    },
    "_miscks_": {
      "label": "Misclassification Rate at KS Cutoff (Event)",
      "length": 8,
      "order": 20,
      "parameter": "_miscks_",
      "preformatted": false,
      "type": "num",
      "values": [
        "_miscks_"
      ]
    },
    "_nobs_": {
      "label": "Number of Observations",
      "length": 8,
      "order": 5,
      "parameter": "_nobs_",
      "preformatted": false,
      "type": "num",
      "values": [
        "_nobs_"
      ]
    },
    "_rase_": {
      "label": "Root Average Squared Error",
      "length": 8,
      "order": 23,
      "parameter": "_rase_",
      "preformatted": false,
      "type": "num",
      "values": [
        "_rase_"
      ]
    },
    "_resp_": {
      "label": "Captured Response Percentage",
      "length": 8,
      "order": 29,
      "parameter": "_resp_",
      "preformatted": false,
      "type": "num",
      "values": [
        "_resp_"
      ]
    },
    "_tn_": {
      "label": "True Negative",
      "length": 8,
      "order": 8,
      "parameter": "_tn_",
      "preformatted": false,
      "type": "num",
      "values": [
        "_tn_"
      ]
    },
    "_tnr_": {
      "label": "True Negative Rate",
      "length": 8,
      "order": 12,
      "parameter": "_tnr_",
      "preformatted": false,
      "type": "num",
      "values": [
        "_tnr_"
      ]
    },
    "_tp_": {
      "label": "True Positive",
      "length": 8,
      "order": 6,
      "parameter": "_tp_",
      "preformatted": false,
      "type": "num",
      "values": [
        "_tp_"
      ]
    },
    "_tpr_": {
      "label": "True Positive Rate",
      "length": 8,
      "order": 10,
      "parameter": "_tpr_",
      "preformatted": false,
      "type": "num",
      "values": [
        "_tpr_"
      ]
    }
  },
  "data": [
    {
      "dataMap": {
        "INTO_EVENT": "0",
        "LEVEL": "10th",
        "PREDICTED_EVENT": "0.137590706708",
        "P_GE50K0": "0.862409293292",
        "P_GE50K1": "0.137590706708",
        "VLABEL": "",
        "_DATAROLE_": "TEST",
        "_VARIABLE_": "Education",
        "_acc_": "0.979591836735",
        "_ase_": "0.041237960916",
        "_c_": "0.880208333333",
        "_cumlift_": "4",
        "_cumresp_": "40",
        "_f1_": "0",
        "_fdr_": null,
        "_fn_": "2",
        "_fnr_": "1",
        "_fp_": "0",
        "_fpr_": "0",
        "_gain_": "3",
        "_gini_": "0.760416666667",
        "_ks_": "0.760416666667",
        "_kscut_": "0",
        "_lift_": "4",
        "_mce_": "0.0204081632653",
        "_mcll_": "0.172812276205",
        "_misccutoff_": "0.0204081632653",
        "_miscks_": "0.234693877551",
        "_nobs_": "98",
        "_rase_": "0.203071319777",
        "_resp_": "20",
        "_tn_": "96",
        "_tnr_": "1",
        "_tp_": "0",
        "_tpr_": "0"
      },
      "rowNumber": 1
    },
    {
      "dataMap": {
        "INTO_EVENT": "0",
        "LEVEL": "11th",
        "PREDICTED_EVENT": "0.124736744549",
        "P_GE50K0": "0.875263255451",
        "P_GE50K1": "0.124736744549",
        "VLABEL": "",
        "_DATAROLE_": "TEST",
        "_VARIABLE_": "Education",
        "_acc_": "0.98275862069",
        "_ase_": "0.0399236699696",
        "_c_": "0.633771929825",
        "_cumlift_": "2.5",
        "_cumresp_": "25",
        "_f1_": "0",
        "_fdr_": null,
        "_fn_": "2",
        "_fnr_": "1",
        "_fp_": "0",
        "_fpr_": "0",
        "_gain_": "1.5",
        "_gini_": "0.267543859649",
        "_ks_": "0.298245614035",
        "_kscut_": "0",
        "_lift_": "2.5",
        "_mce_": "0.0172413793103",
        "_mcll_": "0.173195554556",
        "_misccutoff_": "0.0172413793103",
        "_miscks_": "0.206896551724",
        "_nobs_": "116",
        "_rase_": "0.199809083801",
        "_resp_": "12.5",
        "_tn_": "114",
        "_tnr_": "1",
        "_tp_": "0",
        "_tpr_": "0"
      },
      "rowNumber": 2
    },
    {
      "dataMap": {
        "INTO_EVENT": "0.025",
        "LEVEL": "12th",
        "PREDICTED_EVENT": "0.130145159953",
        "P_GE50K0": "0.869854840047",
        "P_GE50K1": "0.130145159953",
        "VLABEL": "",
        "_DATAROLE_": "TEST",
        "_VARIABLE_": "Education",
        "_acc_": "0.875",
        "_ase_": "0.0648386073589",
        "_c_": "0.930555555556",
        "_cumlift_": "4.28571428571",
        "_cumresp_": "42.8571428571",
        "_f1_": "0",
        "_fdr_": "1",
        "_fn_": "4",
        "_fnr_": "1",
        "_fp_": "1",
        "_fpr_": "0.0277777777778",
        "_gain_": "3.28571428571",
        "_gini_": "0.861111111111",
        "_ks_": "0.888888888889",
        "_kscut_": "-0.0277777777778",
        "_lift_": "5.71428571429",
        "_mce_": "0.125",
        "_mcll_": "0.215996952669",
        "_misccutoff_": "0.125",
        "_miscks_": "0.1",
        "_nobs_": "40",
        "_rase_": "0.25463426195",
        "_resp_": "28.5714285714",
        "_tn_": "35",
        "_tnr_": "0.972222222222",
        "_tp_": "0",
        "_tpr_": "0"
      },
      "rowNumber": 3
    },
    {
      "dataMap": {
        "INTO_EVENT": "0.047619047619",
        "LEVEL": "1st-4th",
        "PREDICTED_EVENT": "0.19137208815",
        "P_GE50K0": "0.80862791185",
        "P_GE50K1": "0.19137208815",
        "VLABEL": "",
        "_DATAROLE_": "TEST",
        "_VARIABLE_": "Education",
        "_acc_": "0.857142857143",
        "_ase_": "0.11133879967",
        "_c_": "0.697368421053",
        "_cumlift_": "2.14285714286",
        "_cumresp_": "21.4285714286",
        "_f1_": "0",
        "_fdr_": "1",
        "_fn_": "2",
        "_fnr_": "1",
        "_fp_": "1",
        "_fpr_": "0.0526315789474",
        "_gain_": "1.14285714286",
        "_gini_": "0.394736842105",
        "_ks_": "0.578947368421",
        "_kscut_": "-0.0526315789474",
        "_lift_": "2.85714285714",
        "_mce_": "0.142857142857",
        "_mcll_": "0.350427691316",
        "_misccutoff_": "0.142857142857",
        "_miscks_": "0.380952380952",
        "_nobs_": "21",
        "_rase_": "0.333674691383",
        "_resp_": "14.2857142857",
        "_tn_": "18",
        "_tnr_": "0.947368421053",
        "_tp_": "0",
        "_tpr_": "0"
      },
      "rowNumber": 4
    },
    {
      "dataMap": {
        "INTO_EVENT": "0",
        "LEVEL": "5th-6th",
        "PREDICTED_EVENT": "0.149432076177",
        "P_GE50K0": "0.850567923823",
        "P_GE50K1": "0.149432076177",
        "VLABEL": "",
        "_DATAROLE_": "TEST",
        "_VARIABLE_": "Education",
        "_acc_": "1",
        "_ase_": "0.0394089566443",
        "_c_": null,
        "_cumlift_": "0",
        "_cumresp_": "0",
        "_f1_": null,
        "_fdr_": null,
        "_fn_": "0",
        "_fnr_": null,
        "_fp_": "0",
        "_fpr_": "0",
        "_gain_": "0",
        "_gini_": null,
        "_ks_": null,
        "_kscut_": null,
        "_lift_": "0",
        "_mce_": "0",
        "_mcll_": "0.175011379841",
        "_misccutoff_": "0",
        "_miscks_": "1",
        "_nobs_": "28",
        "_rase_": "0.198516892592",
        "_resp_": "0",
        "_tn_": "28",
        "_tnr_": "1",
        "_tp_": "0",
        "_tpr_": null
      },
      "rowNumber": 5
    },
    {
      "dataMap": {
        "INTO_EVENT": "0",
        "LEVEL": "7th-8th",
        "PREDICTED_EVENT": "0.20118943147",
        "P_GE50K0": "0.79881056853",
        "P_GE50K1": "0.20118943147",
        "VLABEL": "",
        "_DATAROLE_": "TEST",
        "_VARIABLE_": "Education",
        "_acc_": "0.929824561404",
        "_ase_": "0.0903473804067",
        "_c_": "0.646226415094",
        "_cumlift_": "1.8",
        "_cumresp_": "18",
        "_f1_": "0",
        "_fdr_": null,
        "_fn_": "4",
        "_fnr_": "1",
        "_fp_": "0",
        "_fpr_": "0",
        "_gain_": "0.8",
        "_gini_": "0.292452830189",
        "_ks_": "0.334905660377",
        "_kscut_": "0",
        "_lift_": "1.8",
        "_mce_": "0.0701754385965",
        "_mcll_": "0.320744640413",
        "_misccutoff_": "0.0701754385965",
        "_miscks_": "0.40350877193",
        "_nobs_": "57",
        "_rase_": "0.300578409748",
        "_resp_": "9",
        "_tn_": "53",
        "_tnr_": "1",
        "_tp_": "0",
        "_tpr_": "0"
      },
      "rowNumber": 6
    },
    {
      "dataMap": {
        "INTO_EVENT": "0",
        "LEVEL": "9th",
        "PREDICTED_EVENT": "0.176338401542",
        "P_GE50K0": "0.823661598458",
        "P_GE50K1": "0.176338401542",
        "VLABEL": "",
        "_DATAROLE_": "TEST",
        "_VARIABLE_": "Education",
        "_acc_": "0.918032786885",
        "_ase_": "0.0939876531808",
        "_c_": "0.603571428571",
        "_cumlift_": "2.08695652174",
        "_cumresp_": "20.8695652174",
        "_f1_": "0",
        "_fdr_": null,
        "_fn_": "5",
        "_fnr_": "1",
        "_fp_": "0",
        "_fpr_": "0",
        "_gain_": "1.08695652174",
        "_gini_": "0.207142857143",
        "_ks_": "0.242857142857",
        "_kscut_": "0",
        "_lift_": "2.08695652174",
        "_mce_": "0.0819672131148",
        "_mcll_": "0.330609675537",
        "_misccutoff_": "0.0819672131148",
        "_miscks_": "0.360655737705",
        "_nobs_": "61",
        "_rase_": "0.306574058232",
        "_resp_": "10.4347826087",
        "_tn_": "56",
        "_tnr_": "1",
        "_tp_": "0",
        "_tpr_": "0"
      },
      "rowNumber": 7
    },
    {
      "dataMap": {
        "INTO_EVENT": "0.030612244898",
        "LEVEL": "Assoc-acdm",
        "PREDICTED_EVENT": "0.176785780237",
        "P_GE50K0": "0.823214219763",
        "P_GE50K1": "0.176785780237",
        "VLABEL": "",
        "_DATAROLE_": "TEST",
        "_VARIABLE_": "Education",
        "_acc_": "0.765306122449",
        "_ase_": "0.153536417458",
        "_c_": "0.751689189189",
        "_cumlift_": "2.24747474747",
        "_cumresp_": "22.4747474747",
        "_f1_": "0.148148148148",
        "_fdr_": "0.333333333333",
        "_fn_": "22",
        "_fnr_": "0.916666666667",
        "_fp_": "1",
        "_fpr_": "0.0135135135135",
        "_gain_": "1.24747474747",
        "_gini_": "0.503378378378",
        "_ks_": "0.506756756757",
        "_kscut_": "0.0698198198198",
        "_lift_": "2.0202020202",
        "_mce_": "0.234693877551",
        "_mcll_": "0.476315382083",
        "_misccutoff_": "0.234693877551",
        "_miscks_": "0.244897959184",
        "_nobs_": "98",
        "_rase_": "0.391837233374",
        "_resp_": "10.101010101",
        "_tn_": "73",
        "_tnr_": "0.986486486486",
        "_tp_": "2",
        "_tpr_": "0.0833333333333"
      },
      "rowNumber": 8
    },
    {
      "dataMap": {
        "INTO_EVENT": "0.0223880597015",
        "LEVEL": "Assoc-voc",
        "PREDICTED_EVENT": "0.18689956298",
        "P_GE50K0": "0.81310043702",
        "P_GE50K1": "0.18689956298",
        "VLABEL": "",
        "_DATAROLE_": "TEST",
        "_VARIABLE_": "Education",
        "_acc_": "0.761194029851",
        "_ase_": "0.148010844515",
        "_c_": "0.765267773254",
        "_cumlift_": "1.99240986717",
        "_cumresp_": "19.9240986717",
        "_f1_": "0.0588235294118",
        "_fdr_": "0.666666666667",
        "_fn_": "30",
        "_fnr_": "0.967741935484",
        "_fp_": "2",
        "_fpr_": "0.0194174757282",
        "_gain_": "0.992409867173",
        "_gini_": "0.530535546508",
        "_ks_": "0.524898214845",
        "_kscut_": "0.012840588788",
        "_lift_": "2.12523719165",
        "_mce_": "0.238805970149",
        "_mcll_": "0.449737701329",
        "_misccutoff_": "0.238805970149",
        "_miscks_": "0.261194029851",
        "_nobs_": "134",
        "_rase_": "0.384721775463",
        "_resp_": "10.6261859583",
        "_tn_": "101",
        "_tnr_": "0.980582524272",
        "_tp_": "1",
        "_tpr_": "0.0322580645161"
      },
      "rowNumber": 9
    },
    {
      "dataMap": {
        "INTO_EVENT": "0.492753623188",
        "LEVEL": "Bachelors",
        "PREDICTED_EVENT": "0.409383023549",
        "P_GE50K0": "0.590616976451",
        "P_GE50K1": "0.409383023549",
        "VLABEL": "",
        "_DATAROLE_": "TEST",
        "_VARIABLE_": "Education",
        "_acc_": "0.757246376812",
        "_ase_": "0.180788338113",
        "_c_": "0.77329606681",
        "_cumlift_": "1.64173427992",
        "_cumresp_": "16.4173427992",
        "_f1_": "0.734126984127",
        "_fdr_": "0.319852941176",
        "_fn_": "47",
        "_fnr_": "0.202586206897",
        "_fp_": "87",
        "_fpr_": "0.271875",
        "_gain_": "0.641734279919",
        "_gini_": "0.546592133621",
        "_ks_": "0.541271551724",
        "_kscut_": "0.525538793103",
        "_lift_": "1.64173427992",
        "_mce_": "0.242753623188",
        "_mcll_": "0.559599419409",
        "_misccutoff_": "0.242753623188",
        "_miscks_": "0.239130434783",
        "_nobs_": "552",
        "_rase_": "0.425192119062",
        "_resp_": "8.20867139959",
        "_tn_": "233",
        "_tnr_": "0.728125",
        "_tp_": "185",
        "_tpr_": "0.797413793103"
      },
      "rowNumber": 10
    },
    {
      "dataMap": {
        "INTO_EVENT": "0.916666666667",
        "LEVEL": "Doctorate",
        "PREDICTED_EVENT": "0.696010570375",
        "P_GE50K0": "0.303989429625",
        "P_GE50K1": "0.696010570375",
        "VLABEL": "",
        "_DATAROLE_": "TEST",
        "_VARIABLE_": "Education",
        "_acc_": "0.895833333333",
        "_ase_": "0.121771986226",
        "_c_": "0.658139534884",
        "_cumlift_": "1.31326949384",
        "_cumresp_": "13.1326949384",
        "_f1_": "0.942528735632",
        "_fdr_": "0.0681818181818",
        "_fn_": "2",
        "_fnr_": "0.046511627907",
        "_fp_": "3",
        "_fpr_": "0.6",
        "_gain_": "0.313269493844",
        "_gini_": "0.316279069767",
        "_ks_": "0.376744186047",
        "_kscut_": "0.353488372093",
        "_lift_": "1.31326949384",
        "_mce_": "0.104166666667",
        "_mcll_": "0.421553652072",
        "_misccutoff_": "0.104166666667",
        "_miscks_": "0.0833333333333",
        "_nobs_": "48",
        "_rase_": "0.348958430513",
        "_resp_": "6.56634746922",
        "_tn_": "2",
        "_tnr_": "0.4",
        "_tp_": "41",
        "_tpr_": "0.953488372093"
      },
      "rowNumber": 11
    },
    {
      "dataMap": {
        "INTO_EVENT": "0.0267857142857",
        "LEVEL": "HS-grad",
        "PREDICTED_EVENT": "0.186513704434",
        "P_GE50K0": "0.813486295566",
        "P_GE50K1": "0.186513704434",
        "VLABEL": "",
        "_DATAROLE_": "TEST",
        "_VARIABLE_": "Education",
        "_acc_": "0.852182539683",
        "_ase_": "0.109043512954",
        "_c_": "0.783179107231",
        "_cumlift_": "2.46052631579",
        "_cumresp_": "24.6052631579",
        "_f1_": "0.167597765363",
        "_fdr_": "0.444444444444",
        "_fn_": "137",
        "_fnr_": "0.901315789474",
        "_fp_": "12",
        "_fpr_": "0.0140186915888",
        "_gain_": "1.46052631579",
        "_gini_": "0.566358214461",
        "_ks_": "0.526008362027",
        "_kscut_": "0.0846655189375",
        "_lift_": "2.00421052632",
        "_mce_": "0.147817460317",
        "_mcll_": "0.348694364579",
        "_misccutoff_": "0.147817460317",
        "_miscks_": "0.324404761905",
        "_nobs_": "1008",
        "_rase_": "0.330217372278",
        "_resp_": "10.0210526316",
        "_tn_": "844",
        "_tnr_": "0.985981308411",
        "_tp_": "15",
        "_tpr_": "0.0986842105263"
      },
      "rowNumber": 12
    },
    {
      "dataMap": {
        "INTO_EVENT": "0.58282208589",
        "LEVEL": "Masters",
        "PREDICTED_EVENT": "0.472223865743",
        "P_GE50K0": "0.527776134257",
        "P_GE50K1": "0.472223865743",
        "VLABEL": "",
        "_DATAROLE_": "TEST",
        "_VARIABLE_": "Education",
        "_acc_": "0.723926380368",
        "_ase_": "0.216096443638",
        "_c_": "0.721836303232",
        "_cumlift_": "1.49816401469",
        "_cumresp_": "14.9816401469",
        "_f1_": "0.75138121547",
        "_fdr_": "0.284210526316",
        "_fn_": "18",
        "_fnr_": "0.209302325581",
        "_fp_": "27",
        "_fpr_": "0.350649350649",
        "_gain_": "0.498164014688",
        "_gini_": "0.443672606463",
        "_ks_": "0.440048323769",
        "_kscut_": "0.440048323769",
        "_lift_": "1.49816401469",
        "_mce_": "0.276073619632",
        "_mcll_": "0.67083265035",
        "_misccutoff_": "0.276073619632",
        "_miscks_": "0.276073619632",
        "_nobs_": "163",
        "_rase_": "0.4648617468",
        "_resp_": "7.49082007344",
        "_tn_": "50",
        "_tnr_": "0.649350649351",
        "_tp_": "68",
        "_tpr_": "0.790697674419"
      },
      "rowNumber": 13
    },
    {
      "dataMap": {
        "INTO_EVENT": "0",
        "LEVEL": "Preschool",
        "PREDICTED_EVENT": "0.0798531595675",
        "P_GE50K0": "0.920146840432",
        "P_GE50K1": "0.0798531595675",
        "VLABEL": "",
        "_DATAROLE_": "TEST",
        "_VARIABLE_": "Education",
        "_acc_": "1",
        "_ase_": "0.00783044159015",
        "_c_": null,
        "_cumlift_": "0",
        "_cumresp_": "0",
        "_f1_": null,
        "_fdr_": null,
        "_fn_": "0",
        "_fnr_": null,
        "_fp_": "0",
        "_fpr_": "0",
        "_gain_": "0",
        "_gini_": null,
        "_ks_": null,
        "_kscut_": null,
        "_lift_": "0",
        "_mce_": "0",
        "_mcll_": "0.0841098297079",
        "_misccutoff_": "0",
        "_miscks_": "1",
        "_nobs_": "4",
        "_rase_": "0.0884897824053",
        "_resp_": "0",
        "_tn_": "4",
        "_tnr_": "1",
        "_tp_": "0",
        "_tpr_": null
      },
      "rowNumber": 14
    },
    {
      "dataMap": {
        "INTO_EVENT": "0.827586206897",
        "LEVEL": "Prof-school",
        "PREDICTED_EVENT": "0.641755474478",
        "P_GE50K0": "0.358244525522",
        "P_GE50K1": "0.641755474478",
        "VLABEL": "",
        "_DATAROLE_": "TEST",
        "_VARIABLE_": "Education",
        "_acc_": "0.775862068966",
        "_ase_": "0.170761760823",
        "_c_": "0.713055954089",
        "_cumlift_": "1.21951219512",
        "_cumresp_": "12.1951219512",
        "_f1_": "0.85393258427",
        "_fdr_": "0.208333333333",
        "_fn_": "3",
        "_fnr_": "0.0731707317073",
        "_fp_": "10",
        "_fpr_": "0.588235294118",
        "_gain_": "0.219512195122",
        "_gini_": "0.426111908178",
        "_ks_": "0.407460545194",
        "_kscut_": "0.338593974175",
        "_lift_": "1.21951219512",
        "_mce_": "0.224137931034",
        "_mcll_": "0.526741975221",
        "_misccutoff_": "0.224137931034",
        "_miscks_": "0.224137931034",
        "_nobs_": "58",
        "_rase_": "0.413233300719",
        "_resp_": "6.09756097561",
        "_tn_": "7",
        "_tnr_": "0.411764705882",
        "_tp_": "38",
        "_tpr_": "0.926829268293"
      },
      "rowNumber": 15
    },
    {
      "dataMap": {
        "INTO_EVENT": "0.0584415584416",
        "LEVEL": "Some-college",
        "PREDICTED_EVENT": "0.180796634461",
        "P_GE50K0": "0.819203365539",
        "P_GE50K1": "0.180796634461",
        "VLABEL": "",
        "_DATAROLE_": "TEST",
        "_VARIABLE_": "Education",
        "_acc_": "0.811688311688",
        "_ase_": "0.120171850634",
        "_c_": "0.822851415685",
        "_cumlift_": "2.751393534",
        "_cumresp_": "27.51393534",
        "_f1_": "0.278606965174",
        "_fdr_": "0.377777777778",
        "_fn_": "128",
        "_fnr_": "0.820512820513",
        "_fp_": "17",
        "_fpr_": "0.0276872964169",
        "_gain_": "1.751393534",
        "_gini_": "0.645702831371",
        "_ks_": "0.613254823353",
        "_kscut_": "0.15179988307",
        "_lift_": "2.39167595689",
        "_mce_": "0.188311688312",
        "_mcll_": "0.374340351311",
        "_misccutoff_": "0.188311688312",
        "_miscks_": "0.216883116883",
        "_nobs_": "770",
        "_rase_": "0.346658117797",
        "_resp_": "11.9583797845",
        "_tn_": "597",
        "_tnr_": "0.972312703583",
        "_tp_": "28",
        "_tpr_": "0.179487179487"
      },
      "rowNumber": 16
    },
    {
      "dataMap": {
        "INTO_EVENT": "0.0880829015544",
        "LEVEL": "",
        "PREDICTED_EVENT": "0.172163449344",
        "P_GE50K0": "0.827836550656",
        "P_GE50K1": "0.172163449344",
        "VLABEL": "",
        "_DATAROLE_": "TEST",
        "_VARIABLE_": "Occupation",
        "_acc_": "0.896373056995",
        "_ase_": "0.0796738812589",
        "_c_": "0.842710223835",
        "_cumlift_": "4.84848484848",
        "_cumresp_": "48.4848484848",
        "_f1_": "0.444444444444",
        "_fdr_": "0.529411764706",
        "_fn_": "11",
        "_fnr_": "0.578947368421",
        "_fp_": "9",
        "_fpr_": "0.051724137931",
        "_gain_": "3.84848484848",
        "_gini_": "0.685420447671",
        "_ks_": "0.635208711434",
        "_kscut_": "0.369328493648",
        "_lift_": "5.09170653907",
        "_mce_": "0.103626943005",
        "_mcll_": "0.266983732079",
        "_misccutoff_": "0.103626943005",
        "_miscks_": "0.20207253886",
        "_nobs_": "193",
        "_rase_": "0.282265621816",
        "_resp_": "25.4585326954",
        "_tn_": "165",
        "_tnr_": "0.948275862069",
        "_tp_": "8",
        "_tpr_": "0.421052631579"
      },
      "rowNumber": 17
    },
    {
      "dataMap": {
        "INTO_EVENT": "0.100817438692",
        "LEVEL": "Adm-clerical",
        "PREDICTED_EVENT": "0.169328962237",
        "P_GE50K0": "0.830671037763",
        "P_GE50K1": "0.169328962237",
        "VLABEL": "",
        "_DATAROLE_": "TEST",
        "_VARIABLE_": "Occupation",
        "_acc_": "0.861035422343",
        "_ase_": "0.09398580199",
        "_c_": "0.838776476157",
        "_cumlift_": "3.7037037037",
        "_cumresp_": "37.037037037",
        "_f1_": "0.43956043956",
        "_fdr_": "0.459459459459",
        "_fn_": "34",
        "_fnr_": "0.62962962963",
        "_fp_": "17",
        "_fpr_": "0.0543130990415",
        "_gain_": "2.7037037037",
        "_gini_": "0.677552952313",
        "_ks_": "0.673588924388",
        "_kscut_": "0.316057271329",
        "_lift_": "4.52861952862",
        "_mce_": "0.138964577657",
        "_mcll_": "0.30414427731",
        "_misccutoff_": "0.138964577657",
        "_miscks_": "0.160762942779",
        "_nobs_": "367",
        "_rase_": "0.306571039059",
        "_resp_": "22.6430976431",
        "_tn_": "296",
        "_tnr_": "0.945686900958",
        "_tp_": "20",
        "_tpr_": "0.37037037037"
      },
      "rowNumber": 18
    },
    {
      "dataMap": {
        "INTO_EVENT": "0.333333333333",
        "LEVEL": "Armed-Forces",
        "PREDICTED_EVENT": "0.245209938406",
        "P_GE50K0": "0.754790061594",
        "P_GE50K1": "0.245209938406",
        "VLABEL": "",
        "_DATAROLE_": "TEST",
        "_VARIABLE_": "Occupation",
        "_acc_": "0.666666666667",
        "_ase_": "0.130343905403",
        "_c_": null,
        "_cumlift_": "0",
        "_cumresp_": "0",
        "_f1_": "0",
        "_fdr_": "1",
        "_fn_": "0",
        "_fnr_": null,
        "_fp_": "1",
        "_fpr_": "0.333333333333",
        "_gain_": "0",
        "_gini_": null,
        "_ks_": null,
        "_kscut_": null,
        "_lift_": "0",
        "_mce_": "0.333333333333",
        "_mcll_": "0.36220550335",
        "_misccutoff_": "0.333333333333",
        "_miscks_": "1",
        "_nobs_": "3",
        "_rase_": "0.361031723541",
        "_resp_": "0",
        "_tn_": "2",
        "_tnr_": "0.666666666667",
        "_tp_": "0",
        "_tpr_": null
      },
      "rowNumber": 19
    },
    {
      "dataMap": {
        "INTO_EVENT": "0.0666666666667",
        "LEVEL": "Craft-repair",
        "PREDICTED_EVENT": "0.264681737537",
        "P_GE50K0": "0.735318262463",
        "P_GE50K1": "0.264681737537",
        "VLABEL": "",
        "_DATAROLE_": "TEST",
        "_VARIABLE_": "Occupation",
        "_acc_": "0.744827586207",
        "_ase_": "0.173555840977",
        "_c_": "0.659820895522",
        "_cumlift_": "1.50794979079",
        "_cumresp_": "15.0794979079",
        "_f1_": "0.139534883721",
        "_fdr_": "0.689655172414",
        "_fn_": "91",
        "_fnr_": "0.91",
        "_fp_": "20",
        "_fpr_": "0.0597014925373",
        "_gain_": "0.507949790795",
        "_gini_": "0.319641791045",
        "_ks_": "0.310746268657",
        "_kscut_": "0.0302985074627",
        "_lift_": "1.21589958159",
        "_mce_": "0.255172413793",
        "_mcll_": "0.520233775768",
        "_misccutoff_": "0.255172413793",
        "_miscks_": "0.455172413793",
        "_nobs_": "435",
        "_rase_": "0.416600337226",
        "_resp_": "6.07949790795",
        "_tn_": "315",
        "_tnr_": "0.940298507463",
        "_tp_": "9",
        "_tpr_": "0.09"
      },
      "rowNumber": 20
    },
    {
      "dataMap": {
        "INTO_EVENT": "0.394230769231",
        "LEVEL": "Exec-managerial",
        "PREDICTED_EVENT": "0.394274880012",
        "P_GE50K0": "0.605725119988",
        "P_GE50K1": "0.394274880012",
        "VLABEL": "",
        "_DATAROLE_": "TEST",
        "_VARIABLE_": "Occupation",
        "_acc_": "0.711538461538",
        "_ase_": "0.199391515899",
        "_c_": "0.78131936737",
        "_cumlift_": "1.58490566038",
        "_cumresp_": "15.8490566038",
        "_f1_": "0.68085106383",
        "_fdr_": "0.219512195122",
        "_fn_": "84",
        "_fnr_": "0.396226415094",
        "_fp_": "36",
        "_fpr_": "0.176470588235",
        "_gain_": "0.584905660377",
        "_gini_": "0.562638734739",
        "_ks_": "0.461246762856",
        "_kscut_": "0.42730299667",
        "_lift_": "1.58490566038",
        "_mce_": "0.288461538462",
        "_mcll_": "0.607885123895",
        "_misccutoff_": "0.288461538462",
        "_miscks_": "0.266826923077",
        "_nobs_": "416",
        "_rase_": "0.446532771361",
        "_resp_": "7.92452830189",
        "_tn_": "168",
        "_tnr_": "0.823529411765",
        "_tp_": "128",
        "_tpr_": "0.603773584906"
      },
      "rowNumber": 21
    },
    {
      "dataMap": {
        "INTO_EVENT": "0.0212765957447",
        "LEVEL": "Farming-fishing",
        "PREDICTED_EVENT": "0.118737993445",
        "P_GE50K0": "0.881262006555",
        "P_GE50K1": "0.118737993445",
        "VLABEL": "",
        "_DATAROLE_": "TEST",
        "_VARIABLE_": "Occupation",
        "_acc_": "0.893617021277",
        "_ase_": "0.086818732959",
        "_c_": "0.666424418605",
        "_cumlift_": "1.4",
        "_cumresp_": "14",
        "_f1_": "0",
        "_fdr_": "1",
        "_fn_": "8",
        "_fnr_": "1",
        "_fp_": "2",
        "_fpr_": "0.0232558139535",
        "_gain_": "0.4",
        "_gini_": "0.332848837209",
        "_ks_": "0.351744186047",
        "_kscut_": "-0.0232558139535",
        "_lift_": "1.75",
        "_mce_": "0.106382978723",
        "_mcll_": "0.300444397229",
        "_misccutoff_": "0.106382978723",
        "_miscks_": "0.489361702128",
        "_nobs_": "94",
        "_rase_": "0.294650187441",
        "_resp_": "8.75",
        "_tn_": "84",
        "_tnr_": "0.976744186047",
        "_tp_": "0",
        "_tpr_": "0"
      },
      "rowNumber": 22
    },
    {
      "dataMap": {
        "INTO_EVENT": "0.0147058823529",
        "LEVEL": "Handlers-cleaner",
        "PREDICTED_EVENT": "0.163133722533",
        "P_GE50K0": "0.836866277467",
        "P_GE50K1": "0.163133722533",
        "VLABEL": "",
        "_DATAROLE_": "TEST",
        "_VARIABLE_": "Occupation",
        "_acc_": "0.955882352941",
        "_ase_": "0.0610550909258",
        "_c_": "0.780769230769",
        "_cumlift_": "3.48484848485",
        "_cumresp_": "34.8484848485",
        "_f1_": "0.25",
        "_fdr_": "0.5",
        "_fn_": "5",
        "_fnr_": "0.833333333333",
        "_fp_": "1",
        "_fpr_": "0.00769230769231",
        "_gain_": "2.48484848485",
        "_gini_": "0.561538461538",
        "_ks_": "0.517948717949",
        "_kscut_": "0.158974358974",
        "_lift_": "2.12121212121",
        "_mce_": "0.0441176470588",
        "_mcll_": "0.228528385675",
        "_misccutoff_": "0.0441176470588",
        "_miscks_": "0.308823529412",
        "_nobs_": "136",
        "_rase_": "0.247093283854",
        "_resp_": "10.6060606061",
        "_tn_": "129",
        "_tnr_": "0.992307692308",
        "_tp_": "1",
        "_tpr_": "0.166666666667"
      },
      "rowNumber": 23
    },
    {
      "dataMap": {
        "INTO_EVENT": "0.0267379679144",
        "LEVEL": "Machine-op-inspc",
        "PREDICTED_EVENT": "0.188535228632",
        "P_GE50K0": "0.811464771368",
        "P_GE50K1": "0.188535228632",
        "VLABEL": "",
        "_DATAROLE_": "TEST",
        "_VARIABLE_": "Occupation",
        "_acc_": "0.893048128342",
        "_ase_": "0.0901696765144",
        "_c_": "0.771705426357",
        "_cumlift_": "1.97183098592",
        "_cumresp_": "19.7183098592",
        "_f1_": "0",
        "_fdr_": "1",
        "_fn_": "15",
        "_fnr_": "1",
        "_fp_": "5",
        "_fpr_": "0.0290697674419",
        "_gain_": "0.971830985915",
        "_gini_": "0.543410852713",
        "_ks_": "0.572868217054",
        "_kscut_": "-0.0290697674419",
        "_lift_": "2.62910798122",
        "_mce_": "0.106951871658",
        "_mcll_": "0.296524392999",
        "_misccutoff_": "0.106951871658",
        "_miscks_": "0.336898395722",
        "_nobs_": "187",
        "_rase_": "0.300282661029",
        "_resp_": "13.1455399061",
        "_tn_": "167",
        "_tnr_": "0.970930232558",
        "_tp_": "0",
        "_tpr_": "0"
      },
      "rowNumber": 24
    },
    {
      "dataMap": {
        "INTO_EVENT": "0.0225080385852",
        "LEVEL": "Other-service",
        "PREDICTED_EVENT": "0.0879502915813",
        "P_GE50K0": "0.912049708419",
        "P_GE50K1": "0.0879502915813",
        "VLABEL": "",
        "_DATAROLE_": "TEST",
        "_VARIABLE_": "Occupation",
        "_acc_": "0.951768488746",
        "_ase_": "0.0409264775277",
        "_c_": "0.781911928651",
        "_cumlift_": "3.7091503268",
        "_cumresp_": "37.091503268",
        "_f1_": "0.210526315789",
        "_fdr_": "0.714285714286",
        "_fn_": "10",
        "_fnr_": "0.833333333333",
        "_fp_": "5",
        "_fpr_": "0.0167224080268",
        "_gain_": "2.7091503268",
        "_gini_": "0.563823857302",
        "_ks_": "0.559364548495",
        "_kscut_": "0.14994425864",
        "_lift_": "2.61437908497",
        "_mce_": "0.048231511254",
        "_mcll_": "0.169108235366",
        "_misccutoff_": "0.048231511254",
        "_miscks_": "0.192926045016",
        "_nobs_": "311",
        "_rase_": "0.202302935045",
        "_resp_": "13.0718954248",
        "_tn_": "294",
        "_tnr_": "0.983277591973",
        "_tp_": "2",
        "_tpr_": "0.166666666667"
      },
      "rowNumber": 25
    },
    {
      "dataMap": {
        "INTO_EVENT": "0",
        "LEVEL": "Priv-house-serv",
        "PREDICTED_EVENT": "0.0578386605784",
        "P_GE50K0": "0.942161339422",
        "P_GE50K1": "0.0578386605784",
        "VLABEL": "",
        "_DATAROLE_": "TEST",
        "_VARIABLE_": "Occupation",
        "_acc_": "1",
        "_ase_": "0.0033453106575",
        "_c_": null,
        "_cumlift_": "0",
        "_cumresp_": "0",
        "_f1_": null,
        "_fdr_": null,
        "_fn_": "0",
        "_fnr_": null,
        "_fp_": "0",
        "_fpr_": "0",
        "_gain_": "0",
        "_gini_": null,
        "_ks_": null,
        "_kscut_": null,
        "_lift_": "0",
        "_mce_": "0",
        "_mcll_": "0.0595787458",
        "_misccutoff_": "0",
        "_miscks_": "1",
        "_nobs_": "19",
        "_rase_": "0.0578386605784",
        "_resp_": "0",
        "_tn_": "19",
        "_tnr_": "1",
        "_tp_": "0",
        "_tpr_": null
      },
      "rowNumber": 26
    },
    {
      "dataMap": {
        "INTO_EVENT": "0.461152882206",
        "LEVEL": "Prof-specialty",
        "PREDICTED_EVENT": "0.40565881054",
        "P_GE50K0": "0.59434118946",
        "P_GE50K1": "0.40565881054",
        "VLABEL": "",
        "_DATAROLE_": "TEST",
        "_VARIABLE_": "Occupation",
        "_acc_": "0.799498746867",
        "_ase_": "0.149886149956",
        "_c_": "0.839987228608",
        "_cumlift_": "1.78952439948",
        "_cumresp_": "17.8952439948",
        "_f1_": "0.776536312849",
        "_fdr_": "0.244565217391",
        "_fn_": "35",
        "_fnr_": "0.201149425287",
        "_fp_": "45",
        "_fpr_": "0.2",
        "_gain_": "0.789524399477",
        "_gini_": "0.679974457216",
        "_ks_": "0.605134099617",
        "_kscut_": "0.598850574713",
        "_lift_": "1.78952439948",
        "_mce_": "0.200501253133",
        "_mcll_": "0.470732914223",
        "_misccutoff_": "0.200501253133",
        "_miscks_": "0.195488721805",
        "_nobs_": "399",
        "_rase_": "0.387151326945",
        "_resp_": "8.94762199738",
        "_tn_": "180",
        "_tnr_": "0.8",
        "_tp_": "139",
        "_tpr_": "0.798850574713"
      },
      "rowNumber": 27
    },
    {
      "dataMap": {
        "INTO_EVENT": "0.109375",
        "LEVEL": "Protective-serv",
        "PREDICTED_EVENT": "0.261351750182",
        "P_GE50K0": "0.738648249818",
        "P_GE50K1": "0.261351750182",
        "VLABEL": "",
        "_DATAROLE_": "TEST",
        "_VARIABLE_": "Occupation",
        "_acc_": "0.671875",
        "_ase_": "0.203936608076",
        "_c_": "0.7453125",
        "_cumlift_": "2.5",
        "_cumresp_": "25",
        "_f1_": "0.322580645161",
        "_fdr_": "0.285714285714",
        "_fn_": "19",
        "_fnr_": "0.791666666667",
        "_fp_": "2",
        "_fpr_": "0.05",
        "_gain_": "1.5",
        "_gini_": "0.490625",
        "_ks_": "0.433333333333",
        "_kscut_": "0.158333333333",
        "_lift_": "2.5",
        "_mce_": "0.328125",
        "_mcll_": "0.604099582166",
        "_misccutoff_": "0.328125",
        "_miscks_": "0.3125",
        "_nobs_": "64",
        "_rase_": "0.451593410133",
        "_resp_": "12.5",
        "_tn_": "38",
        "_tnr_": "0.95",
        "_tp_": "5",
        "_tpr_": "0.208333333333"
      },
      "rowNumber": 28
    },
    {
      "dataMap": {
        "INTO_EVENT": "0.168021680217",
        "LEVEL": "Sales",
        "PREDICTED_EVENT": "0.249323895149",
        "P_GE50K0": "0.750676104851",
        "P_GE50K1": "0.249323895149",
        "VLABEL": "",
        "_DATAROLE_": "TEST",
        "_VARIABLE_": "Occupation",
        "_acc_": "0.829268292683",
        "_ase_": "0.131511278731",
        "_c_": "0.811652641421",
        "_cumlift_": "3.04448661185",
        "_cumresp_": "30.4448661185",
        "_f1_": "0.593548387097",
        "_fdr_": "0.258064516129",
        "_fn_": "47",
        "_fnr_": "0.505376344086",
        "_fp_": "16",
        "_fpr_": "0.0579710144928",
        "_gain_": "2.04448661185",
        "_gini_": "0.623305282842",
        "_ks_": "0.512856474988",
        "_kscut_": "0.436652641421",
        "_lift_": "3.04448661185",
        "_mce_": "0.170731707317",
        "_mcll_": "0.422628211476",
        "_misccutoff_": "0.170731707317",
        "_miscks_": "0.273712737127",
        "_nobs_": "369",
        "_rase_": "0.36264483828",
        "_resp_": "15.2224330592",
        "_tn_": "260",
        "_tnr_": "0.942028985507",
        "_tp_": "46",
        "_tpr_": "0.494623655914"
      },
      "rowNumber": 29
    },
    {
      "dataMap": {
        "INTO_EVENT": "0.181818181818",
        "LEVEL": "Tech-support",
        "PREDICTED_EVENT": "0.242467288367",
        "P_GE50K0": "0.757532711633",
        "P_GE50K1": "0.242467288367",
        "VLABEL": "",
        "_DATAROLE_": "TEST",
        "_VARIABLE_": "Occupation",
        "_acc_": "0.828282828283",
        "_ase_": "0.126630355459",
        "_c_": "0.860768500949",
        "_cumlift_": "2.79569892473",
        "_cumresp_": "27.9569892473",
        "_f1_": "0.65306122449",
        "_fdr_": "0.111111111111",
        "_fn_": "15",
        "_fnr_": "0.483870967742",
        "_fp_": "2",
        "_fpr_": "0.0294117647059",
        "_gain_": "1.79569892473",
        "_gini_": "0.721537001898",
        "_ks_": "0.647533206831",
        "_kscut_": "0.486717267552",
        "_lift_": "2.79569892473",
        "_mce_": "0.171717171717",
        "_mcll_": "0.410833542008",
        "_misccutoff_": "0.171717171717",
        "_miscks_": "0.181818181818",
        "_nobs_": "99",
        "_rase_": "0.355851591902",
        "_resp_": "13.9784946237",
        "_tn_": "66",
        "_tnr_": "0.970588235294",
        "_tp_": "16",
        "_tpr_": "0.516129032258"
      },
      "rowNumber": 30
    },
    {
      "dataMap": {
        "INTO_EVENT": "0.0243902439024",
        "LEVEL": "Transport-moving",
        "PREDICTED_EVENT": "0.244944205792",
        "P_GE50K0": "0.755055794208",
        "P_GE50K1": "0.244944205792",
        "VLABEL": "",
        "_DATAROLE_": "TEST",
        "_VARIABLE_": "Occupation",
        "_acc_": "0.80487804878",
        "_ase_": "0.152288231994",
        "_c_": "0.714409722222",
        "_cumlift_": "2.42063492063",
        "_cumresp_": "24.2063492063",
        "_f1_": "0.2",
        "_fdr_": "0",
        "_fn_": "32",
        "_fnr_": "0.888888888889",
        "_fp_": "0",
        "_fpr_": "0",
        "_gain_": "1.42063492063",
        "_gini_": "0.428819444444",
        "_ks_": "0.353298611111",
        "_kscut_": "0.111111111111",
        "_lift_": "1.42857142857",
        "_mce_": "0.19512195122",
        "_mcll_": "0.471894393566",
        "_misccutoff_": "0.19512195122",
        "_miscks_": "0.426829268293",
        "_nobs_": "164",
        "_rase_": "0.390241248452",
        "_resp_": "7.14285714286",
        "_tn_": "128",
        "_tnr_": "1",
        "_tp_": "4",
        "_tpr_": "0.111111111111"
      },
      "rowNumber": 31
    },
    {
      "dataMap": {
        "INTO_EVENT": "0.107142857143",
        "LEVEL": "Amer-Indian-Eskimo",
        "PREDICTED_EVENT": "0.164785848415",
        "P_GE50K0": "0.835214151585",
        "P_GE50K1": "0.164785848415",
        "VLABEL": "",
        "_DATAROLE_": "TEST",
        "_VARIABLE_": "Race",
        "_acc_": "0.857142857143",
        "_ase_": "0.0921211211075",
        "_c_": "0.753333333333",
        "_cumlift_": "4.16666666667",
        "_cumresp_": "41.6666666667",
        "_f1_": "0.333333333333",
        "_fdr_": "0.666666666667",
        "_fn_": "2",
        "_fnr_": "0.666666666667",
        "_fp_": "2",
        "_fpr_": "0.08",
        "_gain_": "3.16666666667",
        "_gini_": "0.506666666667",
        "_ks_": "0.466666666667",
        "_kscut_": "0.253333333333",
        "_lift_": "1.66666666667",
        "_mce_": "0.142857142857",
        "_mcll_": "0.307677956981",
        "_misccutoff_": "0.142857142857",
        "_miscks_": "0.214285714286",
        "_nobs_": "28",
        "_rase_": "0.303514614323",
        "_resp_": "8.33333333333",
        "_tn_": "23",
        "_tnr_": "0.92",
        "_tp_": "1",
        "_tpr_": "0.333333333333"
      },
      "rowNumber": 32
    },
    {
      "dataMap": {
        "INTO_EVENT": "0.288461538462",
        "LEVEL": "Asian-Pac-Islander",
        "PREDICTED_EVENT": "0.306228877722",
        "P_GE50K0": "0.693771122278",
        "P_GE50K1": "0.306228877722",
        "VLABEL": "",
        "_DATAROLE_": "TEST",
        "_VARIABLE_": "Race",
        "_acc_": "0.711538461538",
        "_ase_": "0.182416371427",
        "_c_": "0.725609756098",
        "_cumlift_": "2.14285714286",
        "_cumresp_": "21.4285714286",
        "_f1_": "0.423076923077",
        "_fdr_": "0.633333333333",
        "_fn_": "11",
        "_fnr_": "0.5",
        "_fp_": "19",
        "_fpr_": "0.231707317073",
        "_gain_": "1.14285714286",
        "_gini_": "0.451219512195",
        "_ks_": "0.464523281596",
        "_kscut_": "0.268292682927",
        "_lift_": "2.14285714286",
        "_mce_": "0.288461538462",
        "_mcll_": "0.53060967471",
        "_misccutoff_": "0.288461538462",
        "_miscks_": "0.317307692308",
        "_nobs_": "104",
        "_rase_": "0.427102296209",
        "_resp_": "10.7142857143",
        "_tn_": "63",
        "_tnr_": "0.768292682927",
        "_tp_": "11",
        "_tpr_": "0.5"
      },
      "rowNumber": 33
    },
    {
      "dataMap": {
        "INTO_EVENT": "0.058064516129",
        "LEVEL": "Black",
        "PREDICTED_EVENT": "0.161826005328",
        "P_GE50K0": "0.838173994672",
        "P_GE50K1": "0.161826005328",
        "VLABEL": "",
        "_DATAROLE_": "TEST",
        "_VARIABLE_": "Race",
        "_acc_": "0.896774193548",
        "_ase_": "0.0827662289299",
        "_c_": "0.813177244582",
        "_cumlift_": "4.13533834586",
        "_cumresp_": "41.3533834586",
        "_f1_": "0.428571428571",
        "_fdr_": "0.333333333333",
        "_fn_": "26",
        "_fnr_": "0.684210526316",
        "_fp_": "6",
        "_fpr_": "0.0220588235294",
        "_gain_": "3.13533834586",
        "_gini_": "0.626354489164",
        "_ks_": "0.598297213622",
        "_kscut_": "0.293730650155",
        "_lift_": "2.65664160401",
        "_mce_": "0.103225806452",
        "_mcll_": "0.284990913202",
        "_misccutoff_": "0.103225806452",
        "_miscks_": "0.193548387097",
        "_nobs_": "310",
        "_rase_": "0.287691204123",
        "_resp_": "13.2832080201",
        "_tn_": "266",
        "_tnr_": "0.977941176471",
        "_tp_": "12",
        "_tpr_": "0.315789473684"
      },
      "rowNumber": 34
    },
    {
      "dataMap": {
        "INTO_EVENT": "0",
        "LEVEL": "Other",
        "PREDICTED_EVENT": "0.121843796073",
        "P_GE50K0": "0.878156203927",
        "P_GE50K1": "0.121843796073",
        "VLABEL": "",
        "_DATAROLE_": "TEST",
        "_VARIABLE_": "Race",
        "_acc_": "0.95652173913",
        "_ase_": "0.0397268845977",
        "_c_": "0.931818181818",
        "_cumlift_": "10",
        "_cumresp_": "100",
        "_f1_": "0",
        "_fdr_": null,
        "_fn_": "1",
        "_fnr_": "1",
        "_fp_": "0",
        "_fpr_": "0",
        "_gain_": "9",
        "_gini_": "0.863636363636",
        "_ks_": "0.863636363636",
        "_kscut_": "0",
        "_lift_": "10",
        "_mce_": "0.0434782608696",
        "_mcll_": "0.165362770606",
        "_misccutoff_": "0.0434782608696",
        "_miscks_": "0.130434782609",
        "_nobs_": "23",
        "_rase_": "0.199316041998",
        "_resp_": "50",
        "_tn_": "22",
        "_tnr_": "1",
        "_tp_": "0",
        "_tpr_": "0"
      },
      "rowNumber": 35
    },
    {
      "dataMap": {
        "INTO_EVENT": "0.17484772483",
        "LEVEL": "White",
        "PREDICTED_EVENT": "0.257128864655",
        "P_GE50K0": "0.742871135345",
        "P_GE50K1": "0.257128864655",
        "VLABEL": "",
        "_DATAROLE_": "TEST",
        "_VARIABLE_": "Race",
        "_acc_": "0.820852740953",
        "_ase_": "0.130991160967",
        "_c_": "0.82739987392",
        "_cumlift_": "2.90215588723",
        "_cumresp_": "29.0215588723",
        "_f1_": "0.586092715232",
        "_fdr_": "0.274590163934",
        "_fn_": "366",
        "_fnr_": "0.508333333333",
        "_fp_": "134",
        "_fpr_": "0.0647030420087",
        "_gain_": "1.90215588723",
        "_gini_": "0.654799747841",
        "_ks_": "0.546461049413",
        "_kscut_": "0.426963624658",
        "_lift_": "2.90215588723",
        "_mce_": "0.179147259047",
        "_mcll_": "0.414354204484",
        "_misccutoff_": "0.179147259047",
        "_miscks_": "0.261913292727",
        "_nobs_": "2791",
        "_rase_": "0.361927010552",
        "_resp_": "14.5107794362",
        "_tn_": "1937",
        "_tnr_": "0.935296957991",
        "_tp_": "354",
        "_tpr_": "0.491666666667"
      },
      "rowNumber": 36
    },
    {
      "dataMap": {
        "INTO_EVENT": "0.35376661743",
        "LEVEL": "Husband",
        "PREDICTED_EVENT": "0.465799706142",
        "P_GE50K0": "0.534200293858",
        "P_GE50K1": "0.465799706142",
        "VLABEL": "",
        "_DATAROLE_": "TEST",
        "_VARIABLE_": "Relationship",
        "_acc_": "0.69940915805",
        "_ase_": "0.205120834632",
        "_c_": "0.718123342175",
        "_cumlift_": "1.65102880658",
        "_cumresp_": "16.5102880658",
        "_f1_": "0.622798887859",
        "_fdr_": "0.298538622129",
        "_fn_": "264",
        "_fnr_": "0.44",
        "_fp_": "143",
        "_fpr_": "0.189655172414",
        "_gain_": "0.651028806584",
        "_gini_": "0.43624668435",
        "_ks_": "0.376401414677",
        "_kscut_": "0.370344827586",
        "_lift_": "1.65102880658",
        "_mce_": "0.30059084195",
        "_mcll_": "0.597011447594",
        "_misccutoff_": "0.30059084195",
        "_miscks_": "0.299113737075",
        "_nobs_": "1354",
        "_rase_": "0.452902676778",
        "_resp_": "8.25514403292",
        "_tn_": "611",
        "_tnr_": "0.810344827586",
        "_tp_": "336",
        "_tpr_": "0.56"
      },
      "rowNumber": 37
    },
    {
      "dataMap": {
        "INTO_EVENT": "0.0177725118483",
        "LEVEL": "Not-in-family",
        "PREDICTED_EVENT": "0.0699054839616",
        "P_GE50K0": "0.930094516038",
        "P_GE50K1": "0.0699054839616",
        "VLABEL": "",
        "_DATAROLE_": "TEST",
        "_VARIABLE_": "Relationship",
        "_acc_": "0.905213270142",
        "_ase_": "0.0862065334189",
        "_c_": "0.568563142471",
        "_cumlift_": "2.14694723284",
        "_cumresp_": "21.4694723284",
        "_f1_": "0.21568627451",
        "_fdr_": "0.266666666667",
        "_fn_": "76",
        "_fnr_": "0.873563218391",
        "_fp_": "4",
        "_fpr_": "0.00528401585205",
        "_gain_": "1.14694723284",
        "_gini_": "0.137126284942",
        "_ks_": "0.136215247726",
        "_kscut_": "0.121152765757",
        "_lift_": "0.890979601551",
        "_mce_": "0.0947867298578",
        "_mcll_": "0.318756585907",
        "_misccutoff_": "0.0947867298578",
        "_miscks_": "0.0995260663507",
        "_nobs_": "844",
        "_rase_": "0.293609491364",
        "_resp_": "4.45489800776",
        "_tn_": "753",
        "_tnr_": "0.994715984148",
        "_tp_": "11",
        "_tpr_": "0.126436781609"
      },
      "rowNumber": 38
    },
    {
      "dataMap": {
        "INTO_EVENT": "0",
        "LEVEL": "Other-relative",
        "PREDICTED_EVENT": "0.0578386605784",
        "P_GE50K0": "0.942161339422",
        "P_GE50K1": "0.0578386605784",
        "VLABEL": "",
        "_DATAROLE_": "TEST",
        "_VARIABLE_": "Relationship",
        "_acc_": "0.978260869565",
        "_ase_": "0.0225697167193",
        "_c_": "0.5",
        "_cumlift_": "1.08695652174",
        "_cumresp_": "10.8695652174",
        "_f1_": "0",
        "_fdr_": null,
        "_fn_": "2",
        "_fnr_": "1",
        "_fp_": "0",
        "_fpr_": "0",
        "_gain_": "0.0869565217391",
        "_gini_": "0",
        "_ks_": "0",
        "_kscut_": "0",
        "_lift_": "1.08695652174",
        "_mce_": "0.0217391304348",
        "_mcll_": "0.120242204777",
        "_misccutoff_": "0.0217391304348",
        "_miscks_": "0.978260869565",
        "_nobs_": "92",
        "_rase_": "0.150232209327",
        "_resp_": "5.4347826087",
        "_tn_": "90",
        "_tnr_": "1",
        "_tp_": "0",
        "_tpr_": "0"
      },
      "rowNumber": 39
    },
    {
      "dataMap": {
        "INTO_EVENT": "0",
        "LEVEL": "Own-child",
        "PREDICTED_EVENT": "0.0585050145941",
        "P_GE50K0": "0.941494985406",
        "P_GE50K1": "0.0585050145941",
        "VLABEL": "",
        "_DATAROLE_": "TEST",
        "_VARIABLE_": "Relationship",
        "_acc_": "0.987780040733",
        "_ase_": "0.014362935128",
        "_c_": "0.49793814433",
        "_cumlift_": "0.981595092025",
        "_cumresp_": "9.81595092025",
        "_f1_": "0",
        "_fdr_": null,
        "_fn_": "6",
        "_fnr_": "1",
        "_fp_": "0",
        "_fpr_": "0",
        "_gain_": "-0.0184049079755",
        "_gini_": "-0.00412371134021",
        "_ks_": "0",
        "_kscut_": "0",
        "_lift_": "1.02249488753",
        "_mce_": "0.0122199592668",
        "_mcll_": "0.0944764704638",
        "_misccutoff_": "0.0122199592668",
        "_miscks_": "0.987780040733",
        "_nobs_": "491",
        "_rase_": "0.119845463527",
        "_resp_": "5.11247443763",
        "_tn_": "485",
        "_tnr_": "1",
        "_tp_": "0",
        "_tpr_": "0"
      },
      "rowNumber": 40
    },
    {
      "dataMap": {
        "INTO_EVENT": "0.00310559006211",
        "LEVEL": "Unmarried",
        "PREDICTED_EVENT": "0.060993381182",
        "P_GE50K0": "0.939006618818",
        "P_GE50K1": "0.060993381182",
        "VLABEL": "",
        "_DATAROLE_": "TEST",
        "_VARIABLE_": "Relationship",
        "_acc_": "0.922360248447",
        "_ase_": "0.070483051405",
        "_c_": "0.557692307692",
        "_cumlift_": "2.01350373764",
        "_cumresp_": "20.1350373764",
        "_f1_": "0.0740740740741",
        "_fdr_": "0",
        "_fn_": "25",
        "_fnr_": "0.961538461538",
        "_fp_": "0",
        "_fpr_": "0",
        "_gain_": "1.01350373764",
        "_gini_": "0.115384615385",
        "_ks_": "0.115384615385",
        "_kscut_": "0.0384615384615",
        "_lift_": "0.942850253195",
        "_mce_": "0.0776397515528",
        "_mcll_": "0.269036740451",
        "_misccutoff_": "0.0776397515528",
        "_miscks_": "0.0714285714286",
        "_nobs_": "322",
        "_rase_": "0.265486442978",
        "_resp_": "4.71425126598",
        "_tn_": "296",
        "_tnr_": "1",
        "_tp_": "1",
        "_tpr_": "0.0384615384615"
      },
      "rowNumber": 41
    },
    {
      "dataMap": {
        "INTO_EVENT": "0.287581699346",
        "LEVEL": "Wife",
        "PREDICTED_EVENT": "0.416319731987",
        "P_GE50K0": "0.583680268013",
        "P_GE50K1": "0.416319731987",
        "VLABEL": "",
        "_DATAROLE_": "TEST",
        "_VARIABLE_": "Relationship",
        "_acc_": "0.692810457516",
        "_ase_": "0.205243082723",
        "_c_": "0.71684303351",
        "_cumlift_": "1.67084377611",
        "_cumresp_": "16.7084377611",
        "_f1_": "0.560747663551",
        "_fdr_": "0.318181818182",
        "_fn_": "33",
        "_fnr_": "0.52380952381",
        "_fp_": "14",
        "_fpr_": "0.155555555556",
        "_gain_": "0.670843776107",
        "_gini_": "0.433686067019",
        "_ks_": "0.320634920635",
        "_kscut_": "0.320634920635",
        "_lift_": "1.67084377611",
        "_mce_": "0.307189542484",
        "_mcll_": "0.594427331279",
        "_misccutoff_": "0.307189542484",
        "_miscks_": "0.307189542484",
        "_nobs_": "153",
        "_rase_": "0.453037617337",
        "_resp_": "8.35421888053",
        "_tn_": "76",
        "_tnr_": "0.844444444444",
        "_tp_": "30",
        "_tpr_": "0.47619047619"
      },
      "rowNumber": 42
    },
    {
      "dataMap": {
        "INTO_EVENT": "0.0482954545455",
        "LEVEL": "Female",
        "PREDICTED_EVENT": "0.114621112083",
        "P_GE50K0": "0.885378887917",
        "P_GE50K1": "0.114621112083",
        "VLABEL": "",
        "_DATAROLE_": "TEST",
        "_VARIABLE_": "Sex",
        "_acc_": "0.911931818182",
        "_ase_": "0.0705475727778",
        "_c_": "0.775858807506",
        "_cumlift_": "4.98590225564",
        "_cumresp_": "49.8590225564",
        "_f1_": "0.429447852761",
        "_fdr_": "0.313725490196",
        "_fn_": "77",
        "_fnr_": "0.6875",
        "_fp_": "16",
        "_fpr_": "0.0169491525424",
        "_gain_": "3.98590225564",
        "_gini_": "0.551717615012",
        "_ks_": "0.52436440678",
        "_kscut_": "0.295550847458",
        "_lift_": "3.72180451128",
        "_mce_": "0.0880681818182",
        "_mcll_": "0.255512688544",
        "_misccutoff_": "0.0880681818182",
        "_miscks_": "0.129734848485",
        "_nobs_": "1056",
        "_rase_": "0.265607930563",
        "_resp_": "18.6090225564",
        "_tn_": "928",
        "_tnr_": "0.983050847458",
        "_tp_": "35",
        "_tpr_": "0.3125"
      },
      "rowNumber": 43
    },
    {
      "dataMap": {
        "INTO_EVENT": "0.221818181818",
        "LEVEL": "Male",
        "PREDICTED_EVENT": "0.311835019497",
        "P_GE50K0": "0.688164980503",
        "P_GE50K1": "0.311835019497",
        "VLABEL": "",
        "_DATAROLE_": "TEST",
        "_VARIABLE_": "Sex",
        "_acc_": "0.784545454545",
        "_ase_": "0.154190925791",
        "_c_": "0.803702902954",
        "_cumlift_": "2.38462669018",
        "_cumresp_": "23.8462669018",
        "_f1_": "0.591379310345",
        "_fdr_": "0.297131147541",
        "_fn_": "329",
        "_fnr_": "0.489583333333",
        "_fp_": "145",
        "_fpr_": "0.0948952879581",
        "_gain_": "1.38462669018",
        "_gini_": "0.607405805909",
        "_ks_": "0.462462602842",
        "_kscut_": "0.415521378709",
        "_lift_": "2.38462669018",
        "_mce_": "0.215454545455",
        "_mcll_": "0.473904591543",
        "_misccutoff_": "0.215454545455",
        "_miscks_": "0.328181818182",
        "_nobs_": "2200",
        "_rase_": "0.392671524038",
        "_resp_": "11.9231334509",
        "_tn_": "1383",
        "_tnr_": "0.905104712042",
        "_tp_": "343",
        "_tpr_": "0.510416666667"
      },
      "rowNumber": 44
    },
    {
      "dataMap": {
        "INTO_EVENT": "0.0880829015544",
        "LEVEL": "",
        "PREDICTED_EVENT": "0.172163449344",
        "P_GE50K0": "0.827836550656",
        "P_GE50K1": "0.172163449344",
        "VLABEL": "",
        "_DATAROLE_": "TEST",
        "_VARIABLE_": "WorkClass",
        "_acc_": "0.896373056995",
        "_ase_": "0.0796738812589",
        "_c_": "0.842710223835",
        "_cumlift_": "4.84848484848",
        "_cumresp_": "48.4848484848",
        "_f1_": "0.444444444444",
        "_fdr_": "0.529411764706",
        "_fn_": "11",
        "_fnr_": "0.578947368421",
        "_fp_": "9",
        "_fpr_": "0.051724137931",
        "_gain_": "3.84848484848",
        "_gini_": "0.685420447671",
        "_ks_": "0.635208711434",
        "_kscut_": "0.369328493648",
        "_lift_": "5.09170653907",
        "_mce_": "0.103626943005",
        "_mcll_": "0.266983732079",
        "_misccutoff_": "0.103626943005",
        "_miscks_": "0.20207253886",
        "_nobs_": "193",
        "_rase_": "0.282265621816",
        "_resp_": "25.4585326954",
        "_tn_": "165",
        "_tnr_": "0.948275862069",
        "_tp_": "8",
        "_tpr_": "0.421052631579"
      },
      "rowNumber": 45
    },
    {
      "dataMap": {
        "INTO_EVENT": "0.450819672131",
        "LEVEL": "Federal-gov",
        "PREDICTED_EVENT": "0.331245434141",
        "P_GE50K0": "0.668754565859",
        "P_GE50K1": "0.331245434141",
        "VLABEL": "",
        "_DATAROLE_": "TEST",
        "_VARIABLE_": "WorkClass",
        "_acc_": "0.770491803279",
        "_ase_": "0.151855284099",
        "_c_": "0.816033364226",
        "_cumlift_": "2.53393665158",
        "_cumresp_": "25.3393665158",
        "_f1_": "0.702127659574",
        "_fdr_": "0.4",
        "_fn_": "6",
        "_fnr_": "0.153846153846",
        "_fp_": "22",
        "_fpr_": "0.265060240964",
        "_gain_": "1.53393665158",
        "_gini_": "0.632066728452",
        "_ks_": "0.582638245289",
        "_kscut_": "0.58109360519",
        "_lift_": "2.53393665158",
        "_mce_": "0.229508196721",
        "_mcll_": "0.465983303452",
        "_misccutoff_": "0.229508196721",
        "_miscks_": "0.237704918033",
        "_nobs_": "122",
        "_rase_": "0.389686135369",
        "_resp_": "12.6696832579",
        "_tn_": "61",
        "_tnr_": "0.734939759036",
        "_tp_": "33",
        "_tpr_": "0.846153846154"
      },
      "rowNumber": 46
    },
    {
      "dataMap": {
        "INTO_EVENT": "0.173684210526",
        "LEVEL": "Local-gov",
        "PREDICTED_EVENT": "0.26146485631",
        "P_GE50K0": "0.73853514369",
        "P_GE50K1": "0.26146485631",
        "VLABEL": "",
        "_DATAROLE_": "TEST",
        "_VARIABLE_": "WorkClass",
        "_acc_": "0.757894736842",
        "_ase_": "0.159447035194",
        "_c_": "0.775365465335",
        "_cumlift_": "2.22634508349",
        "_cumresp_": "22.2634508349",
        "_f1_": "0.439024390244",
        "_fdr_": "0.454545454545",
        "_fn_": "31",
        "_fnr_": "0.632653061224",
        "_fp_": "15",
        "_fpr_": "0.106382978723",
        "_gain_": "1.22634508349",
        "_gini_": "0.55073093067",
        "_ks_": "0.53177015487",
        "_kscut_": "0.260963960052",
        "_lift_": "2.22634508349",
        "_mce_": "0.242105263158",
        "_mcll_": "0.48218458513",
        "_misccutoff_": "0.242105263158",
        "_miscks_": "0.268421052632",
        "_nobs_": "190",
        "_rase_": "0.399308195751",
        "_resp_": "11.1317254174",
        "_tn_": "126",
        "_tnr_": "0.893617021277",
        "_tp_": "18",
        "_tpr_": "0.367346938776"
      },
      "rowNumber": 47
    },
    {
      "dataMap": {
        "INTO_EVENT": "0.123178807947",
        "LEVEL": "Private",
        "PREDICTED_EVENT": "0.227836749201",
        "P_GE50K0": "0.772163250799",
        "P_GE50K1": "0.227836749201",
        "VLABEL": "",
        "_DATAROLE_": "TEST",
        "_VARIABLE_": "WorkClass",
        "_acc_": "0.841059602649",
        "_ase_": "0.118305241631",
        "_c_": "0.828719159905",
        "_cumlift_": "3.4636030996",
        "_cumresp_": "34.636030996",
        "_f1_": "0.543147208122",
        "_fdr_": "0.232974910394",
        "_fn_": "295",
        "_fnr_": "0.579567779961",
        "_fp_": "65",
        "_fpr_": "0.0370159453303",
        "_gain_": "2.4636030996",
        "_gini_": "0.657438319811",
        "_ks_": "0.565551284174",
        "_kscut_": "0.383416274709",
        "_lift_": "3.4636030996",
        "_mce_": "0.158940397351",
        "_mcll_": "0.381110641537",
        "_misccutoff_": "0.158940397351",
        "_miscks_": "0.248123620309",
        "_nobs_": "2265",
        "_rase_": "0.343955290163",
        "_resp_": "17.318015498",
        "_tn_": "1691",
        "_tnr_": "0.96298405467",
        "_tp_": "214",
        "_tpr_": "0.420432220039"
      },
      "rowNumber": 48
    },
    {
      "dataMap": {
        "INTO_EVENT": "0.720720720721",
        "LEVEL": "Self-emp-inc",
        "PREDICTED_EVENT": "0.514851910119",
        "P_GE50K0": "0.485148089881",
        "P_GE50K1": "0.514851910119",
        "VLABEL": "",
        "_DATAROLE_": "TEST",
        "_VARIABLE_": "WorkClass",
        "_acc_": "0.693693693694",
        "_ase_": "0.20485565396",
        "_c_": "0.722222222222",
        "_cumlift_": "1.44444444444",
        "_cumresp_": "14.4444444444",
        "_f1_": "0.757142857143",
        "_fdr_": "0.3375",
        "_fn_": "7",
        "_fnr_": "0.116666666667",
        "_fp_": "27",
        "_fpr_": "0.529411764706",
        "_gain_": "0.444444444444",
        "_gini_": "0.444444444444",
        "_ks_": "0.387254901961",
        "_kscut_": "0.353921568627",
        "_lift_": "1.44444444444",
        "_mce_": "0.306306306306",
        "_mcll_": "0.602430766824",
        "_misccutoff_": "0.306306306306",
        "_miscks_": "0.288288288288",
        "_nobs_": "111",
        "_rase_": "0.452609825302",
        "_resp_": "7.22222222222",
        "_tn_": "24",
        "_tnr_": "0.470588235294",
        "_tp_": "53",
        "_tpr_": "0.883333333333"
      },
      "rowNumber": 49
    },
    {
      "dataMap": {
        "INTO_EVENT": "0.15873015873",
        "LEVEL": "Self-emp-not-inc",
        "PREDICTED_EVENT": "0.295377315152",
        "P_GE50K0": "0.704622684848",
        "P_GE50K1": "0.295377315152",
        "VLABEL": "",
        "_DATAROLE_": "TEST",
        "_VARIABLE_": "WorkClass",
        "_acc_": "0.765873015873",
        "_ase_": "0.173977896798",
        "_c_": "0.733106298309",
        "_cumlift_": "2.40410958904",
        "_cumresp_": "24.0410958904",
        "_f1_": "0.477876106195",
        "_fdr_": "0.325",
        "_fn_": "46",
        "_fnr_": "0.630136986301",
        "_fp_": "13",
        "_fpr_": "0.072625698324",
        "_gain_": "1.40410958904",
        "_gini_": "0.466212596617",
        "_ks_": "0.342006581465",
        "_kscut_": "0.297237315375",
        "_lift_": "2.40410958904",
        "_mce_": "0.234126984127",
        "_mcll_": "0.533476679113",
        "_misccutoff_": "0.234126984127",
        "_miscks_": "0.380952380952",
        "_nobs_": "252",
        "_rase_": "0.417106577265",
        "_resp_": "12.0205479452",
        "_tn_": "166",
        "_tnr_": "0.927374301676",
        "_tp_": "27",
        "_tpr_": "0.369863013699"
      },
      "rowNumber": 50
    },
    {
      "dataMap": {
        "INTO_EVENT": "0.286885245902",
        "LEVEL": "State-gov",
        "PREDICTED_EVENT": "0.296108553147",
        "P_GE50K0": "0.703891446853",
        "P_GE50K1": "0.296108553147",
        "VLABEL": "",
        "_DATAROLE_": "TEST",
        "_VARIABLE_": "WorkClass",
        "_acc_": "0.83606557377",
        "_ase_": "0.122763551519",
        "_c_": "0.849261083744",
        "_cumlift_": "2.75",
        "_cumresp_": "27.5",
        "_f1_": "0.714285714286",
        "_fdr_": "0.285714285714",
        "_fn_": "10",
        "_fnr_": "0.285714285714",
        "_fp_": "10",
        "_fpr_": "0.114942528736",
        "_gain_": "1.75",
        "_gini_": "0.698522167488",
        "_ks_": "0.655829228243",
        "_kscut_": "0.59934318555",
        "_lift_": "2.75",
        "_mce_": "0.16393442623",
        "_mcll_": "0.39259889077",
        "_misccutoff_": "0.16393442623",
        "_miscks_": "0.196721311475",
        "_nobs_": "122",
        "_rase_": "0.350376299881",
        "_resp_": "13.75",
        "_tn_": "77",
        "_tnr_": "0.885057471264",
        "_tp_": "25",
        "_tpr_": "0.714285714286"
      },
      "rowNumber": 51
    },
    {
      "dataMap": {
        "INTO_EVENT": "0",
        "LEVEL": "Without-pay",
        "PREDICTED_EVENT": "0",
        "P_GE50K0": "1",
        "P_GE50K1": "0",
        "VLABEL": "",
        "_DATAROLE_": "TEST",
        "_VARIABLE_": "WorkClass",
        "_acc_": "1",
        "_ase_": "0",
        "_c_": null,
        "_cumlift_": "0",
        "_cumresp_": "0",
        "_f1_": null,
        "_fdr_": null,
        "_fn_": "0",
        "_fnr_": null,
        "_fp_": "0",
        "_fpr_": "0",
        "_gain_": "0",
        "_gini_": null,
        "_ks_": null,
        "_kscut_": null,
        "_lift_": "0",
        "_mce_": "0",
        "_mcll_": "1.00000008279e-10",
        "_misccutoff_": "0",
        "_miscks_": "1",
        "_nobs_": "1",
        "_rase_": "0",
        "_resp_": "0",
        "_tn_": "1",
        "_tnr_": "1",
        "_tp_": "0",
        "_tpr_": null
      },
      "rowNumber": 52
    }
  ],
  "xInteger": false,
  "yInteger": false
}