{
  "creationTimeStamp": "0001-01-01T00:00:00Z",
  "modifiedTimeStamp": "0001-01-01T00:00:00Z",
  "revision": 0,
  "name": "maxDifferences",
  "version": 0,
  "order": 0,
  "parameterMap": {
    "BASE": {
      "label": "Base Level",
      "length": 100,
      "order": 4,
      "parameter": "BASE",
      "preformatted": false,
      "type": "char",
      "values": [
        "BASE"
      ]
    },
    "COMPARE": {
      "label": "Comparison Level",
      "length": 100,
      "order": 5,
      "parameter": "COMPARE",
      "preformatted": false,
      "type": "char",
      "values": [
        "COMPARE"
      ]
    },
    "Metric": {
      "label": "Metric",
      "length": 15,
      "order": 6,
      "parameter": "Metric",
      "preformatted": false,
      "type": "char",
      "values": [
        "Metric"
      ]
    },
    "MetricLabel": {
      "label": "Metric Label",
      "length": 42,
      "order": 7,
      "parameter": "MetricLabel",
      "preformatted": false,
      "type": "char",
      "values": [
        "MetricLabel"
      ]
    },
    "VLABEL": {
      "label": "Variable Label",
      "length": 256,
      "order": 2,
      "parameter": "VLABEL",
      "preformatted": false,
      "type": "char",
      "values": [
        "VLABEL"
      ]
    },
    "_DATAROLE_": {
      "label": "Data Role",
      "length": 8,
      "order": 3,
      "parameter": "_DATAROLE_",
      "preformatted": false,
      "type": "char",
      "values": [
        "_DATAROLE_"
      ]
    },
    "_VARIABLE_": {
      "label": "Variable",
      "length": 255,
      "order": 1,
      "parameter": "_VARIABLE_",
      "preformatted": false,
      "type": "char",
      "values": [
        "_VARIABLE_"
      ]
    },
    "maxdiff": {
      "label": "Maximum Metric Difference",
      "length": 8,
      "order": 8,
      "parameter": "maxdiff",
      "preformatted": false,
      "type": "num",
      "values": [
        "maxdiff"
      ]
    }
  },
  "data": [
    {
      "dataMap": {
        "BASE": "Doctorate",
        "COMPARE": "Preschool",
        "Metric": "P_GE50K1",
        "MetricLabel": "Average Predicted: GE50K=           1",
        "VLABEL": "",
        "_DATAROLE_": "TEST",
        "_VARIABLE_": "Education",
        "maxdiff": "0.616157410808"
      },
      "rowNumber": 1
    },
    {
      "dataMap": {
        "BASE": "Preschool",
        "COMPARE": "Doctorate",
        "Metric": "P_GE50K0",
        "MetricLabel": "Average Predicted: GE50K=           0",
        "VLABEL": "",
        "_DATAROLE_": "TEST",
        "_VARIABLE_": "Education",
        "maxdiff": "0.616157410808"
      },
      "rowNumber": 2
    },
    {
      "dataMap": {
        "BASE": "Doctorate",
        "COMPARE": "10th",
        "Metric": "TPR",
        "MetricLabel": "True Positive Rate",
        "VLABEL": "",
        "_DATAROLE_": "TEST",
        "_VARIABLE_": "Education",
        "maxdiff": "0.953488372093"
      },
      "rowNumber": 3
    },
    {
      "dataMap": {
        "BASE": "Doctorate",
        "COMPARE": "10th",
        "Metric": "FPR",
        "MetricLabel": "False Positive Rate",
        "VLABEL": "",
        "_DATAROLE_": "TEST",
        "_VARIABLE_": "Education",
        "maxdiff": "0.6"
      },
      "rowNumber": 4
    },
    {
      "dataMap": {
        "BASE": "10th",
        "COMPARE": "Doctorate",
        "Metric": "TNR",
        "MetricLabel": "True Negative Rate",
        "VLABEL": "",
        "_DATAROLE_": "TEST",
        "_VARIABLE_": "Education",
        "maxdiff": "0.6"
      },
      "rowNumber": 5
    },
    {
      "dataMap": {
        "BASE": "10th",
        "COMPARE": "Doctorate",
        "Metric": "FNR",
        "MetricLabel": "False Negative Rate",
        "VLABEL": "",
        "_DATAROLE_": "TEST",
        "_VARIABLE_": "Education",
        "maxdiff": "0.953488372093"
      },
      "rowNumber": 6
    },
    {
      "dataMap": {
        "BASE": "12th",
        "COMPARE": "Doctorate",
        "Metric": "FDR",
        "MetricLabel": "False Discovery Rate",
        "VLABEL": "",
        "_DATAROLE_": "TEST",
        "_VARIABLE_": "Education",
        "maxdiff": "0.931818181818"
      },
      "rowNumber": 7
    },
    {
      "dataMap": {
        "BASE": "5th-6th",
        "COMPARE": "Masters",
        "Metric": "ACC",
        "MetricLabel": "Accuracy",
        "VLABEL": "",
        "_DATAROLE_": "TEST",
        "_VARIABLE_": "Education",
        "maxdiff": "0.276073619632"
      },
      "rowNumber": 8
    },
    {
      "dataMap": {
        "BASE": "12th",
        "COMPARE": "9th",
        "Metric": "C",
        "MetricLabel": "Area under ROC",
        "VLABEL": "",
        "_DATAROLE_": "TEST",
        "_VARIABLE_": "Education",
        "maxdiff": "0.326984126984"
      },
      "rowNumber": 9
    },
    {
      "dataMap": {
        "BASE": "Doctorate",
        "COMPARE": "10th",
        "Metric": "F1",
        "MetricLabel": "F1 Score",
        "VLABEL": "",
        "_DATAROLE_": "TEST",
        "_VARIABLE_": "Education",
        "maxdiff": "0.942528735632"
      },
      "rowNumber": 10
    },
    {
      "dataMap": {
        "BASE": "12th",
        "COMPARE": "9th",
        "Metric": "GINI",
        "MetricLabel": "Gini Coefficient",
        "VLABEL": "",
        "_DATAROLE_": "TEST",
        "_VARIABLE_": "Education",
        "maxdiff": "0.653968253968"
      },
      "rowNumber": 11
    },
    {
      "dataMap": {
        "BASE": "Masters",
        "COMPARE": "5th-6th",
        "Metric": "MISCEVENT",
        "MetricLabel": "Event Misclassification Rate at Cutoff",
        "VLABEL": "",
        "_DATAROLE_": "TEST",
        "_VARIABLE_": "Education",
        "maxdiff": "0.276073619632"
      },
      "rowNumber": 12
    },
    {
      "dataMap": {
        "BASE": "5th-6th",
        "COMPARE": "Doctorate",
        "Metric": "MISCEVENTKS",
        "MetricLabel": "Event Misclassification Rate at Maximum KS",
        "VLABEL": "",
        "_DATAROLE_": "TEST",
        "_VARIABLE_": "Education",
        "maxdiff": "0.916666666667"
      },
      "rowNumber": 13
    },
    {
      "dataMap": {
        "BASE": "Masters",
        "COMPARE": "5th-6th",
        "Metric": "MCE",
        "MetricLabel": "Misclassification Rate",
        "VLABEL": "",
        "_DATAROLE_": "TEST",
        "_VARIABLE_": "Education",
        "maxdiff": "0.276073619632"
      },
      "rowNumber": 14
    },
    {
      "dataMap": {
        "BASE": "Masters",
        "COMPARE": "Preschool",
        "Metric": "ASE",
        "MetricLabel": "Average Squared Error",
        "VLABEL": "",
        "_DATAROLE_": "TEST",
        "_VARIABLE_": "Education",
        "maxdiff": "0.208266002047"
      },
      "rowNumber": 15
    },
    {
      "dataMap": {
        "BASE": "Masters",
        "COMPARE": "Preschool",
        "Metric": "RASE",
        "MetricLabel": "Root Average Squared Error",
        "VLABEL": "",
        "_DATAROLE_": "TEST",
        "_VARIABLE_": "Education",
        "maxdiff": "0.376371964394"
      },
      "rowNumber": 16
    },
    {
      "dataMap": {
        "BASE": "Masters",
        "COMPARE": "Preschool",
        "Metric": "MCLL",
        "MetricLabel": "Multiclass Log Loss",
        "VLABEL": "",
        "_DATAROLE_": "TEST",
        "_VARIABLE_": "Education",
        "maxdiff": "0.586722820642"
      },
      "rowNumber": 17
    },
    {
      "dataMap": {
        "BASE": "12th",
        "COMPARE": "9th",
        "Metric": "maxKS",
        "MetricLabel": "Best Kolmogorov-Smirnov along ROC",
        "VLABEL": "",
        "_DATAROLE_": "TEST",
        "_VARIABLE_": "Education",
        "maxdiff": "0.646031746032"
      },
      "rowNumber": 18
    },
    {
      "dataMap": {
        "BASE": "Bachelors",
        "COMPARE": "1st-4th",
        "Metric": "cutoffKS",
        "MetricLabel": "Kolmogorov-Smirnov at Cutoff",
        "VLABEL": "",
        "_DATAROLE_": "TEST",
        "_VARIABLE_": "Education",
        "maxdiff": "0.578170372051"
      },
      "rowNumber": 19
    },
    {
      "dataMap": {
        "BASE": "12th",
        "COMPARE": "5th-6th",
        "Metric": "GAIN",
        "MetricLabel": "Gain",
        "VLABEL": "",
        "_DATAROLE_": "TEST",
        "_VARIABLE_": "Education",
        "maxdiff": "3.28571428571"
      },
      "rowNumber": 20
    },
    {
      "dataMap": {
        "BASE": "12th",
        "COMPARE": "5th-6th",
        "Metric": "LIFT",
        "MetricLabel": "Lift",
        "VLABEL": "",
        "_DATAROLE_": "TEST",
        "_VARIABLE_": "Education",
        "maxdiff": "5.71428571429"
      },
      "rowNumber": 21
    },
    {
      "dataMap": {
        "BASE": "12th",
        "COMPARE": "5th-6th",
        "Metric": "RESP",
        "MetricLabel": "%% Captured Response",
        "VLABEL": "",
        "_DATAROLE_": "TEST",
        "_VARIABLE_": "Education",
        "maxdiff": "28.5714285714"
      },
      "rowNumber": 22
    },
    {
      "dataMap": {
        "BASE": "12th",
        "COMPARE": "5th-6th",
        "Metric": "CUMRESP",
        "MetricLabel": "Cumulative %% Captured Response",
        "VLABEL": "",
        "_DATAROLE_": "TEST",
        "_VARIABLE_": "Education",
        "maxdiff": "42.8571428571"
      },
      "rowNumber": 23
    },
    {
      "dataMap": {
        "BASE": "12th",
        "COMPARE": "5th-6th",
        "Metric": "CUMLIFT",
        "MetricLabel": "Cumulative Lift",
        "VLABEL": "",
        "_DATAROLE_": "TEST",
        "_VARIABLE_": "Education",
        "maxdiff": "4.28571428571"
      },
      "rowNumber": 24
    },
    {
      "dataMap": {
        "BASE": "Doctorate",
        "COMPARE": "Preschool",
        "Metric": "PREDICTED_EVENT",
        "MetricLabel": "Average Prediction for Event",
        "VLABEL": "",
        "_DATAROLE_": "TEST",
        "_VARIABLE_": "Education",
        "maxdiff": "0.616157410808"
      },
      "rowNumber": 25
    },
    {
      "dataMap": {
        "BASE": "Doctorate",
        "COMPARE": "10th",
        "Metric": "INTO_EVENT",
        "MetricLabel": "Proportion into Event Level",
        "VLABEL": "",
        "_DATAROLE_": "TEST",
        "_VARIABLE_": "Education",
        "maxdiff": "0.916666666667"
      },
      "rowNumber": 26
    },
    {
      "dataMap": {
        "BASE": "Prof-specialty",
        "COMPARE": "Priv-house-serv",
        "Metric": "P_GE50K1",
        "MetricLabel": "Average Predicted: GE50K=           1",
        "VLABEL": "",
        "_DATAROLE_": "TEST",
        "_VARIABLE_": "Occupation",
        "maxdiff": "0.347820149961"
      },
      "rowNumber": 27
    },
    {
      "dataMap": {
        "BASE": "Priv-house-serv",
        "COMPARE": "Prof-specialty",
        "Metric": "P_GE50K0",
        "MetricLabel": "Average Predicted: GE50K=           0",
        "VLABEL": "",
        "_DATAROLE_": "TEST",
        "_VARIABLE_": "Occupation",
        "maxdiff": "0.347820149961"
      },
      "rowNumber": 28
    },
    {
      "dataMap": {
        "BASE": "Prof-specialty",
        "COMPARE": "Farming-fishing",
        "Metric": "TPR",
        "MetricLabel": "True Positive Rate",
        "VLABEL": "",
        "_DATAROLE_": "TEST",
        "_VARIABLE_": "Occupation",
        "maxdiff": "0.798850574713"
      },
      "rowNumber": 29
    },
    {
      "dataMap": {
        "BASE": "Armed-Forces",
        "COMPARE": "Priv-house-serv",
        "Metric": "FPR",
        "MetricLabel": "False Positive Rate",
        "VLABEL": "",
        "_DATAROLE_": "TEST",
        "_VARIABLE_": "Occupation",
        "maxdiff": "0.333333333333"
      },
      "rowNumber": 30
    },
    {
      "dataMap": {
        "BASE": "Priv-house-serv",
        "COMPARE": "Armed-Forces",
        "Metric": "TNR",
        "MetricLabel": "True Negative Rate",
        "VLABEL": "",
        "_DATAROLE_": "TEST",
        "_VARIABLE_": "Occupation",
        "maxdiff": "0.333333333333"
      },
      "rowNumber": 31
    },
    {
      "dataMap": {
        "BASE": "Farming-fishing",
        "COMPARE": "Prof-specialty",
        "Metric": "FNR",
        "MetricLabel": "False Negative Rate",
        "VLABEL": "",
        "_DATAROLE_": "TEST",
        "_VARIABLE_": "Occupation",
        "maxdiff": "0.798850574713"
      },
      "rowNumber": 32
    },
    {
      "dataMap": {
        "BASE": "Armed-Forces",
        "COMPARE": "Transport-moving",
        "Metric": "FDR",
        "MetricLabel": "False Discovery Rate",
        "VLABEL": "",
        "_DATAROLE_": "TEST",
        "_VARIABLE_": "Occupation",
        "maxdiff": "1"
      },
      "rowNumber": 33
    },
    {
      "dataMap": {
        "BASE": "Priv-house-serv",
        "COMPARE": "Armed-Forces",
        "Metric": "ACC",
        "MetricLabel": "Accuracy",
        "VLABEL": "",
        "_DATAROLE_": "TEST",
        "_VARIABLE_": "Occupation",
        "maxdiff": "0.333333333333"
      },
      "rowNumber": 34
    },
    {
      "dataMap": {
        "BASE": "Tech-support",
        "COMPARE": "Craft-repair",
        "Metric": "C",
        "MetricLabel": "Area under ROC",
        "VLABEL": "",
        "_DATAROLE_": "TEST",
        "_VARIABLE_": "Occupation",
        "maxdiff": "0.200947605426"
      },
      "rowNumber": 35
    },
    {
      "dataMap": {
        "BASE": "Prof-specialty",
        "COMPARE": "Armed-Forces",
        "Metric": "F1",
        "MetricLabel": "F1 Score",
        "VLABEL": "",
        "_DATAROLE_": "TEST",
        "_VARIABLE_": "Occupation",
        "maxdiff": "0.776536312849"
      },
      "rowNumber": 36
    },
    {
      "dataMap": {
        "BASE": "Tech-support",
        "COMPARE": "Craft-repair",
        "Metric": "GINI",
        "MetricLabel": "Gini Coefficient",
        "VLABEL": "",
        "_DATAROLE_": "TEST",
        "_VARIABLE_": "Occupation",
        "maxdiff": "0.401895210853"
      },
      "rowNumber": 37
    },
    {
      "dataMap": {
        "BASE": "Armed-Forces",
        "COMPARE": "Priv-house-serv",
        "Metric": "MISCEVENT",
        "MetricLabel": "Event Misclassification Rate at Cutoff",
        "VLABEL": "",
        "_DATAROLE_": "TEST",
        "_VARIABLE_": "Occupation",
        "maxdiff": "0.333333333333"
      },
      "rowNumber": 38
    },
    {
      "dataMap": {
        "BASE": "Armed-Forces",
        "COMPARE": "Adm-clerical",
        "Metric": "MISCEVENTKS",
        "MetricLabel": "Event Misclassification Rate at Maximum KS",
        "VLABEL": "",
        "_DATAROLE_": "TEST",
        "_VARIABLE_": "Occupation",
        "maxdiff": "0.839237057221"
      },
      "rowNumber": 39
    },
    {
      "dataMap": {
        "BASE": "Armed-Forces",
        "COMPARE": "Priv-house-serv",
        "Metric": "MCE",
        "MetricLabel": "Misclassification Rate",
        "VLABEL": "",
        "_DATAROLE_": "TEST",
        "_VARIABLE_": "Occupation",
        "maxdiff": "0.333333333333"
      },
      "rowNumber": 40
    },
    {
      "dataMap": {
        "BASE": "Protective-serv",
        "COMPARE": "Priv-house-serv",
        "Metric": "ASE",
        "MetricLabel": "Average Squared Error",
        "VLABEL": "",
        "_DATAROLE_": "TEST",
        "_VARIABLE_": "Occupation",
        "maxdiff": "0.200591297418"
      },
      "rowNumber": 41
    },
    {
      "dataMap": {
        "BASE": "Protective-serv",
        "COMPARE": "Priv-house-serv",
        "Metric": "RASE",
        "MetricLabel": "Root Average Squared Error",
        "VLABEL": "",
        "_DATAROLE_": "TEST",
        "_VARIABLE_": "Occupation",
        "maxdiff": "0.393754749555"
      },
      "rowNumber": 42
    },
    {
      "dataMap": {
        "BASE": "Exec-managerial",
        "COMPARE": "Priv-house-serv",
        "Metric": "MCLL",
        "MetricLabel": "Multiclass Log Loss",
        "VLABEL": "",
        "_DATAROLE_": "TEST",
        "_VARIABLE_": "Occupation",
        "maxdiff": "0.548306378095"
      },
      "rowNumber": 43
    },
    {
      "dataMap": {
        "BASE": "Adm-clerical",
        "COMPARE": "Craft-repair",
        "Metric": "maxKS",
        "MetricLabel": "Best Kolmogorov-Smirnov along ROC",
        "VLABEL": "",
        "_DATAROLE_": "TEST",
        "_VARIABLE_": "Occupation",
        "maxdiff": "0.362842655731"
      },
      "rowNumber": 44
    },
    {
      "dataMap": {
        "BASE": "Prof-specialty",
        "COMPARE": "Machine-op-inspc",
        "Metric": "cutoffKS",
        "MetricLabel": "Kolmogorov-Smirnov at Cutoff",
        "VLABEL": "",
        "_DATAROLE_": "TEST",
        "_VARIABLE_": "Occupation",
        "maxdiff": "0.627920342155"
      },
      "rowNumber": 45
    },
    {
      "dataMap": {
        "BASE": "",
        "COMPARE": "Armed-Forces",
        "Metric": "GAIN",
        "MetricLabel": "Gain",
        "VLABEL": "",
        "_DATAROLE_": "TEST",
        "_VARIABLE_": "Occupation",
        "maxdiff": "3.84848484848"
      },
      "rowNumber": 46
    },
    {
      "dataMap": {
        "BASE": "",
        "COMPARE": "Armed-Forces",
        "Metric": "LIFT",
        "MetricLabel": "Lift",
        "VLABEL": "",
        "_DATAROLE_": "TEST",
        "_VARIABLE_": "Occupation",
        "maxdiff": "5.09170653907"
      },
      "rowNumber": 47
    },
    {
      "dataMap": {
        "BASE": "",
        "COMPARE": "Armed-Forces",
        "Metric": "RESP",
        "MetricLabel": "%% Captured Response",
        "VLABEL": "",
        "_DATAROLE_": "TEST",
        "_VARIABLE_": "Occupation",
        "maxdiff": "25.4585326954"
      },
      "rowNumber": 48
    },
    {
      "dataMap": {
        "BASE": "",
        "COMPARE": "Armed-Forces",
        "Metric": "CUMRESP",
        "MetricLabel": "Cumulative %% Captured Response",
        "VLABEL": "",
        "_DATAROLE_": "TEST",
        "_VARIABLE_": "Occupation",
        "maxdiff": "48.4848484848"
      },
      "rowNumber": 49
    },
    {
      "dataMap": {
        "BASE": "",
        "COMPARE": "Armed-Forces",
        "Metric": "CUMLIFT",
        "MetricLabel": "Cumulative Lift",
        "VLABEL": "",
        "_DATAROLE_": "TEST",
        "_VARIABLE_": "Occupation",
        "maxdiff": "4.84848484848"
      },
      "rowNumber": 50
    },
    {
      "dataMap": {
        "BASE": "Prof-specialty",
        "COMPARE": "Priv-house-serv",
        "Metric": "PREDICTED_EVENT",
        "MetricLabel": "Average Prediction for Event",
        "VLABEL": "",
        "_DATAROLE_": "TEST",
        "_VARIABLE_": "Occupation",
        "maxdiff": "0.347820149961"
      },
      "rowNumber": 51
    },
    {
      "dataMap": {
        "BASE": "Prof-specialty",
        "COMPARE": "Priv-house-serv",
        "Metric": "INTO_EVENT",
        "MetricLabel": "Proportion into Event Level",
        "VLABEL": "",
        "_DATAROLE_": "TEST",
        "_VARIABLE_": "Occupation",
        "maxdiff": "0.461152882206"
      },
      "rowNumber": 52
    },
    {
      "dataMap": {
        "BASE": "Asian-Pac-Islander",
        "COMPARE": "Other",
        "Metric": "P_GE50K1",
        "MetricLabel": "Average Predicted: GE50K=           1",
        "VLABEL": "",
        "_DATAROLE_": "TEST",
        "_VARIABLE_": "Race",
        "maxdiff": "0.18438508165"
      },
      "rowNumber": 53
    },
    {
      "dataMap": {
        "BASE": "Other",
        "COMPARE": "Asian-Pac-Islander",
        "Metric": "P_GE50K0",
        "MetricLabel": "Average Predicted: GE50K=           0",
        "VLABEL": "",
        "_DATAROLE_": "TEST",
        "_VARIABLE_": "Race",
        "maxdiff": "0.18438508165"
      },
      "rowNumber": 54
    },
    {
      "dataMap": {
        "BASE": "Asian-Pac-Islander",
        "COMPARE": "Other",
        "Metric": "TPR",
        "MetricLabel": "True Positive Rate",
        "VLABEL": "",
        "_DATAROLE_": "TEST",
        "_VARIABLE_": "Race",
        "maxdiff": "0.5"
      },
      "rowNumber": 55
    },
    {
      "dataMap": {
        "BASE": "Asian-Pac-Islander",
        "COMPARE": "Other",
        "Metric": "FPR",
        "MetricLabel": "False Positive Rate",
        "VLABEL": "",
        "_DATAROLE_": "TEST",
        "_VARIABLE_": "Race",
        "maxdiff": "0.231707317073"
      },
      "rowNumber": 56
    },
    {
      "dataMap": {
        "BASE": "Other",
        "COMPARE": "Asian-Pac-Islander",
        "Metric": "TNR",
        "MetricLabel": "True Negative Rate",
        "VLABEL": "",
        "_DATAROLE_": "TEST",
        "_VARIABLE_": "Race",
        "maxdiff": "0.231707317073"
      },
      "rowNumber": 57
    },
    {
      "dataMap": {
        "BASE": "Other",
        "COMPARE": "Asian-Pac-Islander",
        "Metric": "FNR",
        "MetricLabel": "False Negative Rate",
        "VLABEL": "",
        "_DATAROLE_": "TEST",
        "_VARIABLE_": "Race",
        "maxdiff": "0.5"
      },
      "rowNumber": 58
    },
    {
      "dataMap": {
        "BASE": "Amer-Indian-Eskimo",
        "COMPARE": "White",
        "Metric": "FDR",
        "MetricLabel": "False Discovery Rate",
        "VLABEL": "",
        "_DATAROLE_": "TEST",
        "_VARIABLE_": "Race",
        "maxdiff": "0.392076502732"
      },
      "rowNumber": 59
    },
    {
      "dataMap": {
        "BASE": "Other",
        "COMPARE": "Asian-Pac-Islander",
        "Metric": "ACC",
        "MetricLabel": "Accuracy",
        "VLABEL": "",
        "_DATAROLE_": "TEST",
        "_VARIABLE_": "Race",
        "maxdiff": "0.244983277592"
      },
      "rowNumber": 60
    },
    {
      "dataMap": {
        "BASE": "Other",
        "COMPARE": "Asian-Pac-Islander",
        "Metric": "C",
        "MetricLabel": "Area under ROC",
        "VLABEL": "",
        "_DATAROLE_": "TEST",
        "_VARIABLE_": "Race",
        "maxdiff": "0.206208425721"
      },
      "rowNumber": 61
    },
    {
      "dataMap": {
        "BASE": "White",
        "COMPARE": "Other",
        "Metric": "F1",
        "MetricLabel": "F1 Score",
        "VLABEL": "",
        "_DATAROLE_": "TEST",
        "_VARIABLE_": "Race",
        "maxdiff": "0.586092715232"
      },
      "rowNumber": 62
    },
    {
      "dataMap": {
        "BASE": "Other",
        "COMPARE": "Asian-Pac-Islander",
        "Metric": "GINI",
        "MetricLabel": "Gini Coefficient",
        "VLABEL": "",
        "_DATAROLE_": "TEST",
        "_VARIABLE_": "Race",
        "maxdiff": "0.412416851441"
      },
      "rowNumber": 63
    },
    {
      "dataMap": {
        "BASE": "Asian-Pac-Islander",
        "COMPARE": "Other",
        "Metric": "MISCEVENT",
        "MetricLabel": "Event Misclassification Rate at Cutoff",
        "VLABEL": "",
        "_DATAROLE_": "TEST",
        "_VARIABLE_": "Race",
        "maxdiff": "0.244983277592"
      },
      "rowNumber": 64
    },
    {
      "dataMap": {
        "BASE": "Asian-Pac-Islander",
        "COMPARE": "Other",
        "Metric": "MISCEVENTKS",
        "MetricLabel": "Event Misclassification Rate at Maximum KS",
        "VLABEL": "",
        "_DATAROLE_": "TEST",
        "_VARIABLE_": "Race",
        "maxdiff": "0.186872909699"
      },
      "rowNumber": 65
    },
    {
      "dataMap": {
        "BASE": "Asian-Pac-Islander",
        "COMPARE": "Other",
        "Metric": "MCE",
        "MetricLabel": "Misclassification Rate",
        "VLABEL": "",
        "_DATAROLE_": "TEST",
        "_VARIABLE_": "Race",
        "maxdiff": "0.244983277592"
      },
      "rowNumber": 66
    },
    {
      "dataMap": {
        "BASE": "Asian-Pac-Islander",
        "COMPARE": "Other",
        "Metric": "ASE",
        "MetricLabel": "Average Squared Error",
        "VLABEL": "",
        "_DATAROLE_": "TEST",
        "_VARIABLE_": "Race",
        "maxdiff": "0.142689486829"
      },
      "rowNumber": 67
    },
    {
      "dataMap": {
        "BASE": "Asian-Pac-Islander",
        "COMPARE": "Other",
        "Metric": "RASE",
        "MetricLabel": "Root Average Squared Error",
        "VLABEL": "",
        "_DATAROLE_": "TEST",
        "_VARIABLE_": "Race",
        "maxdiff": "0.227786254211"
      },
      "rowNumber": 68
    },
    {
      "dataMap": {
        "BASE": "Asian-Pac-Islander",
        "COMPARE": "Other",
        "Metric": "MCLL",
        "MetricLabel": "Multiclass Log Loss",
        "VLABEL": "",
        "_DATAROLE_": "TEST",
        "_VARIABLE_": "Race",
        "maxdiff": "0.365246904104"
      },
      "rowNumber": 69
    },
    {
      "dataMap": {
        "BASE": "Other",
        "COMPARE": "Asian-Pac-Islander",
        "Metric": "maxKS",
        "MetricLabel": "Best Kolmogorov-Smirnov along ROC",
        "VLABEL": "",
        "_DATAROLE_": "TEST",
        "_VARIABLE_": "Race",
        "maxdiff": "0.39911308204"
      },
      "rowNumber": 70
    },
    {
      "dataMap": {
        "BASE": "White",
        "COMPARE": "Other",
        "Metric": "cutoffKS",
        "MetricLabel": "Kolmogorov-Smirnov at Cutoff",
        "VLABEL": "",
        "_DATAROLE_": "TEST",
        "_VARIABLE_": "Race",
        "maxdiff": "0.426963624658"
      },
      "rowNumber": 71
    },
    {
      "dataMap": {
        "BASE": "Other",
        "COMPARE": "Asian-Pac-Islander",
        "Metric": "GAIN",
        "MetricLabel": "Gain",
        "VLABEL": "",
        "_DATAROLE_": "TEST",
        "_VARIABLE_": "Race",
        "maxdiff": "7.85714285714"
      },
      "rowNumber": 72
    },
    {
      "dataMap": {
        "BASE": "Other",
        "COMPARE": "Amer-Indian-Eskimo",
        "Metric": "LIFT",
        "MetricLabel": "Lift",
        "VLABEL": "",
        "_DATAROLE_": "TEST",
        "_VARIABLE_": "Race",
        "maxdiff": "8.33333333333"
      },
      "rowNumber": 73
    },
    {
      "dataMap": {
        "BASE": "Other",
        "COMPARE": "Amer-Indian-Eskimo",
        "Metric": "RESP",
        "MetricLabel": "%% Captured Response",
        "VLABEL": "",
        "_DATAROLE_": "TEST",
        "_VARIABLE_": "Race",
        "maxdiff": "41.6666666667"
      },
      "rowNumber": 74
    },
    {
      "dataMap": {
        "BASE": "Other",
        "COMPARE": "Asian-Pac-Islander",
        "Metric": "CUMRESP",
        "MetricLabel": "Cumulative %% Captured Response",
        "VLABEL": "",
        "_DATAROLE_": "TEST",
        "_VARIABLE_": "Race",
        "maxdiff": "78.5714285714"
      },
      "rowNumber": 75
    },
    {
      "dataMap": {
        "BASE": "Other",
        "COMPARE": "Asian-Pac-Islander",
        "Metric": "CUMLIFT",
        "MetricLabel": "Cumulative Lift",
        "VLABEL": "",
        "_DATAROLE_": "TEST",
        "_VARIABLE_": "Race",
        "maxdiff": "7.85714285714"
      },
      "rowNumber": 76
    },
    {
      "dataMap": {
        "BASE": "Asian-Pac-Islander",
        "COMPARE": "Other",
        "Metric": "PREDICTED_EVENT",
        "MetricLabel": "Average Prediction for Event",
        "VLABEL": "",
        "_DATAROLE_": "TEST",
        "_VARIABLE_": "Race",
        "maxdiff": "0.18438508165"
      },
      "rowNumber": 77
    },
    {
      "dataMap": {
        "BASE": "Asian-Pac-Islander",
        "COMPARE": "Other",
        "Metric": "INTO_EVENT",
        "MetricLabel": "Proportion into Event Level",
        "VLABEL": "",
        "_DATAROLE_": "TEST",
        "_VARIABLE_": "Race",
        "maxdiff": "0.288461538462"
      },
      "rowNumber": 78
    },
    {
      "dataMap": {
        "BASE": "Husband",
        "COMPARE": "Other-relative",
        "Metric": "P_GE50K1",
        "MetricLabel": "Average Predicted: GE50K=           1",
        "VLABEL": "",
        "_DATAROLE_": "TEST",
        "_VARIABLE_": "Relationship",
        "maxdiff": "0.407961045564"
      },
      "rowNumber": 79
    },
    {
      "dataMap": {
        "BASE": "Other-relative",
        "COMPARE": "Husband",
        "Metric": "P_GE50K0",
        "MetricLabel": "Average Predicted: GE50K=           0",
        "VLABEL": "",
        "_DATAROLE_": "TEST",
        "_VARIABLE_": "Relationship",
        "maxdiff": "0.407961045564"
      },
      "rowNumber": 80
    },
    {
      "dataMap": {
        "BASE": "Husband",
        "COMPARE": "Other-relative",
        "Metric": "TPR",
        "MetricLabel": "True Positive Rate",
        "VLABEL": "",
        "_DATAROLE_": "TEST",
        "_VARIABLE_": "Relationship",
        "maxdiff": "0.56"
      },
      "rowNumber": 81
    },
    {
      "dataMap": {
        "BASE": "Husband",
        "COMPARE": "Other-relative",
        "Metric": "FPR",
        "MetricLabel": "False Positive Rate",
        "VLABEL": "",
        "_DATAROLE_": "TEST",
        "_VARIABLE_": "Relationship",
        "maxdiff": "0.189655172414"
      },
      "rowNumber": 82
    },
    {
      "dataMap": {
        "BASE": "Other-relative",
        "COMPARE": "Husband",
        "Metric": "TNR",
        "MetricLabel": "True Negative Rate",
        "VLABEL": "",
        "_DATAROLE_": "TEST",
        "_VARIABLE_": "Relationship",
        "maxdiff": "0.189655172414"
      },
      "rowNumber": 83
    },
    {
      "dataMap": {
        "BASE": "Other-relative",
        "COMPARE": "Husband",
        "Metric": "FNR",
        "MetricLabel": "False Negative Rate",
        "VLABEL": "",
        "_DATAROLE_": "TEST",
        "_VARIABLE_": "Relationship",
        "maxdiff": "0.56"
      },
      "rowNumber": 84
    },
    {
      "dataMap": {
        "BASE": "Wife",
        "COMPARE": "Unmarried",
        "Metric": "FDR",
        "MetricLabel": "False Discovery Rate",
        "VLABEL": "",
        "_DATAROLE_": "TEST",
        "_VARIABLE_": "Relationship",
        "maxdiff": "0.318181818182"
      },
      "rowNumber": 85
    },
    {
      "dataMap": {
        "BASE": "Own-child",
        "COMPARE": "Wife",
        "Metric": "ACC",
        "MetricLabel": "Accuracy",
        "VLABEL": "",
        "_DATAROLE_": "TEST",
        "_VARIABLE_": "Relationship",
        "maxdiff": "0.294969583217"
      },
      "rowNumber": 86
    },
    {
      "dataMap": {
        "BASE": "Husband",
        "COMPARE": "Own-child",
        "Metric": "C",
        "MetricLabel": "Area under ROC",
        "VLABEL": "",
        "_DATAROLE_": "TEST",
        "_VARIABLE_": "Relationship",
        "maxdiff": "0.220185197845"
      },
      "rowNumber": 87
    },
    {
      "dataMap": {
        "BASE": "Husband",
        "COMPARE": "Other-relative",
        "Metric": "F1",
        "MetricLabel": "F1 Score",
        "VLABEL": "",
        "_DATAROLE_": "TEST",
        "_VARIABLE_": "Relationship",
        "maxdiff": "0.622798887859"
      },
      "rowNumber": 88
    },
    {
      "dataMap": {
        "BASE": "Husband",
        "COMPARE": "Own-child",
        "Metric": "GINI",
        "MetricLabel": "Gini Coefficient",
        "VLABEL": "",
        "_DATAROLE_": "TEST",
        "_VARIABLE_": "Relationship",
        "maxdiff": "0.44037039569"
      },
      "rowNumber": 89
    },
    {
      "dataMap": {
        "BASE": "Wife",
        "COMPARE": "Own-child",
        "Metric": "MISCEVENT",
        "MetricLabel": "Event Misclassification Rate at Cutoff",
        "VLABEL": "",
        "_DATAROLE_": "TEST",
        "_VARIABLE_": "Relationship",
        "maxdiff": "0.294969583217"
      },
      "rowNumber": 90
    },
    {
      "dataMap": {
        "BASE": "Own-child",
        "COMPARE": "Unmarried",
        "Metric": "MISCEVENTKS",
        "MetricLabel": "Event Misclassification Rate at Maximum KS",
        "VLABEL": "",
        "_DATAROLE_": "TEST",
        "_VARIABLE_": "Relationship",
        "maxdiff": "0.916351469305"
      },
      "rowNumber": 91
    },
    {
      "dataMap": {
        "BASE": "Wife",
        "COMPARE": "Own-child",
        "Metric": "MCE",
        "MetricLabel": "Misclassification Rate",
        "VLABEL": "",
        "_DATAROLE_": "TEST",
        "_VARIABLE_": "Relationship",
        "maxdiff": "0.294969583217"
      },
      "rowNumber": 92
    },
    {
      "dataMap": {
        "BASE": "Wife",
        "COMPARE": "Own-child",
        "Metric": "ASE",
        "MetricLabel": "Average Squared Error",
        "VLABEL": "",
        "_DATAROLE_": "TEST",
        "_VARIABLE_": "Relationship",
        "maxdiff": "0.190880147595"
      },
      "rowNumber": 93
    },
    {
      "dataMap": {
        "BASE": "Wife",
        "COMPARE": "Own-child",
        "Metric": "RASE",
        "MetricLabel": "Root Average Squared Error",
        "VLABEL": "",
        "_DATAROLE_": "TEST",
        "_VARIABLE_": "Relationship",
        "maxdiff": "0.33319215381"
      },
      "rowNumber": 94
    },
    {
      "dataMap": {
        "BASE": "Husband",
        "COMPARE": "Own-child",
        "Metric": "MCLL",
        "MetricLabel": "Multiclass Log Loss",
        "VLABEL": "",
        "_DATAROLE_": "TEST",
        "_VARIABLE_": "Relationship",
        "maxdiff": "0.50253497713"
      },
      "rowNumber": 95
    },
    {
      "dataMap": {
        "BASE": "Husband",
        "COMPARE": "Other-relative",
        "Metric": "maxKS",
        "MetricLabel": "Best Kolmogorov-Smirnov along ROC",
        "VLABEL": "",
        "_DATAROLE_": "TEST",
        "_VARIABLE_": "Relationship",
        "maxdiff": "0.376401414677"
      },
      "rowNumber": 96
    },
    {
      "dataMap": {
        "BASE": "Husband",
        "COMPARE": "Other-relative",
        "Metric": "cutoffKS",
        "MetricLabel": "Kolmogorov-Smirnov at Cutoff",
        "VLABEL": "",
        "_DATAROLE_": "TEST",
        "_VARIABLE_": "Relationship",
        "maxdiff": "0.370344827586"
      },
      "rowNumber": 97
    },
    {
      "dataMap": {
        "BASE": "Not-in-family",
        "COMPARE": "Own-child",
        "Metric": "GAIN",
        "MetricLabel": "Gain",
        "VLABEL": "",
        "_DATAROLE_": "TEST",
        "_VARIABLE_": "Relationship",
        "maxdiff": "1.16535214081"
      },
      "rowNumber": 98
    },
    {
      "dataMap": {
        "BASE": "Wife",
        "COMPARE": "Not-in-family",
        "Metric": "LIFT",
        "MetricLabel": "Lift",
        "VLABEL": "",
        "_DATAROLE_": "TEST",
        "_VARIABLE_": "Relationship",
        "maxdiff": "0.779864174556"
      },
      "rowNumber": 99
    },
    {
      "dataMap": {
        "BASE": "Wife",
        "COMPARE": "Not-in-family",
        "Metric": "RESP",
        "MetricLabel": "%% Captured Response",
        "VLABEL": "",
        "_DATAROLE_": "TEST",
        "_VARIABLE_": "Relationship",
        "maxdiff": "3.89932087278"
      },
      "rowNumber": 100
    },
    {
      "dataMap": {
        "BASE": "Not-in-family",
        "COMPARE": "Own-child",
        "Metric": "CUMRESP",
        "MetricLabel": "Cumulative %% Captured Response",
        "VLABEL": "",
        "_DATAROLE_": "TEST",
        "_VARIABLE_": "Relationship",
        "maxdiff": "11.6535214081"
      },
      "rowNumber": 101
    },
    {
      "dataMap": {
        "BASE": "Not-in-family",
        "COMPARE": "Own-child",
        "Metric": "CUMLIFT",
        "MetricLabel": "Cumulative Lift",
        "VLABEL": "",
        "_DATAROLE_": "TEST",
        "_VARIABLE_": "Relationship",
        "maxdiff": "1.16535214081"
      },
      "rowNumber": 102
    },
    {
      "dataMap": {
        "BASE": "Husband",
        "COMPARE": "Other-relative",
        "Metric": "PREDICTED_EVENT",
        "MetricLabel": "Average Prediction for Event",
        "VLABEL": "",
        "_DATAROLE_": "TEST",
        "_VARIABLE_": "Relationship",
        "maxdiff": "0.407961045564"
      },
      "rowNumber": 103
    },
    {
      "dataMap": {
        "BASE": "Husband",
        "COMPARE": "Other-relative",
        "Metric": "INTO_EVENT",
        "MetricLabel": "Proportion into Event Level",
        "VLABEL": "",
        "_DATAROLE_": "TEST",
        "_VARIABLE_": "Relationship",
        "maxdiff": "0.35376661743"
      },
      "rowNumber": 104
    },
    {
      "dataMap": {
        "BASE": "Male",
        "COMPARE": "Female",
        "Metric": "P_GE50K1",
        "MetricLabel": "Average Predicted: GE50K=           1",
        "VLABEL": "",
        "_DATAROLE_": "TEST",
        "_VARIABLE_": "Sex",
        "maxdiff": "0.197213907415"
      },
      "rowNumber": 105
    },
    {
      "dataMap": {
        "BASE": "Female",
        "COMPARE": "Male",
        "Metric": "P_GE50K0",
        "MetricLabel": "Average Predicted: GE50K=           0",
        "VLABEL": "",
        "_DATAROLE_": "TEST",
        "_VARIABLE_": "Sex",
        "maxdiff": "0.197213907415"
      },
      "rowNumber": 106
    },
    {
      "dataMap": {
        "BASE": "Male",
        "COMPARE": "Female",
        "Metric": "TPR",
        "MetricLabel": "True Positive Rate",
        "VLABEL": "",
        "_DATAROLE_": "TEST",
        "_VARIABLE_": "Sex",
        "maxdiff": "0.197916666667"
      },
      "rowNumber": 107
    },
    {
      "dataMap": {
        "BASE": "Male",
        "COMPARE": "Female",
        "Metric": "FPR",
        "MetricLabel": "False Positive Rate",
        "VLABEL": "",
        "_DATAROLE_": "TEST",
        "_VARIABLE_": "Sex",
        "maxdiff": "0.0779461354157"
      },
      "rowNumber": 108
    },
    {
      "dataMap": {
        "BASE": "Female",
        "COMPARE": "Male",
        "Metric": "TNR",
        "MetricLabel": "True Negative Rate",
        "VLABEL": "",
        "_DATAROLE_": "TEST",
        "_VARIABLE_": "Sex",
        "maxdiff": "0.0779461354157"
      },
      "rowNumber": 109
    },
    {
      "dataMap": {
        "BASE": "Female",
        "COMPARE": "Male",
        "Metric": "FNR",
        "MetricLabel": "False Negative Rate",
        "VLABEL": "",
        "_DATAROLE_": "TEST",
        "_VARIABLE_": "Sex",
        "maxdiff": "0.197916666667"
      },
      "rowNumber": 110
    },
    {
      "dataMap": {
        "BASE": "Female",
        "COMPARE": "Male",
        "Metric": "FDR",
        "MetricLabel": "False Discovery Rate",
        "VLABEL": "",
        "_DATAROLE_": "TEST",
        "_VARIABLE_": "Sex",
        "maxdiff": "0.0165943426551"
      },
      "rowNumber": 111
    },
    {
      "dataMap": {
        "BASE": "Female",
        "COMPARE": "Male",
        "Metric": "ACC",
        "MetricLabel": "Accuracy",
        "VLABEL": "",
        "_DATAROLE_": "TEST",
        "_VARIABLE_": "Sex",
        "maxdiff": "0.127386363636"
      },
      "rowNumber": 112
    },
    {
      "dataMap": {
        "BASE": "Male",
        "COMPARE": "Female",
        "Metric": "C",
        "MetricLabel": "Area under ROC",
        "VLABEL": "",
        "_DATAROLE_": "TEST",
        "_VARIABLE_": "Sex",
        "maxdiff": "0.0278440954483"
      },
      "rowNumber": 113
    },
    {
      "dataMap": {
        "BASE": "Male",
        "COMPARE": "Female",
        "Metric": "F1",
        "MetricLabel": "F1 Score",
        "VLABEL": "",
        "_DATAROLE_": "TEST",
        "_VARIABLE_": "Sex",
        "maxdiff": "0.161931457584"
      },
      "rowNumber": 114
    },
    {
      "dataMap": {
        "BASE": "Male",
        "COMPARE": "Female",
        "Metric": "GINI",
        "MetricLabel": "Gini Coefficient",
        "VLABEL": "",
        "_DATAROLE_": "TEST",
        "_VARIABLE_": "Sex",
        "maxdiff": "0.0556881908966"
      },
      "rowNumber": 115
    },
    {
      "dataMap": {
        "BASE": "Male",
        "COMPARE": "Female",
        "Metric": "MISCEVENT",
        "MetricLabel": "Event Misclassification Rate at Cutoff",
        "VLABEL": "",
        "_DATAROLE_": "TEST",
        "_VARIABLE_": "Sex",
        "maxdiff": "0.127386363636"
      },
      "rowNumber": 116
    },
    {
      "dataMap": {
        "BASE": "Male",
        "COMPARE": "Female",
        "Metric": "MISCEVENTKS",
        "MetricLabel": "Event Misclassification Rate at Maximum KS",
        "VLABEL": "",
        "_DATAROLE_": "TEST",
        "_VARIABLE_": "Sex",
        "maxdiff": "0.198446969697"
      },
      "rowNumber": 117
    },
    {
      "dataMap": {
        "BASE": "Male",
        "COMPARE": "Female",
        "Metric": "MCE",
        "MetricLabel": "Misclassification Rate",
        "VLABEL": "",
        "_DATAROLE_": "TEST",
        "_VARIABLE_": "Sex",
        "maxdiff": "0.127386363636"
      },
      "rowNumber": 118
    },
    {
      "dataMap": {
        "BASE": "Male",
        "COMPARE": "Female",
        "Metric": "ASE",
        "MetricLabel": "Average Squared Error",
        "VLABEL": "",
        "_DATAROLE_": "TEST",
        "_VARIABLE_": "Sex",
        "maxdiff": "0.0836433530129"
      },
      "rowNumber": 119
    },
    {
      "dataMap": {
        "BASE": "Male",
        "COMPARE": "Female",
        "Metric": "RASE",
        "MetricLabel": "Root Average Squared Error",
        "VLABEL": "",
        "_DATAROLE_": "TEST",
        "_VARIABLE_": "Sex",
        "maxdiff": "0.127063593476"
      },
      "rowNumber": 120
    },
    {
      "dataMap": {
        "BASE": "Male",
        "COMPARE": "Female",
        "Metric": "MCLL",
        "MetricLabel": "Multiclass Log Loss",
        "VLABEL": "",
        "_DATAROLE_": "TEST",
        "_VARIABLE_": "Sex",
        "maxdiff": "0.218391902999"
      },
      "rowNumber": 121
    },
    {
      "dataMap": {
        "BASE": "Female",
        "COMPARE": "Male",
        "Metric": "maxKS",
        "MetricLabel": "Best Kolmogorov-Smirnov along ROC",
        "VLABEL": "",
        "_DATAROLE_": "TEST",
        "_VARIABLE_": "Sex",
        "maxdiff": "0.0619018039375"
      },
      "rowNumber": 122
    },
    {
      "dataMap": {
        "BASE": "Male",
        "COMPARE": "Female",
        "Metric": "cutoffKS",
        "MetricLabel": "Kolmogorov-Smirnov at Cutoff",
        "VLABEL": "",
        "_DATAROLE_": "TEST",
        "_VARIABLE_": "Sex",
        "maxdiff": "0.119970531251"
      },
      "rowNumber": 123
    },
    {
      "dataMap": {
        "BASE": "Female",
        "COMPARE": "Male",
        "Metric": "GAIN",
        "MetricLabel": "Gain",
        "VLABEL": "",
        "_DATAROLE_": "TEST",
        "_VARIABLE_": "Sex",
        "maxdiff": "2.60127556546"
      },
      "rowNumber": 124
    },
    {
      "dataMap": {
        "BASE": "Female",
        "COMPARE": "Male",
        "Metric": "LIFT",
        "MetricLabel": "Lift",
        "VLABEL": "",
        "_DATAROLE_": "TEST",
        "_VARIABLE_": "Sex",
        "maxdiff": "1.3371778211"
      },
      "rowNumber": 125
    },
    {
      "dataMap": {
        "BASE": "Female",
        "COMPARE": "Male",
        "Metric": "RESP",
        "MetricLabel": "%% Captured Response",
        "VLABEL": "",
        "_DATAROLE_": "TEST",
        "_VARIABLE_": "Sex",
        "maxdiff": "6.68588910548"
      },
      "rowNumber": 126
    },
    {
      "dataMap": {
        "BASE": "Female",
        "COMPARE": "Male",
        "Metric": "CUMRESP",
        "MetricLabel": "Cumulative %% Captured Response",
        "VLABEL": "",
        "_DATAROLE_": "TEST",
        "_VARIABLE_": "Sex",
        "maxdiff": "26.0127556546"
      },
      "rowNumber": 127
    },
    {
      "dataMap": {
        "BASE": "Female",
        "COMPARE": "Male",
        "Metric": "CUMLIFT",
        "MetricLabel": "Cumulative Lift",
        "VLABEL": "",
        "_DATAROLE_": "TEST",
        "_VARIABLE_": "Sex",
        "maxdiff": "2.60127556546"
      },
      "rowNumber": 128
    },
    {
      "dataMap": {
        "BASE": "Male",
        "COMPARE": "Female",
        "Metric": "PREDICTED_EVENT",
        "MetricLabel": "Average Prediction for Event",
        "VLABEL": "",
        "_DATAROLE_": "TEST",
        "_VARIABLE_": "Sex",
        "maxdiff": "0.197213907415"
      },
      "rowNumber": 129
    },
    {
      "dataMap": {
        "BASE": "Male",
        "COMPARE": "Female",
        "Metric": "INTO_EVENT",
        "MetricLabel": "Proportion into Event Level",
        "VLABEL": "",
        "_DATAROLE_": "TEST",
        "_VARIABLE_": "Sex",
        "maxdiff": "0.173522727273"
      },
      "rowNumber": 130
    },
    {
      "dataMap": {
        "BASE": "Self-emp-inc",
        "COMPARE": "Without-pay",
        "Metric": "P_GE50K1",
        "MetricLabel": "Average Predicted: GE50K=           1",
        "VLABEL": "",
        "_DATAROLE_": "TEST",
        "_VARIABLE_": "WorkClass",
        "maxdiff": "0.514851910119"
      },
      "rowNumber": 131
    },
    {
      "dataMap": {
        "BASE": "Without-pay",
        "COMPARE": "Self-emp-inc",
        "Metric": "P_GE50K0",
        "MetricLabel": "Average Predicted: GE50K=           0",
        "VLABEL": "",
        "_DATAROLE_": "TEST",
        "_VARIABLE_": "WorkClass",
        "maxdiff": "0.514851910119"
      },
      "rowNumber": 132
    },
    {
      "dataMap": {
        "BASE": "Self-emp-inc",
        "COMPARE": "Local-gov",
        "Metric": "TPR",
        "MetricLabel": "True Positive Rate",
        "VLABEL": "",
        "_DATAROLE_": "TEST",
        "_VARIABLE_": "WorkClass",
        "maxdiff": "0.515986394558"
      },
      "rowNumber": 133
    },
    {
      "dataMap": {
        "BASE": "Self-emp-inc",
        "COMPARE": "Without-pay",
        "Metric": "FPR",
        "MetricLabel": "False Positive Rate",
        "VLABEL": "",
        "_DATAROLE_": "TEST",
        "_VARIABLE_": "WorkClass",
        "maxdiff": "0.529411764706"
      },
      "rowNumber": 134
    },
    {
      "dataMap": {
        "BASE": "Without-pay",
        "COMPARE": "Self-emp-inc",
        "Metric": "TNR",
        "MetricLabel": "True Negative Rate",
        "VLABEL": "",
        "_DATAROLE_": "TEST",
        "_VARIABLE_": "WorkClass",
        "maxdiff": "0.529411764706"
      },
      "rowNumber": 135
    },
    {
      "dataMap": {
        "BASE": "Local-gov",
        "COMPARE": "Self-emp-inc",
        "Metric": "FNR",
        "MetricLabel": "False Negative Rate",
        "VLABEL": "",
        "_DATAROLE_": "TEST",
        "_VARIABLE_": "WorkClass",
        "maxdiff": "0.515986394558"
      },
      "rowNumber": 136
    },
    {
      "dataMap": {
        "BASE": "",
        "COMPARE": "Private",
        "Metric": "FDR",
        "MetricLabel": "False Discovery Rate",
        "VLABEL": "",
        "_DATAROLE_": "TEST",
        "_VARIABLE_": "WorkClass",
        "maxdiff": "0.296436854312"
      },
      "rowNumber": 137
    },
    {
      "dataMap": {
        "BASE": "Without-pay",
        "COMPARE": "Self-emp-inc",
        "Metric": "ACC",
        "MetricLabel": "Accuracy",
        "VLABEL": "",
        "_DATAROLE_": "TEST",
        "_VARIABLE_": "WorkClass",
        "maxdiff": "0.306306306306"
      },
      "rowNumber": 138
    },
    {
      "dataMap": {
        "BASE": "State-gov",
        "COMPARE": "Self-emp-inc",
        "Metric": "C",
        "MetricLabel": "Area under ROC",
        "VLABEL": "",
        "_DATAROLE_": "TEST",
        "_VARIABLE_": "WorkClass",
        "maxdiff": "0.127038861522"
      },
      "rowNumber": 139
    },
    {
      "dataMap": {
        "BASE": "Self-emp-inc",
        "COMPARE": "Local-gov",
        "Metric": "F1",
        "MetricLabel": "F1 Score",
        "VLABEL": "",
        "_DATAROLE_": "TEST",
        "_VARIABLE_": "WorkClass",
        "maxdiff": "0.318118466899"
      },
      "rowNumber": 140
    },
    {
      "dataMap": {
        "BASE": "State-gov",
        "COMPARE": "Self-emp-inc",
        "Metric": "GINI",
        "MetricLabel": "Gini Coefficient",
        "VLABEL": "",
        "_DATAROLE_": "TEST",
        "_VARIABLE_": "WorkClass",
        "maxdiff": "0.254077723043"
      },
      "rowNumber": 141
    },
    {
      "dataMap": {
        "BASE": "Self-emp-inc",
        "COMPARE": "Without-pay",
        "Metric": "MISCEVENT",
        "MetricLabel": "Event Misclassification Rate at Cutoff",
        "VLABEL": "",
        "_DATAROLE_": "TEST",
        "_VARIABLE_": "WorkClass",
        "maxdiff": "0.306306306306"
      },
      "rowNumber": 142
    },
    {
      "dataMap": {
        "BASE": "Without-pay",
        "COMPARE": "State-gov",
        "Metric": "MISCEVENTKS",
        "MetricLabel": "Event Misclassification Rate at Maximum KS",
        "VLABEL": "",
        "_DATAROLE_": "TEST",
        "_VARIABLE_": "WorkClass",
        "maxdiff": "0.803278688525"
      },
      "rowNumber": 143
    },
    {
      "dataMap": {
        "BASE": "Self-emp-inc",
        "COMPARE": "Without-pay",
        "Metric": "MCE",
        "MetricLabel": "Misclassification Rate",
        "VLABEL": "",
        "_DATAROLE_": "TEST",
        "_VARIABLE_": "WorkClass",
        "maxdiff": "0.306306306306"
      },
      "rowNumber": 144
    },
    {
      "dataMap": {
        "BASE": "Self-emp-inc",
        "COMPARE": "Without-pay",
        "Metric": "ASE",
        "MetricLabel": "Average Squared Error",
        "VLABEL": "",
        "_DATAROLE_": "TEST",
        "_VARIABLE_": "WorkClass",
        "maxdiff": "0.20485565396"
      },
      "rowNumber": 145
    },
    {
      "dataMap": {
        "BASE": "Self-emp-inc",
        "COMPARE": "Without-pay",
        "Metric": "RASE",
        "MetricLabel": "Root Average Squared Error",
        "VLABEL": "",
        "_DATAROLE_": "TEST",
        "_VARIABLE_": "WorkClass",
        "maxdiff": "0.452609825302"
      },
      "rowNumber": 146
    },
    {
      "dataMap": {
        "BASE": "Self-emp-inc",
        "COMPARE": "Without-pay",
        "Metric": "MCLL",
        "MetricLabel": "Multiclass Log Loss",
        "VLABEL": "",
        "_DATAROLE_": "TEST",
        "_VARIABLE_": "WorkClass",
        "maxdiff": "0.602430766724"
      },
      "rowNumber": 147
    },
    {
      "dataMap": {
        "BASE": "State-gov",
        "COMPARE": "Self-emp-not-inc",
        "Metric": "maxKS",
        "MetricLabel": "Best Kolmogorov-Smirnov along ROC",
        "VLABEL": "",
        "_DATAROLE_": "TEST",
        "_VARIABLE_": "WorkClass",
        "maxdiff": "0.313822646778"
      },
      "rowNumber": 148
    },
    {
      "dataMap": {
        "BASE": "State-gov",
        "COMPARE": "Local-gov",
        "Metric": "cutoffKS",
        "MetricLabel": "Kolmogorov-Smirnov at Cutoff",
        "VLABEL": "",
        "_DATAROLE_": "TEST",
        "_VARIABLE_": "WorkClass",
        "maxdiff": "0.338379225498"
      },
      "rowNumber": 149
    },
    {
      "dataMap": {
        "BASE": "",
        "COMPARE": "Without-pay",
        "Metric": "GAIN",
        "MetricLabel": "Gain",
        "VLABEL": "",
        "_DATAROLE_": "TEST",
        "_VARIABLE_": "WorkClass",
        "maxdiff": "3.84848484848"
      },
      "rowNumber": 150
    },
    {
      "dataMap": {
        "BASE": "",
        "COMPARE": "Without-pay",
        "Metric": "LIFT",
        "MetricLabel": "Lift",
        "VLABEL": "",
        "_DATAROLE_": "TEST",
        "_VARIABLE_": "WorkClass",
        "maxdiff": "5.09170653907"
      },
      "rowNumber": 151
    },
    {
      "dataMap": {
        "BASE": "",
        "COMPARE": "Without-pay",
        "Metric": "RESP",
        "MetricLabel": "%% Captured Response",
        "VLABEL": "",
        "_DATAROLE_": "TEST",
        "_VARIABLE_": "WorkClass",
        "maxdiff": "25.4585326954"
      },
      "rowNumber": 152
    },
    {
      "dataMap": {
        "BASE": "",
        "COMPARE": "Without-pay",
        "Metric": "CUMRESP",
        "MetricLabel": "Cumulative %% Captured Response",
        "VLABEL": "",
        "_DATAROLE_": "TEST",
        "_VARIABLE_": "WorkClass",
        "maxdiff": "48.4848484848"
      },
      "rowNumber": 153
    },
    {
      "dataMap": {
        "BASE": "",
        "COMPARE": "Without-pay",
        "Metric": "CUMLIFT",
        "MetricLabel": "Cumulative Lift",
        "VLABEL": "",
        "_DATAROLE_": "TEST",
        "_VARIABLE_": "WorkClass",
        "maxdiff": "4.84848484848"
      },
      "rowNumber": 154
    },
    {
      "dataMap": {
        "BASE": "Self-emp-inc",
        "COMPARE": "Without-pay",
        "Metric": "PREDICTED_EVENT",
        "MetricLabel": "Average Prediction for Event",
        "VLABEL": "",
        "_DATAROLE_": "TEST",
        "_VARIABLE_": "WorkClass",
        "maxdiff": "0.514851910119"
      },
      "rowNumber": 155
    },
    {
      "dataMap": {
        "BASE": "Self-emp-inc",
        "COMPARE": "Without-pay",
        "Metric": "INTO_EVENT",
        "MetricLabel": "Proportion into Event Level",
        "VLABEL": "",
        "_DATAROLE_": "TEST",
        "_VARIABLE_": "WorkClass",
        "maxdiff": "0.720720720721"
      },
      "rowNumber": 156
    }
  ],
  "xInteger": false,
  "yInteger": false
}