{
  "creationTimeStamp": "0001-01-01T00:00:00Z",
  "modifiedTimeStamp": "0001-01-01T00:00:00Z",
  "revision": 0,
  "name": "varimportance",
  "version": 0,
  "order": 0,
  "parameterMap": {
    "Count": {
      "label": "Count",
      "length": 8,
      "order": 4,
      "parameter": "Count",
      "preformatted": false,
      "type": "num",
      "values": [
        "Count"
      ]
    },
    "LABEL": {
      "label": "Variable Label",
      "length": 256,
      "order": 1,
      "parameter": "LABEL",
      "preformatted": false,
      "type": "char",
      "values": [
        "LABEL"
      ]
    },
    "ROLE": {
      "label": "Role",
      "length": 32,
      "order": 2,
      "parameter": "ROLE",
      "preformatted": false,
      "type": "char",
      "values": [
        "ROLE"
      ]
    },
    "RelativeImportance": {
      "label": "Relative Importance",
      "length": 8,
      "order": 6,
      "parameter": "RelativeImportance",
      "preformatted": false,
      "type": "num",
      "values": [
        "RelativeImportance"
      ]
    },
    "VImportance": {
      "label": "Validation Importance",
      "length": 8,
      "order": 5,
      "parameter": "VImportance",
      "preformatted": false,
      "type": "num",
      "values": [
        "VImportance"
      ]
    },
    "Variable": {
      "label": "Variable Name",
      "length": 13,
      "order": 3,
      "parameter": "Variable",
      "preformatted": false,
      "type": "char",
      "values": [
        "Variable"
      ]
    }
  },
  "data": [
    {
      "dataMap": {
        "Count": "2",
        "LABEL": "",
        "ROLE": "INPUT",
        "RelativeImportance": "1",
        "VImportance": "712.527827737",
        "Variable": "Relationship"
      },
      "rowNumber": 1
    },
    {
      "dataMap": {
        "Count": "2",
        "LABEL": "",
        "ROLE": "INPUT",
        "RelativeImportance": "0.457602176509",
        "VImportance": "326.054284795",
        "Variable": "Education"
      },
      "rowNumber": 2
    },
    {
      "dataMap": {
        "Count": "7",
        "LABEL": "",
        "ROLE": "INPUT",
        "RelativeImportance": "0.0460597635242",
        "VImportance": "32.8188632499",
        "Variable": "Age"
      },
      "rowNumber": 3
    },
    {
      "dataMap": {
        "Count": "3",
        "LABEL": "",
        "ROLE": "INPUT",
        "RelativeImportance": "0.0305279002062",
        "VImportance": "21.7519784193",
        "Variable": "Occupation"
      },
      "rowNumber": 4
    },
    {
      "dataMap": {
        "Count": "3",
        "LABEL": "",
        "ROLE": "INPUT",
        "RelativeImportance": "0.0209939289329",
        "VImportance": "14.9587585782",
        "Variable": "WorkClass"
      },
      "rowNumber": 5
    },
    {
      "dataMap": {
        "Count": "4",
        "LABEL": "",
        "ROLE": "INPUT",
        "RelativeImportance": "0.0133990585178",
        "VImportance": "9.54720205939",
        "Variable": "HoursPerWeek"
      },
      "rowNumber": 6
    },
    {
      "dataMap": {
        "Count": "1",
        "LABEL": "",
        "ROLE": "INPUT",
        "RelativeImportance": "0.00379913128973",
        "VImportance": "2.70698676516",
        "Variable": "MartialStatus"
      },
      "rowNumber": 7
    },
    {
      "dataMap": {
        "Count": "1",
        "LABEL": "",
        "ROLE": "INPUT",
        "RelativeImportance": "-0.0000516974335159",
        "VImportance": "-0.0368358600027",
        "Variable": "Sex"
      },
      "rowNumber": 8
    }
  ],
  "xInteger": false,
  "yInteger": false
}